HIP,HR,Name,RAh,Dec,Vmag,B-V,SourceCatalog,SourceId,TYC
50336,,,10.278289,25.370698,6.000,1.206,hip2,HIP50336,
74901,,,15.307259,-0.461237,6.001,1.507,hip2,HIP74901,
64246,,,13.167575,38.498872,6.001,0.294,hip2,HIP64246,
83896,,,17.146540,-30.403569,6.001,0.276,hip2,HIP83896,
8588,,,1.847782,11.043446,6.001,0.302,hip2,HIP8588,
82621,,,16.890349,-20.415489,6.001,0.685,hip2,HIP82621,
41117,,,8.389409,18.332279,6.002,0.175,hip2,HIP41117,
78747,,,16.076920,-37.862669,6.002,0.409,hip2,HIP78747,
83491,,,17.064132,-38.152487,6.002,0.409,hip2,HIP83491,
26762,,,5.684886,0.337686,6.002,0.311,hip2,HIP26762,
64623,,,13.245379,-48.956805,6.002,1.061,hip2,HIP64623,
111810,,,22.647949,19.522492,6.002,0.922,hip2,HIP111810,
32438,,,6.770608,59.441686,6.002,0.099,tyc2,TYC3778-01985-2,3778-01985-2
64587,,,13.238155,-78.447445,6.002,1.040,hip2,HIP64587,
79797,,,16.284856,-67.941080,6.002,0.159,hip2,HIP79797,
113174,,,22.917384,37.076805,6.002,0.397,hip2,HIP113174,
37823,,,7.755014,-43.752559,6.003,-0.069,hip2,HIP37823,
4903,,,1.048410,41.345199,6.003,0.161,hip2,HIP4903,
9001,,,1.931798,37.277801,6.003,1.599,hip2,HIP9001,
37345,,,7.666109,-37.579413,6.003,-0.040,hip2,HIP37345,
89156,,,18.195864,33.447028,6.003,0.045,hip2,HIP89156,
34182,,,7.088436,22.637481,6.004,-0.027,hip2,HIP34182,
9859,,,2.113673,25.704589,6.004,-0.030,hip2,HIP9859,
108626,,,22.006729,-55.883452,6.004,-0.061,hip2,HIP108626,
32938,,,6.861792,-36.230126,6.005,0.183,hip2,HIP32938,
11840,,,2.547961,34.542457,6.005,1.083,hip2,HIP11840,
51213,,,10.460829,9.762411,6.005,-0.043,hip2,HIP51213,
25007,,,5.354683,-34.345066,6.005,-0.176,hip2,HIP25007,
113622,,,23.011916,3.012008,6.005,1.343,hip2,HIP113622,
14110,,,3.032248,-9.961393,6.005,1.092,hip2,HIP14110,
44213,,,9.006184,-43.173992,6.005,-0.154,hip2,HIP44213,
89637,,,18.293403,-34.107235,6.005,-0.096,hip2,HIP89637,
24203,,,5.195931,1.037055,6.006,0.662,hip2,HIP24203,
34017,,,7.058461,29.337081,6.006,0.551,tyc2,TYC1907-00321-1,1907-00321-1
53423,,,10.928427,0.736930,6.006,0.425,hip2,HIP53423,
23643,,,5.081813,-3.039673,6.006,-0.117,hip2,HIP23643,
52863,,,10.811269,-1.958915,6.006,1.608,hip2,HIP52863,
20341,,,4.357514,-0.097867,6.007,1.320,hip2,HIP20341,
74539,,,15.231478,-26.193559,6.007,1.139,hip2,HIP74539,
108195,,,21.919816,-61.886388,6.007,0.393,hip2,HIP108195,
15357,,,3.300692,-28.797036,6.007,0.337,hip2,HIP15357,
17007,,,3.646572,-27.943117,6.007,-0.027,hip2,HIP17007,
7601,,,1.631939,-82.975289,6.007,0.620,hip2,HIP7601,
82672,,,16.900112,-57.909209,6.007,1.592,hip2,HIP82672,
840,,,0.171903,-5.248517,6.007,0.973,hip2,HIP840,
6226,,,1.330081,-0.508995,6.007,0.635,hip2,HIP6226,
83693,,,17.105610,-37.227531,6.008,0.076,hip2,HIP83693,
96198,,,19.561557,49.262346,6.008,1.545,hip2,HIP96198,
45386,,,9.249213,-37.602366,6.008,0.827,hip2,HIP45386,
117722,,,23.875013,-14.251207,6.008,1.252,hip2,HIP117722,
105269,,,21.322828,38.237482,6.008,0.505,hip2,HIP105269,
9353,,,2.002507,3.097635,6.009,0.610,hip2,HIP9353,
114430,,,23.174268,43.544737,6.009,0.450,hip2,HIP114430,
74716,,,15.269574,-43.484978,6.009,-0.128,hip2,HIP74716,
90915,,,18.546152,23.616776,6.009,1.490,hip2,HIP90915,
50993,,,10.416528,-58.576318,6.010,0.315,hip2,HIP50993,
64390,,,13.197606,-69.942020,6.010,0.415,hip2,HIP64390,
49164,,,10.033362,-60.420900,6.011,0.263,hip2,HIP49164,
41578,,,8.477041,14.210854,6.011,0.201,hip2,HIP41578,
117503,,,23.828044,36.425397,6.011,0.806,hip2,HIP117503,
31876,,,6.663257,12.982802,6.011,0.063,hip2,HIP31876,
90485,,,18.463746,-29.816902,6.011,0.517,hip2,HIP90485,
9220,,,1.975894,61.697816,6.011,-0.042,hip2,HIP9220,
87472,,,17.872155,-34.416830,6.011,1.129,hip2,HIP87472,
34002,,,7.054980,9.138347,6.011,0.126,hip2,HIP34002,
84631,,,17.301370,17.317913,6.011,0.015,hip2,HIP84631,
48414,,,9.870075,2.453899,6.011,-0.040,hip2,HIP48414,
3521,,,0.749201,-42.676325,6.012,0.297,hip2,HIP3521,
6564,,,1.405690,-6.914669,6.012,0.407,hip2,HIP6564,
90052,,,18.376476,12.029644,6.013,0.056,hip2,HIP90052,
95188,,,19.364120,-18.308162,6.013,1.062,hip2,HIP95188,
87390,,,17.859048,-40.772328,6.013,1.572,hip2,HIP87390,
63033,,,12.916307,-44.151407,6.013,0.633,hip2,HIP63033,
52948,,,10.828745,-9.852629,6.013,1.074,hip2,HIP52948,
81729,,,16.693527,26.916989,6.013,0.402,hip2,HIP81729,
92243,,,18.799270,31.756845,6.013,-0.139,hip2,HIP92243,
96387,,,19.596750,36.944543,6.013,-0.080,hip2,HIP96387,
95352,,,19.399025,43.388237,6.014,0.924,hip2,HIP95352,
107302,,,21.733605,-14.749395,6.014,0.219,hip2,HIP107302,
65323,,,13.388585,-4.924388,6.014,1.431,hip2,HIP65323,
25887,,,5.526663,-45.925405,6.014,1.349,hip2,HIP25887,
68498,,,14.022336,8.894909,6.014,0.089,hip2,HIP68498,
76509,,,15.625567,54.508783,6.014,1.098,hip2,HIP76509,
24019,,,5.162515,28.030608,6.014,0.311,hip2,HIP24019,
20493,,,4.392321,20.982130,6.014,0.029,hip2,HIP20493,
32504,,,6.783748,-21.015417,6.015,-0.159,hip2,HIP32504,
41328,,,8.432110,-14.929755,6.015,0.167,hip2,HIP41328,
49893,,,10.186887,37.401971,6.015,1.282,hip2,HIP49893,
46736,,,9.525815,-35.714329,6.016,1.287,hip2,HIP46736,
103545,,,20.978298,-14.483080,6.016,0.244,hip2,HIP103545,
873,,,0.178540,-12.579804,6.016,1.000,hip2,HIP873,
21247,,,4.558506,72.528826,6.016,0.306,hip2,HIP21247,
85049,,,17.382008,-58.010289,6.016,1.075,hip2,HIP85049,
107374,,,21.748134,62.460574,6.016,0.312,hip2,HIP107374,
9564,,,2.047915,64.901494,6.016,0.029,hip2,HIP9564,
117500,,,23.827598,28.842328,6.016,0.187,hip2,HIP117500,
76424,,,15.608110,16.119098,6.016,0.354,hip2,HIP76424,
84226,,,17.216266,-32.438327,6.016,0.071,hip2,HIP84226,
107140,,,21.702321,45.765746,6.016,1.415,hip2,HIP107140,
48734,,,9.940563,8.933108,6.016,1.129,hip2,HIP48734,
40341,,,8.236400,-32.140728,6.017,-0.159,hip2,HIP40341,
12686,,,2.716519,53.526182,6.017,1.125,hip2,HIP12686,
79357,,,16.196557,42.374509,6.017,1.464,hip2,HIP79357,
48835,,,9.961835,-48.414070,6.017,-0.127,hip2,HIP48835,
43620,,,8.884390,-56.649574,6.017,-0.023,hip2,HIP43620,
44406,,,9.045784,7.298263,6.017,1.100,hip2,HIP44406,
70894,,,14.497364,0.828912,6.017,0.159,hip2,HIP70894,
3604,,,0.769666,44.861508,6.018,-0.063,hip2,HIP3604,
100062,,,20.300382,-21.809900,6.018,1.002,hip2,HIP100062,
31039,,,6.513095,58.163457,6.018,0.934,hip2,HIP31039,
3170,,,0.673516,-59.455681,6.019,0.564,hip2,HIP3170,
30972,,,6.500828,46.685536,6.019,1.448,hip2,HIP30972,
114641,,,23.224030,11.065016,6.019,1.003,hip2,HIP114641,
46618,,,9.506261,-15.577193,6.019,1.193,hip2,HIP46618,
12181,,,2.615855,38.733983,6.019,0.501,hip2,HIP12181,
89115,,,18.187712,-75.890794,6.019,1.253,hip2,HIP89115,
27421,,,5.806212,20.869524,6.019,-0.051,hip2,HIP27421,
84709,,,17.315656,-34.989574,6.019,1.082,hip2,HIP84709,
7447,,,1.598518,17.433790,6.020,0.259,hip2,HIP7447,
28790,,,6.077824,-45.079549,6.020,0.493,hip2,HIP28790,
37248,,,7.650093,-53.273380,6.021,-0.118,hip2,HIP37248,
39659,,,8.105111,22.635512,6.021,1.652,hip2,HIP39659,
14086,,,3.027070,-28.090482,6.021,0.794,hip2,HIP14086,
36156,,,7.448980,20.257582,6.021,0.336,hip2,HIP36156,
82806,,,16.923522,-63.269626,6.021,0.059,hip2,HIP82806,
11548,,,2.480150,29.931584,6.021,0.591,hip2,HIP11548,
62360,,,12.779506,-33.315414,6.021,1.326,hip2,HIP62360,
13339,,,2.861598,46.842002,6.021,0.903,hip2,HIP13339,
43370,,,8.833956,-29.463010,6.021,0.948,hip2,HIP43370,
16989,,,3.641460,-7.391710,6.022,0.980,hip2,HIP16989,
61720,,,12.650968,-30.422350,6.022,1.207,hip2,HIP61720,
74696,,,15.264906,-48.073641,6.022,0.210,hip2,HIP74696,
98526,,,20.016381,8.557769,6.022,1.529,hip2,HIP98526,
16599,,,3.560862,54.974861,6.022,0.114,hip2,HIP16599,
100738,,,20.424117,-28.663280,6.023,1.101,hip2,HIP100738,
86266,,,17.626723,-15.571036,6.023,0.357,hip2,HIP86266,
77442,,,15.809560,28.156777,6.023,0.608,hip2,HIP77442,
5661,,,1.212602,-37.856404,6.023,0.281,hip2,HIP5661,
37031,,,7.609658,5.862104,6.023,0.602,hip2,HIP37031,
64320,,,13.182907,-52.566853,6.024,-0.079,hip2,HIP64320,
31159,,,6.538674,4.855995,6.024,0.997,hip2,HIP31159,
48893,,,9.973031,72.879598,6.024,1.155,hip2,HIP48893,
61420,,,12.585598,21.881431,6.024,1.242,hip2,HIP61420,
107173,,,21.709152,10.824344,6.024,-0.115,hip2,HIP107173,
16339,,,3.510250,-47.375174,6.025,0.116,hip2,HIP16339,
23475,,,5.045936,-4.210126,6.025,1.212,hip2,HIP23475,
4962,,,1.060280,61.074830,6.025,0.512,hip2,HIP4962,
3750,,,0.802465,72.674458,6.025,1.010,hip2,HIP3750,
65545,,,13.436522,-1.192484,6.025,0.183,hip2,HIP65545,
62983,,,12.905206,-11.648596,6.026,0.068,hip2,HIP62983,
92098,,,18.770280,41.441811,6.026,-0.120,hip2,HIP92098,
60308,,,12.365955,-56.374384,6.027,1.533,hip2,HIP60308,
35509,,,7.329892,7.143091,6.027,0.537,hip2,HIP35509,
42172,,,8.597515,6.620538,6.027,0.530,hip2,HIP42172,
6631,,,1.418132,-64.369436,6.027,1.561,hip2,HIP6631,
105412,,,21.351202,-4.560152,6.027,0.912,hip2,HIP105412,
29728,,,6.261160,6.066208,6.028,-0.124,hip2,HIP29728,
29711,,,6.258239,-4.914636,6.028,0.097,hip2,HIP29711,
32366,,,6.756411,-31.792922,6.029,0.491,hip2,HIP32366,
19284,,,4.133170,17.339921,6.029,1.497,hip2,HIP19284,
87491,,,17.876518,1.305050,6.029,1.573,hip2,HIP87491,
9533,,,2.043077,13.476728,6.029,1.584,hip2,HIP9533,
58921,,,12.082568,-60.968238,6.029,1.691,hip2,HIP58921,
89279,,,18.218007,38.773474,6.029,-0.057,hip2,HIP89279,
108849,,,22.051040,-76.118266,6.029,0.399,hip2,HIP108849,
82037,,,16.758244,1.020146,6.030,-0.012,hip2,HIP82037,
3093,,,0.656137,21.251374,6.030,0.850,hip2,HIP3093,
40693,,,8.306652,-12.632172,6.030,0.744,tyc2,TYC5435-02991-1,5435-02991-1
10326,,,2.216931,-21.000237,6.030,1.006,hip2,HIP10326,
59050,,,12.106413,-65.709427,6.030,0.613,hip2,HIP59050,
101160,,,20.504986,10.895916,6.030,-0.019,hip2,HIP101160,
61158,,,12.532265,-63.505899,6.031,0.263,hip2,HIP61158,
101949,,,20.659253,40.579656,6.031,-0.134,hip2,HIP101949,
81992,,,16.750058,-28.509656,6.031,0.103,hip2,HIP81992,
29679,,,6.252334,-20.272261,6.031,1.322,hip2,HIP29679,
74421,,,15.209446,-72.770561,6.031,-0.002,hip2,HIP74421,
13949,,,2.994408,41.033054,6.032,1.445,hip2,HIP13949,
26606,,,5.655087,29.215230,6.032,0.144,hip2,HIP26606,
13473,,,2.892876,-38.437087,6.032,0.437,hip2,HIP13473,
40305,,,8.230611,56.452318,6.032,1.016,hip2,HIP40305,
111045,,,22.496095,-27.107235,6.032,0.362,hip2,HIP111045,
56970,,,11.678470,-53.968549,6.032,1.670,hip2,HIP56970,
36444,,,7.499929,-52.651288,6.032,1.010,hip2,HIP36444,
31758,,,6.643175,-16.873486,6.032,0.042,hip2,HIP31758,
34780,,,7.200550,-63.190054,6.032,-0.011,hip2,HIP34780,
34924,,,7.226792,-27.356374,6.032,-0.234,hip2,HIP34924,
102891,,,20.844917,-12.544730,6.033,1.075,hip2,HIP102891,
100256,,,20.333386,13.548101,6.033,0.299,hip2,HIP100256,
114366,,,23.162394,-28.088576,6.033,1.311,hip2,HIP114366,
112997,,,22.883966,16.841261,6.033,1.132,hip2,HIP112997,
39122,,,8.004089,-48.981616,6.034,0.042,hip2,HIP39122,
9572,,,2.049598,-15.305950,6.034,0.966,hip2,HIP9572,
26108,,,5.567793,-1.470205,6.034,1.535,hip2,HIP26108,
90651,,,18.496319,-14.582023,6.035,0.006,hip2,HIP90651,
39191,,,8.015517,25.392820,6.035,1.021,hip2,HIP39191,
36640,,,7.534949,-8.880919,6.035,0.540,hip2,HIP36640,
73310,,,14.981568,-11.143864,6.035,1.274,hip2,HIP73310,
22361,,,4.813962,75.941543,6.035,0.283,hip2,HIP22361,
28011,,,5.925043,-4.616496,6.035,1.173,hip2,HIP28011,
111934,,,22.672883,-30.658361,6.035,1.297,hip2,HIP111934,
14913,,,3.207133,-44.419654,6.036,0.440,hip2,HIP14913,
52127,,,10.649918,-58.816886,6.036,1.692,hip2,HIP52127,
109730,,,22.227403,28.608027,6.036,1.169,hip2,HIP109730,
71182,,,14.558325,-52.679481,6.037,1.085,hip2,HIP71182,
42147,,,8.591312,-26.843533,6.037,0.393,hip2,HIP42147,
51194,,,10.457055,-65.704714,6.037,0.091,hip2,HIP51194,
67005,,,13.731888,52.064427,6.037,0.017,hip2,HIP67005,
75696,,,15.464290,60.670224,6.037,1.441,hip2,HIP75696,
73493,,,15.020298,-38.058315,6.038,1.246,hip2,HIP73493,
81904,,,16.729890,-38.156241,6.038,-0.054,hip2,HIP81904,
36496,,,7.508585,-54.399432,6.038,1.585,hip2,HIP36496,
104968,,,21.261776,77.012261,6.038,1.531,hip2,HIP104968,
207,,,0.043356,66.098962,6.038,1.073,hip2,HIP207,
86219,,,17.619121,72.455757,6.038,1.016,hip2,HIP86219,
85783,,,17.528993,-26.269654,6.039,-0.065,hip2,HIP85783,
117340,,,23.792513,46.832577,6.039,-0.135,hip2,HIP117340,
81873,,,16.722809,-67.432311,6.039,0.037,hip2,HIP81873,
17846,,,3.818923,43.963024,6.040,0.279,hip2,HIP17846,
28637,,,6.046830,49.905785,6.040,-0.033,hip2,HIP28637,
89980,,,18.358712,-24.915271,6.040,1.823,hip2,HIP89980,
19076,,,4.088930,22.009222,6.040,0.620,hip2,HIP19076,
84792,,,17.331487,-17.756479,6.040,0.040,hip2,HIP84792,
79490,,,16.221382,-53.671164,6.040,1.965,hip2,HIP79490,
46652,,,9.512009,33.655827,6.041,1.032,hip2,HIP46652,
55874,,,11.452660,-12.356807,6.041,0.490,hip2,HIP55874,
100017,,,20.291842,66.852966,6.041,0.602,hip2,HIP100017,
59364,,,12.179473,27.281528,6.041,0.123,hip2,HIP59364,
61936,,,12.692764,62.713082,6.041,0.051,hip2,HIP61936,
84248,,,17.221698,-67.196372,6.041,1.070,hip2,HIP84248,
114189,,,23.124624,21.134372,6.042,0.259,hip2,HIP114189,
31946,,,6.675623,71.748760,6.042,1.223,hip2,HIP31946,
23261,,,5.005096,39.394704,6.042,0.415,hip2,HIP23261,
23777,,,5.110203,-13.122659,6.042,-0.030,hip2,HIP23777,
2787,,,0.592430,-0.505459,6.042,0.444,hip2,HIP2787,
24020,,,5.162621,28.033766,6.043,0.707,hip2,HIP24020,
2475,,,0.523779,33.581682,6.043,1.133,hip2,HIP2475,
26264,,,5.593370,-78.820883,6.043,-0.018,hip2,HIP26264,
65550,,,13.437938,46.028104,6.043,0.985,hip2,HIP65550,
111394,,,22.567469,-1.574179,6.043,0.977,hip2,HIP111394,
14036,,,3.012248,10.870472,6.043,1.593,hip2,HIP14036,
97087,,,19.730958,34.162715,6.045,-0.071,hip2,HIP97087,
40085,,,8.187945,9.821269,6.045,-0.104,hip2,HIP40085,
60979,,,12.499412,-41.735861,6.045,1.515,hip2,HIP60979,
15669,,,3.364548,49.071059,6.046,0.468,hip2,HIP15669,
60771,,,12.456902,-63.788960,6.047,0.052,hip2,HIP60771,
68455,,,14.014615,-66.268851,6.047,0.352,hip2,HIP68455,
58158,,,11.927814,-28.477037,6.047,1.499,hip2,HIP58158,
109972,,,22.274031,57.220226,6.047,0.950,hip2,HIP109972,
11033,,,2.368049,-17.662028,6.048,1.231,hip2,HIP11033,
79601,,,16.242629,73.394808,6.048,0.063,hip2,HIP79601,
94013,,,19.140524,52.425864,6.048,1.086,hip2,HIP94013,
112833,,,22.850816,85.373461,6.048,1.340,hip2,HIP112833,
53334,,,10.908221,-61.826613,6.048,1.736,hip2,HIP53334,
42008,,,8.562080,4.757015,6.048,1.066,hip2,HIP42008,
37428,,,7.682923,23.018559,6.048,1.561,hip2,HIP37428,
53726,,,10.992427,36.093224,6.048,1.595,hip2,HIP53726,
90930,,,18.548703,-73.965384,6.049,0.992,hip2,HIP90930,
100501,,,20.379249,41.026133,6.049,1.632,hip2,HIP100501,
97783,,,19.870001,-19.044860,6.049,0.979,hip2,HIP97783,
52113,,,10.647345,-12.443642,6.049,-0.007,hip2,HIP52113,
56452,,,11.574858,-32.831336,6.049,0.776,tyc2,TYC7220-00866-1,7220-00866-1
55086,,,11.278313,49.476277,6.049,1.102,hip2,HIP55086,
52366,,,10.703130,31.697043,6.049,1.617,hip2,HIP52366,
18170,,,3.886100,17.327156,6.049,0.354,hip2,HIP18170,
40324,,,8.232974,-36.340795,6.050,-0.185,hip2,HIP40324,
61181,,,12.536082,-73.001043,6.050,1.078,hip2,HIP61181,
51560,,,10.532404,-45.069657,6.050,-0.096,hip2,HIP51560,
89597,,,18.283588,-51.068244,6.050,-0.046,hip2,HIP89597,
115065,,,23.306481,41.773703,6.051,0.215,hip2,HIP115065,
96016,,,19.522671,26.617110,6.051,0.915,hip2,HIP96016,
31859,,,6.660062,-23.695643,6.051,-0.031,hip2,HIP31859,
41676,,,8.496193,67.297415,6.051,0.972,hip2,HIP41676,
41935,,,8.548627,38.016787,6.051,1.106,hip2,HIP41935,
94382,,,19.210201,21.554560,6.051,0.069,hip2,HIP94382,
72296,,,14.784738,-38.290438,6.051,1.336,hip2,HIP72296,
116768,,,23.665274,9.677321,6.051,0.212,hip2,HIP116768,
31448,,,6.588221,9.988354,6.051,1.508,hip2,HIP31448,
64226,,,13.163302,16.848649,6.052,1.450,hip2,HIP64226,
33415,,,6.948925,46.705538,6.052,1.093,hip2,HIP33415,
56148,,,11.508659,43.173043,6.052,0.524,hip2,HIP56148,
26414,,,5.622031,8.951880,6.052,-0.170,hip2,HIP26414,
78542,,,16.034877,52.916006,6.052,1.498,hip2,HIP78542,
3356,,,0.711914,-38.463467,6.053,-0.024,hip2,HIP3356,
44708,,,9.109456,-55.802429,6.053,-0.132,hip2,HIP44708,
44024,,,8.965437,-48.572934,6.053,1.060,hip2,HIP44024,
24575,,,5.271709,34.312212,6.053,0.199,hip2,HIP24575,
15968,,,3.426737,-69.336594,6.053,0.415,hip2,HIP15968,
29196,,,6.159012,22.190274,6.053,1.626,hip2,HIP29196,
107487,,,21.771183,-9.275954,6.054,1.629,hip2,HIP107487,
29371,,,6.191087,13.638604,6.054,0.021,hip2,HIP29371,
79137,,,16.153114,6.378697,6.054,0.976,tyc2,TYC0379-01509-1,0379-01509-1
11381,,,2.443101,-20.042864,6.054,1.247,hip2,HIP11381,
75565,,,15.437369,-68.309190,6.054,1.000,hip2,HIP75565,
26712,,,5.676642,31.358219,6.055,0.037,hip2,HIP26712,
1415,,,0.295296,51.433094,6.055,-0.151,hip2,HIP1415,
29808,,,6.276555,-39.264349,6.055,0.163,hip2,HIP29808,
22842,,,4.914229,44.060998,6.056,-0.032,hip2,HIP22842,
86248,,,17.624253,-50.059485,6.056,1.109,hip2,HIP86248,
103652,,,21.001098,7.516180,6.056,0.283,hip2,HIP103652,
106171,,,21.505641,52.957958,6.056,0.080,hip2,HIP106171,
72773,,,14.876464,-63.809817,6.056,0.660,hip2,HIP72773,
70270,,,14.377422,-48.319846,6.057,-0.130,hip2,HIP70270,
79120,,,16.149695,3.454445,6.057,1.471,hip2,HIP79120,
22697,,,4.879747,27.897572,6.057,0.368,hip2,HIP22697,
34561,,,7.159268,-16.234508,6.057,0.040,hip2,HIP34561,
76716,,,15.665746,-59.907815,6.057,0.505,hip2,HIP76716,
51200,,,10.457799,41.601212,6.057,0.166,hip2,HIP51200,
35476,,,7.322881,2.740720,6.057,1.069,hip2,HIP35476,
92394,,,18.828799,-72.995713,6.057,0.033,hip2,HIP92394,
8598,,,1.849191,51.933698,6.057,0.419,hip2,HIP8598,
27937,,,5.911423,-49.627043,6.057,-0.148,hip2,HIP27937,
85302,,,17.431770,16.917538,6.058,1.528,hip2,HIP85302,
1096,,,0.228395,-26.022154,6.058,1.548,hip2,HIP1096,
9307,,,1.993221,21.058605,6.059,1.031,hip2,HIP9307,
11687,,,2.512565,0.255876,6.059,0.168,hip2,HIP11687,
,,,10.656743,-55.607124,6.059,-0.001,tyc2,TYC8605-00492-1,8605-00492-1
34982,,,7.237645,-9.947540,6.059,1.528,hip2,HIP34982,
55564,,,11.380903,64.330427,6.059,0.085,hip2,HIP55564,
24072,,,5.171890,37.301850,6.059,0.720,hip2,HIP24072,
112241,,,22.734781,39.465418,6.060,1.490,hip2,HIP112241,
39995,,,8.167722,58.248423,6.060,1.365,hip2,HIP39995,
56287,,,11.538888,-66.961835,6.060,1.136,hip2,HIP56287,
20619,,,4.418156,-61.238246,6.060,1.533,hip2,HIP20619,
95002,,,19.331400,11.534910,6.060,0.087,hip2,HIP95002,
26624,,,5.658654,-3.564710,6.060,0.294,hip2,HIP26624,
18485,,,3.951056,23.175591,6.062,0.031,hip2,HIP18485,
110498,,,22.383472,62.419328,6.062,0.035,hip2,HIP110498,
38267,,,7.839968,-50.509364,6.062,1.088,hip2,HIP38267,
116853,,,23.685798,-11.680662,6.062,0.984,hip2,HIP116853,
28930,,,6.106233,29.512425,6.062,1.730,hip2,HIP28930,
34338,,,7.118467,4.910598,6.062,-0.129,hip2,HIP34338,
24294,,,5.213366,-6.057114,6.063,0.960,hip2,HIP24294,
34975,,,7.236353,-3.901759,6.063,1.585,hip2,HIP34975,
20614,,,4.415850,19.042092,6.063,0.378,hip2,HIP20614,
28139,,,5.947052,11.521196,6.063,1.111,hip2,HIP28139,
34017,,,7.058432,29.339094,6.063,0.595,hip2,HIP34017,
80212,,,16.374743,-43.912024,6.063,1.121,hip2,HIP80212,
104101,,,21.090775,5.958489,6.064,0.538,hip2,HIP104101,
117931,,,23.921271,-31.921469,6.064,-0.093,hip2,HIP117931,
28520,,,6.020307,-25.417712,6.064,0.027,hip2,HIP28520,
62026,,,12.713832,-55.946961,6.064,-0.023,hip2,HIP62026,
72965,,,14.911831,-65.991066,6.064,-0.061,hip2,HIP72965,
3834,,,0.820527,-24.136527,6.064,0.944,hip2,HIP3834,
30570,,,6.425817,23.327209,6.065,0.020,hip2,HIP30570,
13367,,,2.866319,68.888517,6.065,0.700,hip2,HIP13367,
26926,,,5.714974,-6.796315,6.065,0.447,hip2,HIP26926,
3193,,,0.678439,-4.351805,6.065,1.091,hip2,HIP3193,
31646,,,6.623345,6.135380,6.065,0.018,hip2,HIP31646,
74000,,,15.122317,18.441946,6.065,0.073,hip2,HIP74000,
88694,,,18.106568,-36.019808,6.065,0.615,hip2,HIP88694,
34358,,,7.122892,34.009361,6.066,1.507,hip2,HIP34358,
94556,,,19.244312,-45.193431,6.066,0.902,hip2,HIP94556,
101017,,,20.479649,-35.595813,6.066,-0.094,hip2,HIP101017,
50044,,,10.216990,-59.918095,6.066,-0.072,hip2,HIP50044,
91781,,,18.715308,-19.284128,6.066,1.591,hip2,HIP91781,
28343,,,5.989384,49.924546,6.067,1.194,hip2,HIP28343,
15988,,,3.432600,49.120823,6.067,-0.073,hip2,HIP15988,
105224,,,21.314448,11.203335,6.067,1.612,hip2,HIP105224,
20715,,,4.439195,8.590282,6.067,-0.010,hip2,HIP20715,
,,,6.393830,-52.180904,6.067,1.033,tyc2,TYC8115-01985-1,8115-01985-1
68673,,,14.057637,-41.423304,6.067,-0.112,hip2,HIP68673,
15514,,,3.332170,27.071307,6.067,0.860,hip2,HIP15514,
60851,,,12.472031,-64.340961,6.067,0.022,hip2,HIP60851,
70892,,,14.497135,31.791171,6.067,-0.013,hip2,HIP70892,
51610,,,10.542672,-44.618450,6.067,0.920,hip2,HIP51610,
55249,,,11.315273,1.650531,6.067,1.040,hip2,HIP55249,
27737,,,5.872273,-57.156000,6.068,0.656,hip2,HIP27737,
55667,,,11.406128,-42.669100,6.068,-0.175,hip2,HIP55667,
71094,,,14.538964,26.677342,6.068,0.230,hip2,HIP71094,
10176,,,2.181343,39.039578,6.069,-0.054,hip2,HIP10176,
71571,,,14.637224,18.298536,6.069,1.099,hip2,HIP71571,
91119,,,18.587084,34.458001,6.069,-0.115,hip2,HIP91119,
53379,,,10.916956,-42.251092,6.069,-0.061,hip2,HIP53379,
39524,,,8.078173,-19.728156,6.069,-0.154,hip2,HIP39524,
62861,,,12.884518,-54.952484,6.069,1.309,hip2,HIP62861,
68009,,,13.927497,-82.666134,6.070,1.411,hip2,HIP68009,
83255,,,17.016234,-86.364297,6.070,0.043,hip2,HIP83255,
92551,,,18.860145,36.539099,6.070,-0.100,hip2,HIP92551,
74479,,,15.218800,-36.091370,6.070,-0.081,hip2,HIP74479,
37394,,,7.676531,-8.185358,6.070,0.153,hip2,HIP37394,
30794,,,6.470691,70.535291,6.070,0.103,hip2,HIP30794,
54136,,,11.075355,38.241361,6.070,0.165,hip2,HIP54136,
34768,,,7.197608,5.654715,6.071,-0.016,hip2,HIP34768,
48341,,,9.853896,-4.243281,6.071,0.171,hip2,HIP48341,
66015,,,13.534130,-18.728836,6.071,0.196,hip2,HIP66015,
50103,,,10.229439,-40.346076,6.071,1.204,hip2,HIP50103,
84425,,,17.260022,-38.592951,6.071,0.580,hip2,HIP84425,
6981,,,1.498008,18.355675,6.071,0.162,hip2,HIP6981,
95456,,,19.417792,-29.309208,6.071,1.278,hip2,HIP95456,
101919,,,20.652953,21.817406,6.071,-0.043,hip2,HIP101919,
15870,,,3.407254,20.803513,6.071,-0.028,hip2,HIP15870,
62103,,,12.727228,-1.576814,6.071,0.850,hip2,HIP62103,
51302,,,10.478878,-3.742316,6.071,0.059,hip2,HIP51302,
52827,,,10.801504,-59.919169,6.071,0.274,hip2,HIP52827,
30986,,,6.503133,-10.081506,6.072,1.373,hip2,HIP30986,
17921,,,3.831961,22.244263,6.072,-0.006,hip2,HIP17921,
103777,,,21.029242,-26.880933,6.072,0.073,hip2,HIP103777,
3456,,,0.736643,-38.421979,6.072,1.144,hip2,HIP3456,
29705,,,6.257266,-9.035751,6.072,-0.081,hip2,HIP29705,
62207,,,12.749910,39.278578,6.072,0.557,hip2,HIP62207,
105432,,,21.356091,32.612768,6.072,0.062,hip2,HIP105432,
8475,,,1.820989,47.896951,6.072,0.170,hip2,HIP8475,
33421,,,6.950149,33.681036,6.073,0.878,hip2,HIP33421,
8404,,,1.807229,3.685404,6.073,0.970,hip2,HIP8404,
66903,,,13.710940,78.064326,6.073,1.000,hip2,HIP66903,
25098,,,5.372820,-56.134454,6.073,-0.091,hip2,HIP25098,
64580,,,13.236708,-58.683908,6.074,1.084,hip2,HIP64580,
12562,,,2.692815,-14.549412,6.074,0.429,hip2,HIP12562,
43899,,,8.942814,-16.708682,6.074,1.544,hip2,HIP43899,
41361,,,8.438260,-39.058976,6.074,-0.009,hip2,HIP41361,
101870,,,20.643052,23.680507,6.074,0.953,hip2,HIP101870,
90759,,,18.517486,-41.913757,6.074,0.138,hip2,HIP90759,
5594,,,1.195428,-2.251025,6.075,1.403,hip2,HIP5594,
102033,,,20.676740,29.805447,6.075,0.163,hip2,HIP102033,
10440,,,2.242212,-41.166701,6.075,0.965,hip2,HIP10440,
46482,,,9.479774,-62.273203,6.075,1.102,hip2,HIP46482,
51623,,,10.546616,-58.666750,6.075,0.290,hip2,HIP51623,
61688,,,12.645746,-18.250165,6.075,0.310,hip2,HIP61688,
58041,,,11.903198,-57.410191,6.075,0.050,hip2,HIP58041,
86311,,,17.635679,-42.880202,6.075,-0.057,hip2,HIP86311,
11867,,,2.551955,-34.649923,6.075,1.064,hip2,HIP11867,
46329,,,9.445809,-28.787682,6.075,-0.089,hip2,HIP46329,
46859,,,9.548828,-13.516806,6.075,1.501,hip2,HIP46859,
42452,,,8.654903,52.711699,6.076,1.167,hip2,HIP42452,
79622,,,16.248177,-25.476922,6.076,0.027,hip2,HIP79622,
13679,,,2.937147,8.381778,6.076,0.478,hip2,HIP13679,
27747,,,5.873169,19.867856,6.076,0.549,hip2,HIP27747,
31599,,,6.612945,-13.320977,6.076,1.562,hip2,HIP31599,
6492,,,1.390265,20.468990,6.076,1.677,hip2,HIP6492,
13225,,,2.837430,-35.843686,6.076,0.899,hip2,HIP13225,
39261,,,8.028470,60.324408,6.076,0.158,hip2,HIP39261,
59898,,,12.285101,-65.692935,6.077,0.021,hip2,HIP59898,
79953,,,16.319787,49.038078,6.077,1.369,hip2,HIP79953,
760,,,0.155508,79.714641,6.077,0.203,hip2,HIP760,
79596,,,16.239548,-33.011042,6.077,1.021,hip2,HIP79596,
24786,,,5.313954,-18.130200,6.077,0.572,hip2,HIP24786,
84731,,,17.320142,-59.694591,6.077,1.389,hip2,HIP84731,
98379,,,19.987594,52.055685,6.078,-0.183,hip2,HIP98379,
17595,,,3.769268,6.803655,6.078,0.992,hip2,HIP17595,
23060,,,4.962413,-14.231890,6.078,-0.202,hip2,HIP23060,
30318,,,6.376784,12.570315,6.078,0.319,hip2,HIP30318,
53257,,,10.892050,69.854045,6.079,1.010,hip2,HIP53257,
102989,,,20.866321,-33.177960,6.079,0.029,hip2,HIP102989,
77272,,,15.776356,55.474602,6.079,1.404,hip2,HIP77272,
1501,,,0.311708,43.791148,6.079,-0.074,hip2,HIP1501,
29347,,,6.187127,-26.482114,6.079,-0.021,hip2,HIP29347,
63948,,,13.105912,21.153510,6.079,0.393,hip2,HIP63948,
64224,,,13.162580,-10.329309,6.079,1.490,hip2,HIP64224,
15353,,,3.299719,-66.926885,6.079,0.133,hip2,HIP15353,
84311,,,17.237057,-56.888512,6.080,1.728,hip2,HIP84311,
44897,,,9.147557,33.882497,6.080,0.585,hip2,HIP44897,
17805,,,3.810810,0.227871,6.080,1.224,hip2,HIP17805,
23408,,,5.030653,0.722167,6.080,1.267,hip2,HIP23408,
85048,,,17.381871,-37.220693,6.080,1.075,hip2,HIP85048,
27253,,,5.776377,1.168538,6.080,0.773,hip2,HIP27253,
41373,,,8.440345,-52.807502,6.080,0.062,hip2,HIP41373,
67239,,,13.778704,25.702381,6.081,0.523,hip2,HIP67239,
97892,,,19.893161,59.708525,6.081,0.033,hip2,HIP97892,
26386,,,5.617875,11.035044,6.081,1.592,hip2,HIP26386,
65289,,,13.381284,-72.146674,6.081,0.049,hip2,HIP65289,
7016,,,1.506355,-26.207855,6.081,1.327,hip2,HIP7016,
64033,,,13.123419,-59.860491,6.082,0.435,hip2,HIP64033,
107664,,,21.808150,38.648579,6.082,-0.072,hip2,HIP107664,
72121,,,14.753046,-55.601621,6.083,-0.066,hip2,HIP72121,
115144,,,23.323363,-18.075400,6.083,1.534,hip2,HIP115144,
28686,,,6.056882,11.681077,6.083,-0.035,hip2,HIP28686,
87722,,,17.918897,-36.475633,6.083,0.074,hip2,HIP87722,
107350,,,21.741997,14.772215,6.084,0.587,hip2,HIP107350,
50536,,,10.321355,-12.528100,6.085,0.258,hip2,HIP50536,
95999,,,19.519706,-68.433887,6.085,1.638,hip2,HIP95999,
67210,,,13.771972,38.503656,6.085,0.948,hip2,HIP67210,
47401,,,9.657755,67.272324,6.085,1.528,hip2,HIP47401,
64979,,,13.317854,35.127936,6.085,0.277,hip2,HIP64979,
64569,,,13.234557,-2.806978,6.086,1.293,hip2,HIP64569,
18339,,,3.921159,-12.099051,6.086,0.323,hip2,HIP18339,
78046,,,15.935232,-39.864321,6.086,0.130,hip2,HIP78046,
53394,,,10.921462,-60.517208,6.087,1.065,hip2,HIP53394,
112067,,,22.699277,14.516444,6.087,1.114,hip2,HIP112067,
56318,,,11.546539,-7.827525,6.087,1.380,hip2,HIP56318,
104538,,,21.175365,10.048880,6.087,0.022,hip2,HIP104538,
89527,,,18.268215,2.377586,6.087,1.550,hip2,HIP89527,
102162,,,20.700700,-76.180569,6.087,0.450,hip2,HIP102162,
103360,,,20.940524,49.195831,6.087,1.054,hip2,HIP103360,
68333,,,13.988182,-50.369606,6.087,0.957,hip2,HIP68333,
3760,,,0.804818,7.299920,6.087,1.104,hip2,HIP3760,
114921,,,23.277719,-44.489142,6.087,1.053,hip2,HIP114921,
66878,,,13.706373,82.752511,6.088,0.993,hip2,HIP66878,
19261,,,4.128307,15.162843,6.088,0.397,hip2,HIP19261,
68670,,,14.057382,-56.213381,6.088,1.207,hip2,HIP68670,
82259,,,16.807496,-14.909400,6.088,0.192,hip2,HIP82259,
73415,,,15.003149,-77.160525,6.088,1.052,hip2,HIP73415,
33800,,,7.018105,-58.940296,6.088,0.297,hip2,HIP33800,
23446,,,5.039669,-31.771540,6.088,1.170,hip2,HIP23446,
95167,,,19.361178,79.602894,6.088,0.072,hip2,HIP95167,
110532,,,22.392265,-7.194443,6.089,0.998,hip2,HIP110532,
111314,,,22.550749,69.913372,6.089,0.334,hip2,HIP111314,
111925,,,22.671778,53.845972,6.089,0.946,hip2,HIP111925,
117957,,,23.926068,57.412169,6.089,0.155,hip2,HIP117957,
13479,,,2.893130,-22.376123,6.089,1.041,hip2,HIP13479,
27341,,,5.790805,-10.532917,6.089,0.135,hip2,HIP27341,
21137,,,4.531026,15.851638,6.090,0.338,hip2,HIP21137,
97028,,,19.719332,30.677880,6.090,0.003,hip2,HIP97028,
65129,,,13.346762,-55.800698,6.090,0.236,hip2,HIP65129,
37364,,,7.670425,-19.660890,6.090,1.158,hip2,HIP37364,
49926,,,10.193191,-58.827827,6.090,1.647,hip2,HIP49926,
15004,,,3.223294,48.176999,6.090,0.972,hip2,HIP15004,
44892,,,9.146506,26.630012,6.091,0.654,hip2,HIP44892,
10054,,,2.157068,81.295928,6.091,0.118,hip2,HIP10054,
89086,,,18.182041,-33.800068,6.091,-0.137,hip2,HIP89086,
16358,,,3.512610,6.188744,6.091,0.953,hip2,HIP16358,
83853,,,17.137127,-1.079378,6.091,0.074,hip2,HIP83853,
48799,,,9.953041,-52.638793,6.091,-0.115,hip2,HIP48799,
100325,,,20.346256,-14.784893,6.092,-0.016,hip2,HIP100325,
6711,,,1.438500,43.457886,6.092,0.520,hip2,HIP6711,
5510,,,1.175988,2.445708,6.093,1.491,hip2,HIP5510,
42895,,,8.741680,-65.825682,6.093,0.217,hip2,HIP42895,
23831,,,5.123578,-12.491009,6.093,0.606,hip2,HIP23831,
112041,,,22.693317,41.548978,6.093,0.998,hip2,HIP112041,
2611,,,0.552868,54.895081,6.093,1.037,hip2,HIP2611,
63165,,,12.942144,-72.185182,6.093,1.115,hip2,HIP63165,
109577,,,22.197592,16.040597,6.093,0.951,hip2,HIP109577,
16029,,,3.439589,-27.317609,6.093,0.934,hip2,HIP16029,
14514,,,3.123802,17.879973,6.093,-0.123,hip2,HIP14514,
18199,,,3.892584,-46.893588,6.093,1.220,hip2,HIP18199,
40693,,,8.306606,-12.629770,6.094,0.754,hip2,HIP40693,
50319,,,10.275671,23.503013,6.094,0.655,hip2,HIP50319,
35304,,,7.292700,52.131115,6.094,1.259,hip2,HIP35304,
55280,,,11.321345,-64.582597,6.094,0.471,hip2,HIP55280,
51905,,,10.604633,-16.344333,6.094,1.638,hip2,HIP51905,
80066,,,16.342397,-39.430235,6.095,-0.079,hip2,HIP80066,
81854,,,16.718371,77.513471,6.095,0.430,hip2,HIP81854,
93624,,,19.065978,-51.018244,6.095,1.236,hip2,HIP93624,
73695,,,15.063190,47.654426,6.095,0.782,tyc2,TYC3484-01580-2,3484-01580-2
,,,18.451173,-53.110205,6.095,1.187,tyc2,TYC8745-00250-1,8745-00250-1
10215,,,2.189512,-10.051746,6.095,0.418,hip2,HIP10215,
59895,,,12.284267,-16.693741,6.096,0.113,hip2,HIP59895,
103836,,,21.040848,-38.530558,6.096,1.106,hip2,HIP103836,
106243,,,21.519338,12.137513,6.096,-0.047,hip2,HIP106243,
60157,,,12.336343,-22.175627,6.096,0.824,hip2,HIP60157,
109602,,,22.202247,24.950637,6.096,1.500,hip2,HIP109602,
86178,,,17.610201,30.785193,6.096,0.158,hip2,HIP86178,
21847,,,4.697244,38.280420,6.097,0.593,hip2,HIP21847,
27588,,,5.841674,2.024717,6.097,0.953,hip2,HIP27588,
31676,,,6.628233,61.481900,6.097,0.899,hip2,HIP31676,
68431,,,14.009126,-78.589959,6.097,0.007,hip2,HIP68431,
87379,,,17.853064,-53.130270,6.097,0.010,hip2,HIP87379,
95929,,,19.509199,3.444400,6.097,-0.019,hip2,HIP95929,
17707,,,3.792256,55.922049,6.097,-0.020,hip2,HIP17707,
104217,,,21.115353,38.742022,6.097,1.308,tyc2,TYC3168-02798-1,3168-02798-1
53035,,,10.851511,-3.092641,6.097,1.475,hip2,HIP53035,
55140,,,11.288617,-67.823499,6.097,1.753,hip2,HIP55140,
27435,,,5.809696,-4.094088,6.098,0.639,hip2,HIP27435,
103956,,,21.063218,53.285823,6.098,1.001,hip2,HIP103956,
116368,,,23.580370,-15.245792,6.098,1.350,hip2,HIP116368,
37046,,,7.613069,55.755155,6.098,1.123,hip2,HIP37046,
75674,,,15.460797,25.101657,6.098,1.654,hip2,HIP75674,
85520,,,17.477475,-55.169665,6.098,1.113,hip2,HIP85520,
41282,,,8.421951,-21.046106,6.098,0.402,hip2,HIP41282,
63490,,,13.009086,-33.505092,6.099,0.386,hip2,HIP63490,
30468,,,6.405717,-12.961949,6.099,-0.076,hip2,HIP30468,
67419,,,13.817231,-28.367490,6.099,1.404,hip2,HIP67419,
10234,,,2.193289,-1.825349,6.099,0.967,hip2,HIP10234,
31068,,,6.519625,-61.879571,6.099,-0.147,hip2,HIP31068,
48191,,,9.824486,-37.186785,6.099,1.245,hip2,HIP48191,
74561,,,15.235004,31.787918,6.099,1.552,hip2,HIP74561,
35213,,,7.277327,-23.311052,6.099,0.317,hip2,HIP35213,
117761,,,23.882089,-3.155378,6.099,1.069,hip2,HIP117761,
9631,,,2.063368,-0.340146,6.100,0.851,hip2,HIP9631,
30272,,,6.367655,59.372098,6.100,0.153,hip2,HIP30272,
79137,,,16.153073,6.380510,6.100,0.988,hip2,HIP79137,
81659,,,16.680933,12.395057,6.100,0.046,hip2,HIP81659,
102805,,,20.827149,12.544891,6.100,0.420,hip2,HIP102805,
117541,,,23.837402,-9.974327,6.100,1.133,hip2,HIP117541,
1196,,,0.249662,8.821022,6.100,0.312,hip2,HIP1196,
37843,,,7.758095,-14.690485,6.101,0.110,hip2,HIP37843,
102945,,,20.857137,-5.626635,6.101,0.464,hip2,HIP102945,
37949,,,7.777789,65.455631,6.101,1.183,hip2,HIP37949,
81911,,,16.731039,34.038663,6.101,0.321,hip2,HIP81911,
8423,,,1.810789,37.952936,6.102,0.975,hip2,HIP8423,
86064,,,17.588864,-53.352884,6.102,0.025,hip2,HIP86064,
78355,,,15.998375,-54.020891,6.102,-0.016,hip2,HIP78355,
13997,,,3.003300,38.131808,6.102,-0.057,hip2,HIP13997,
113686,,,23.025473,-4.711480,6.103,0.992,hip2,HIP113686,
79938,,,16.316787,-14.872822,6.103,1.475,hip2,HIP79938,
41597,,,8.480835,-9.748595,6.103,0.427,hip2,HIP41597,
56452,,,11.574987,-32.833342,6.103,0.811,hip2,HIP56452,
79332,,,16.191316,16.665679,6.103,0.020,hip2,HIP79332,
17453,,,3.741163,20.928770,6.103,0.028,hip2,HIP17453,
43002,,,8.763694,-25.388107,6.104,0.084,hip2,HIP43002,
1706,,,0.357984,-77.426857,6.104,1.397,hip2,HIP1706,
39153,,,8.008046,-48.871774,6.104,-0.085,hip2,HIP39153,
50232,,,10.254626,-54.974215,6.105,-0.155,hip2,HIP50232,
54082,,,11.066736,-57.955333,6.105,-0.167,hip2,HIP54082,
7643,,,1.640971,-36.527953,6.105,1.045,hip2,HIP7643,
46328,,,9.445606,-64.929857,6.105,0.147,hip2,HIP46328,
72308,,,14.786831,-52.205249,6.105,0.084,hip2,HIP72308,
83481,,,17.061579,-47.160584,6.105,0.072,hip2,HIP83481,
54049,,,11.060174,-0.000832,6.105,1.218,hip2,HIP54049,
105574,,,21.382298,-9.319273,6.105,1.516,hip2,HIP105574,
43587,,Copernicus,8.876704,28.331389,6.105,0.869,hip2,HIP43587,
21459,,,4.608074,23.340986,6.106,0.384,hip2,HIP21459,
25378,,,5.429727,0.520244,6.106,-0.178,hip2,HIP25378,
87850,,,17.946810,45.350927,6.106,1.453,hip2,HIP87850,
45481,,,9.267787,-44.898734,6.106,0.269,hip2,HIP45481,
518,,,0.104316,58.436690,6.106,0.687,hip2,HIP518,
27560,,,5.836961,4.423499,6.106,1.361,hip2,HIP27560,
89470,,,18.258545,-18.661572,6.106,0.165,hip2,HIP89470,
69491,,,14.227734,-54.625600,6.106,0.051,hip2,HIP69491,
102770,,,20.821459,-0.563275,6.107,1.401,hip2,HIP102770,
38319,,,7.850658,33.233636,6.107,0.150,hip2,HIP38319,
112117,,,22.710244,-47.210007,6.107,0.584,hip2,HIP112117,
23161,,,4.983169,14.543245,6.107,0.156,hip2,HIP23161,
36017,,,7.422216,-21.982598,6.107,0.227,hip2,HIP36017,
56727,,,11.630141,-67.620354,6.107,1.013,hip2,HIP56727,
28500,,,6.016793,27.572367,6.107,0.218,hip2,HIP28500,
78665,,,16.059551,-32.000467,6.108,0.470,hip2,HIP78665,
109746,,,22.230476,63.162357,6.108,-0.089,hip2,HIP109746,
92391,,,18.828043,-5.912834,6.108,1.568,hip2,HIP92391,
96895,,,19.696969,50.525446,6.108,0.643,hip2,HIP96895,
81440,,,16.633766,-6.537992,6.109,0.165,hip2,HIP81440,
87532,,,17.882666,-35.624183,6.109,0.342,hip2,HIP87532,
105949,,,21.457028,59.750114,6.109,1.720,hip2,HIP105949,
110849,,,22.457361,39.810040,6.109,-0.136,hip2,HIP110849,
84175,,,17.206963,-27.762006,6.109,-0.048,hip2,HIP84175,
30660,,,6.442902,-4.597393,6.110,-0.151,hip2,HIP30660,
88859,,,18.141697,-45.766973,6.110,-0.082,hip2,HIP88859,
54742,,,11.208440,-18.499801,6.110,-0.004,hip2,HIP54742,
23617,,,5.077681,74.066994,6.111,0.018,hip2,HIP23617,
63584,,,13.029764,63.610163,6.111,0.427,hip2,HIP63584,
38863,,,7.953545,-63.296881,6.111,-0.103,hip2,HIP38863,
83100,,,16.981182,-37.620416,6.111,0.179,hip2,HIP83100,
107097,,,21.692852,40.805338,6.112,0.068,hip2,HIP107097,
115272,,,23.347259,-50.306379,6.112,0.423,hip2,HIP115272,
22034,,,4.736948,40.786511,6.112,0.040,hip2,HIP22034,
112641,,,22.813301,54.414897,6.113,-0.083,hip2,HIP112641,
40889,,,8.344532,72.407293,6.113,1.537,hip2,HIP40889,
32007,,,6.687270,-40.349873,6.113,-0.146,hip2,HIP32007,
61951,,,12.697085,-19.759134,6.113,0.397,hip2,HIP61951,
17027,,,3.650313,-5.625707,6.113,0.921,hip2,HIP17027,
54185,,,11.084484,-49.392326,6.113,-0.019,hip2,HIP54185,
20892,,,4.477504,-19.458598,6.114,1.215,hip2,HIP20892,
10296,,,2.210420,24.167793,6.114,1.366,hip2,HIP10296,
100977,,,20.473580,-3.357742,6.114,-0.049,hip2,HIP100977,
108494,,,21.978827,-21.182929,6.114,1.621,hip2,HIP108494,
31024,,,6.509691,-13.148176,6.114,-0.137,hip2,HIP31024,
39225,,,8.023069,-54.515543,6.114,-0.044,hip2,HIP39225,
69623,,,14.250355,-29.281869,6.114,0.040,hip2,HIP69623,
74493,,,15.222005,-19.647454,6.114,0.124,hip2,HIP74493,
25482,,,5.449950,-68.622495,6.114,0.346,hip2,HIP25482,
35127,,,7.262007,-10.583603,6.114,1.173,hip2,HIP35127,
41321,,,8.431005,-64.600654,6.115,0.971,hip2,HIP41321,
41574,,,8.476890,24.145050,6.115,0.246,hip2,HIP41574,
46114,,,9.404521,-39.425439,6.115,0.193,hip2,HIP46114,
42794,,,8.720086,-79.070150,6.116,0.229,hip2,HIP42794,
97674,,,19.850304,-65.604703,6.116,0.317,hip2,HIP97674,
76608,,,15.645047,-39.127747,6.116,0.204,hip2,HIP76608,
7387,,,1.587419,-58.139394,6.116,0.382,hip2,HIP7387,
18481,,,3.950471,6.040132,6.116,0.058,hip2,HIP18481,
21042,,,4.511203,-35.653580,6.116,1.005,hip2,HIP21042,
59384,,,12.183358,81.709837,6.117,1.618,hip2,HIP59384,
90606,,,18.488895,-80.232554,6.117,1.173,hip2,HIP90606,
34914,,,7.223336,-22.674146,6.117,1.481,hip2,HIP34914,
78286,,,15.984549,49.881178,6.117,0.289,hip2,HIP78286,
98461,,,20.004422,-37.701717,6.117,0.989,hip2,HIP98461,
111967,,,22.680238,-57.422306,6.117,1.450,hip2,HIP111967,
20241,,,4.337338,41.808153,6.117,0.962,hip2,HIP20241,
59285,,,12.161468,1.898328,6.117,1.120,hip2,HIP59285,
28085,,,5.937277,-22.840055,6.117,1.107,hip2,HIP28085,
82691,,,16.902795,-41.825033,6.118,0.126,hip2,HIP82691,
83235,,,17.010276,-35.933976,6.118,1.161,hip2,HIP83235,
19996,,,4.288675,-6.472160,6.118,1.078,hip2,HIP19996,
28154,,,5.948922,24.249696,6.118,0.346,hip2,HIP28154,
102011,,,20.671633,60.504813,6.118,0.443,hip2,HIP102011,
12862,,,2.755796,4.711730,6.118,0.312,hip2,HIP12862,
32682,,,6.817682,1.002072,6.119,-0.134,hip2,HIP32682,
57646,,,11.820768,16.243013,6.119,0.278,hip2,HIP57646,
57165,,,11.724223,-37.190102,6.119,1.449,hip2,HIP57165,
42049,,,8.570374,8.452374,6.119,0.332,hip2,HIP42049,
21986,,,4.726313,-8.794246,6.119,0.645,hip2,HIP21986,
38792,,,7.939645,-30.284534,6.119,1.476,hip2,HIP38792,
83601,,,17.088008,0.703373,6.120,0.578,hip2,HIP83601,
60467,,,12.396410,42.542709,6.120,0.366,hip2,HIP60467,
112998,,,22.884381,60.101023,6.120,1.748,hip2,HIP112998,
58460,,,11.988205,33.167021,6.120,1.153,hip2,HIP58460,
34349,,,7.120361,-51.968388,6.120,0.996,hip2,HIP34349,
113371,,,22.961316,39.308789,6.120,-0.148,hip2,HIP113371,
28562,,,6.028626,48.959469,6.121,1.437,hip2,HIP28562,
81914,,,16.731691,-41.113294,6.121,-0.078,hip2,HIP81914,
27778,,,5.877800,33.917441,6.121,1.579,hip2,HIP27778,
39527,,,8.078447,-50.590400,6.121,1.213,hip2,HIP39527,
97651,,,19.846353,37.826314,6.122,1.626,hip2,HIP97651,
81966,,,16.744376,-53.152290,6.122,1.230,hip2,HIP81966,
26395,,,5.619100,-11.775460,6.122,0.051,hip2,HIP26395,
82517,,,16.864968,-65.375425,6.123,-0.028,hip2,HIP82517,
11843,,,2.548375,15.034465,6.123,0.572,hip2,HIP11843,
14887,,,3.202651,42.375947,6.123,-0.099,hip2,HIP14887,
34055,,,7.064334,12.594259,6.123,1.584,hip2,HIP34055,
66427,,,13.618348,-44.143169,6.123,0.936,hip2,HIP66427,
67714,,,13.871775,12.165158,6.123,0.042,hip2,HIP67714,
94755,,,19.280943,46.998393,6.123,0.479,hip2,HIP94755,
48802,,,9.953770,57.418351,6.124,0.895,hip2,HIP48802,
86575,,,17.692312,6.313164,6.124,1.271,hip2,HIP86575,
116307,,,23.565416,20.840970,6.124,1.654,hip2,HIP116307,
47694,,,9.724334,-51.228156,6.124,-0.098,hip2,HIP47694,
,,,16.452794,-47.549087,6.124,-0.034,tyc2,TYC8316-04440-1,8316-04440-1
89448,,,18.254736,68.755965,6.124,1.055,hip2,HIP89448,
57211,,,11.731340,-62.878243,6.125,0.063,hip2,HIP57211,
101082,,,20.490920,81.090738,6.125,0.942,hip2,HIP101082,
93537,,,19.051057,-19.245659,6.125,1.158,hip2,HIP93537,
3988,,,0.854552,61.805498,6.125,1.880,hip2,HIP3988,
43553,,,8.869938,45.312900,6.126,1.233,hip2,HIP43553,
47224,,,9.624561,-36.095991,6.126,1.118,hip2,HIP47224,
82162,,,16.786044,2.064564,6.126,0.140,hip2,HIP82162,
29993,,,6.313553,-15.024994,6.127,1.663,hip2,HIP29993,
88190,,,18.010105,33.213739,6.127,1.516,hip2,HIP88190,
4998,,,1.067330,52.502309,6.127,1.447,hip2,HIP4998,
41214,,,8.410117,-4.716863,6.127,0.460,hip2,HIP41214,
109624,,,22.207150,-14.193841,6.127,0.386,hip2,HIP109624,
42365,,,8.638610,32.802028,6.127,1.111,hip2,HIP42365,
67485,,,13.829286,61.489546,6.127,0.974,hip2,HIP67485,
35084,,,7.255908,-52.499518,6.127,1.099,hip2,HIP35084,
79692,,,16.264303,-14.849119,6.127,0.098,hip2,HIP79692,
48943,,,9.985089,-23.950783,6.128,-0.101,hip2,HIP48943,
87671,,,17.907534,-34.466711,6.128,0.055,hip2,HIP87671,
24836,,,5.324403,58.117409,6.128,-0.031,hip2,HIP24836,
86871,,,17.748846,-57.545510,6.128,0.912,hip2,HIP86871,
49259,,,10.055724,-46.636165,6.129,0.041,hip2,HIP49259,
69298,,,14.183870,-69.719268,6.129,0.190,hip2,HIP69298,
88522,,,18.077044,1.919007,6.129,-0.056,hip2,HIP88522,
110179,,,22.316860,-13.304971,6.129,1.075,hip2,HIP110179,
105727,,,21.413722,80.524854,6.130,0.950,hip2,HIP105727,
4366,,,0.932923,27.209354,6.130,0.133,hip2,HIP4366,
49281,,,10.059483,-61.884050,6.130,-0.032,hip2,HIP49281,
31066,,,6.519322,11.251381,6.130,-0.116,hip2,HIP31066,
98738,,,20.054554,18.501041,6.130,1.420,hip2,HIP98738,
104752,,,21.221927,-36.423536,6.130,0.967,hip2,HIP104752,
66924,,,13.715295,-41.400952,6.130,1.019,hip2,HIP66924,
7906,,,1.694234,30.047135,6.131,1.015,hip2,HIP7906,
33603,,,6.982507,3.602364,6.131,1.056,hip2,HIP33603,
95898,,,19.502926,2.904076,6.131,1.820,hip2,HIP95898,
55979,,,11.471795,-72.473968,6.131,0.101,hip2,HIP55979,
96481,,,19.614569,11.273198,6.131,0.881,hip2,HIP96481,
4979,,,1.063599,1.366945,6.131,0.271,hip2,HIP4979,
83216,,,17.007493,-48.647563,6.131,0.883,hip2,HIP83216,
77900,,,15.908366,-27.338574,6.131,-0.069,hip2,HIP77900,
59353,,,12.176051,-37.870268,6.132,0.190,hip2,HIP59353,
99171,,,20.133821,-0.678020,6.132,1.023,hip2,HIP99171,
27731,,,5.871460,58.964139,6.133,-0.036,hip2,HIP27731,
89977,,,18.357890,5.435746,6.133,-0.048,hip2,HIP89977,
81728,,,16.693393,-24.467939,6.133,0.214,hip2,HIP81728,
23380,,,5.026673,61.078432,6.133,0.448,hip2,HIP23380,
97515,,,19.819869,-28.788733,6.133,0.403,hip2,HIP97515,
51448,,,10.507404,64.257813,6.133,0.178,hip2,HIP51448,
8366,,,1.796303,-80.176169,6.133,0.338,hip2,HIP8366,
76311,,,15.587838,53.922139,6.133,1.184,hip2,HIP76311,
96760,,,19.668652,-23.429055,6.134,1.038,hip2,HIP96760,
113801,,,23.045635,-20.870396,6.134,0.946,hip2,HIP113801,
96724,,,19.662479,33.978908,6.134,0.094,hip2,HIP96724,
63533,,,13.019339,17.123202,6.134,0.971,hip2,HIP63533,
115433,,,23.382411,-60.055830,6.134,1.603,hip2,HIP115433,
44342,,,9.030245,27.902783,6.135,0.243,hip2,HIP44342,
39584,,,8.088975,-46.978427,6.135,-0.138,hip2,HIP39584,
38325,,,7.851597,54.129111,6.135,0.496,hip2,HIP38325,
77412,,,15.803698,13.789335,6.135,1.272,hip2,HIP77412,
45412,,,9.253988,34.633400,6.135,0.839,hip2,HIP45412,
41224,,,8.411880,42.005218,6.136,1.591,hip2,HIP41224,
89047,,,18.175426,54.285952,6.136,0.943,hip2,HIP89047,
9999,,,2.146019,-17.779105,6.136,1.661,hip2,HIP9999,
8998,,,1.931594,1.849519,6.136,0.549,hip2,HIP8998,
54540,,,11.161088,67.210275,6.136,0.225,hip2,HIP54540,
101986,,,20.667560,43.459016,6.137,1.186,hip2,HIP101986,
110873,,,22.462839,31.839975,6.137,1.442,hip2,HIP110873,
105080,,,21.287286,55.797969,6.137,1.447,hip2,HIP105080,
87567,,,17.888772,-34.730792,6.138,-0.041,hip2,HIP87567,
84656,,,17.306467,38.811214,6.138,1.011,hip2,HIP84656,
116728,,,23.655880,74.002616,6.138,0.889,hip2,HIP116728,
66907,,,13.712061,34.988994,6.138,0.857,hip2,HIP66907,
91196,,,18.603679,65.488514,6.138,0.279,hip2,HIP91196,
3269,,,0.693326,24.629065,6.139,0.298,hip2,HIP3269,
2852,,,0.601917,-22.842211,6.139,0.297,hip2,HIP2852,
22488,,,4.837829,-41.321010,6.139,0.408,hip2,HIP22488,
92833,,,18.914589,33.968581,6.139,0.922,hip2,HIP92833,
111515,,,22.593433,-23.991079,6.139,0.984,hip2,HIP111515,
50790,,,10.370267,-19.866593,6.140,0.035,hip2,HIP50790,
10924,,,2.344862,47.310829,6.140,-0.094,hip2,HIP10924,
50332,,,10.277826,-51.204664,6.140,1.435,hip2,HIP50332,
74224,,,15.168706,-38.792460,6.140,0.867,hip2,HIP74224,
24740,,,5.305247,33.767419,6.140,-0.043,hip2,HIP24740,
49844,,,10.177138,-41.714933,6.140,1.239,hip2,HIP49844,
10403,,,2.234036,47.484388,6.141,0.406,hip2,HIP10403,
43726,,,8.905053,-5.434534,6.141,0.661,hip2,HIP43726,
100664,,,20.410415,1.068393,6.141,-0.036,hip2,HIP100664,
104765,,,21.224007,36.633262,6.141,0.223,hip2,HIP104765,
22597,,,4.862051,9.975096,6.141,0.060,hip2,HIP22597,
110497,,,22.383380,57.284601,6.141,-0.112,hip2,HIP110497,
79102,,,16.146290,17.205712,6.142,-0.003,hip2,HIP79102,
52959,,,10.831593,27.973872,6.142,0.399,hip2,HIP52959,
81507,,,16.647975,-60.990318,6.142,-0.073,hip2,HIP81507,
3697,,,0.789895,6.740981,6.142,0.941,hip2,HIP3697,
69090,,,14.141030,-74.850723,6.143,0.581,hip2,HIP69090,
86462,,,17.665979,31.202443,6.143,1.599,hip2,HIP86462,
29931,,,6.301559,14.382848,6.143,0.035,hip2,HIP29931,
59588,,,12.220269,-34.125287,6.143,1.449,hip2,HIP59588,
72122,,,14.753261,-1.417526,6.143,1.608,hip2,HIP72122,
105860,,,21.440726,19.375598,6.143,0.235,hip2,HIP105860,
43550,,,8.869459,42.002885,6.143,1.251,hip2,HIP43550,
71530,,,14.629666,-67.931328,6.144,0.505,hip2,HIP71530,
72848,,,14.890011,19.152271,6.144,0.841,hip2,HIP72848,
105101,,,21.289771,42.683567,6.144,-0.094,hip2,HIP105101,
105064,,,21.283893,53.997597,6.144,0.049,hip2,HIP105064,
57240,,,11.736992,25.218304,6.144,1.533,hip2,HIP57240,
36055,,,7.430890,-5.774954,6.144,0.901,hip2,HIP36055,
68101,,,13.942496,-54.704116,6.145,0.780,hip2,HIP68101,
65783,,,13.485551,-64.675777,6.145,0.117,hip2,HIP65783,
82611,,,16.888220,47.416498,6.145,1.325,hip2,HIP82611,
83854,,,17.137459,-17.608967,6.145,1.011,hip2,HIP83854,
84431,,,17.261527,23.742705,6.145,1.335,hip2,HIP84431,
26713,,,5.677026,-2.825241,6.145,-0.194,hip2,HIP26713,
25216,,,5.393812,16.699351,6.145,0.141,hip2,HIP25216,
87192,,,17.813300,19.254994,6.146,0.024,hip2,HIP87192,
98959,,,20.092435,-67.320896,6.146,0.595,tyc2,TYC9098-01638-1,9098-01638-1
17181,,,3.679529,25.329526,6.146,0.097,hip2,HIP17181,
93287,,,19.000985,-66.653514,6.146,0.977,hip2,HIP93287,
15241,,,3.276442,32.184219,6.147,0.988,hip2,HIP15241,
82453,,,16.850011,-37.514481,6.147,0.124,hip2,HIP82453,
104217,,,21.114498,38.734414,6.147,1.309,hip2,HIP104217,
88550,,,18.080664,-35.901360,6.147,1.160,hip2,HIP88550,
50174,,,10.241622,21.168233,6.147,0.573,hip2,HIP50174,
51551,,,10.530203,-28.237092,6.147,0.501,hip2,HIP51551,
23766,,,5.108238,61.169941,6.148,1.380,hip2,HIP23766,
112862,,,22.855818,-29.536274,6.148,0.907,hip2,HIP112862,
77358,,,15.791502,-37.915792,6.148,0.715,hip2,HIP77358,
83494,,,17.064895,34.790237,6.148,0.200,hip2,HIP83494,
85543,,,17.482247,-36.778268,6.148,1.112,hip2,HIP85543,
118071,,,23.951008,42.658238,6.148,0.712,hip2,HIP118071,
72449,,,14.815028,-0.847695,6.148,-0.025,hip2,HIP72449,
103532,,,20.975262,41.939924,6.148,-0.079,hip2,HIP103532,
109466,,,22.176029,-4.266864,6.149,0.981,hip2,HIP109466,
116737,,,23.657757,-46.637898,6.149,0.240,hip2,HIP116737,
117880,,,23.910650,-40.300137,6.149,0.572,hip2,HIP117880,
77801,,,15.886694,13.196624,6.149,0.548,tyc2,TYC0955-01148-1,0955-01148-1
2235,,,0.472231,10.190341,6.149,0.447,hip2,HIP2235,
3352,,,0.711567,-60.262682,6.149,1.318,hip2,HIP3352,
29692,,,6.254920,-18.477013,6.149,1.058,hip2,HIP29692,
1302,,,0.272639,43.595106,6.150,0.068,hip2,HIP1302,
86527,,,17.682930,-32.214448,6.150,1.673,hip2,HIP86527,
3919,,,0.838393,45.002241,6.150,0.043,hip2,HIP3919,
7740,,,1.661324,16.405886,6.150,1.119,hip2,HIP7740,
8983,,,1.929574,-60.861138,6.150,0.356,hip2,HIP8983,
45167,,,9.203586,3.866989,6.150,-0.010,hip2,HIP45167,
76423,,,15.607830,15.101401,6.150,1.200,hip2,HIP76423,
68279,,,13.977763,14.649417,6.150,1.430,hip2,HIP68279,
33444,,,6.953646,57.563249,6.151,1.495,hip2,HIP33444,
53791,,,11.005767,42.912021,6.151,0.584,hip2,HIP53791,
93720,,,19.082853,30.733448,6.151,1.575,hip2,HIP93720,
70949,,,14.512608,4.772317,6.151,1.421,hip2,HIP70949,
43822,,,8.924890,-7.971089,6.151,0.220,hip2,HIP43822,
63494,,,13.009988,-3.368608,6.151,1.119,hip2,HIP63494,
9295,,,1.990522,12.294957,6.151,0.186,hip2,HIP9295,
36395,,,7.489438,-14.998094,6.151,0.479,hip2,HIP36395,
53701,,,10.987235,-61.320744,6.151,-0.064,hip2,HIP53701,
93177,,,18.979607,40.679195,6.151,-0.146,hip2,HIP93177,
18592,,,3.978576,-57.102388,6.151,0.439,hip2,HIP18592,
2159,,,0.454080,-25.547133,6.152,1.021,hip2,HIP2159,
10729,,,2.301278,57.516326,6.152,1.039,hip2,HIP10729,
49137,,,10.027979,-53.364116,6.152,-0.137,hip2,HIP49137,
26408,,,5.620852,64.154851,6.152,0.006,hip2,HIP26408,
62394,,,12.787115,11.958132,6.153,0.122,hip2,HIP62394,
103219,,,20.912299,75.925467,6.153,0.946,hip2,HIP103219,
92524,,,18.856155,-3.317805,6.153,0.299,hip2,HIP92524,
84402,,,17.255638,-14.584125,6.153,1.096,hip2,HIP84402,
2474,,,0.523667,66.519627,6.153,-0.100,hip2,HIP2474,
116653,,,23.639914,-76.869507,6.153,0.907,hip2,HIP116653,
37580,,,7.712113,34.000225,6.154,0.469,hip2,HIP37580,
77111,,,15.745042,17.264210,6.154,0.002,hip2,HIP77111,
32434,,,6.770043,-37.775348,6.154,-0.123,hip2,HIP32434,
,,,13.376626,-60.972109,6.154,0.014,tyc2,TYC8990-03679-1,8990-03679-1
97067,,,19.727116,-37.538722,6.154,0.019,hip2,HIP97067,
48218,,,9.830589,21.179458,6.154,0.257,hip2,HIP48218,
22220,,,4.779020,40.312680,6.154,0.934,hip2,HIP22220,
104756,,,21.222665,81.230961,6.155,0.092,hip2,HIP104756,
48782,,,9.949955,-69.101826,6.155,-0.100,hip2,HIP48782,
64790,,,13.279179,-65.138126,6.155,0.431,hip2,HIP64790,
65376,,,13.398311,37.033948,6.155,1.637,hip2,HIP65376,
70987,,,14.519677,-38.869777,6.155,1.060,hip2,HIP70987,
89587,,,18.281414,-3.006737,6.156,0.890,hip2,HIP89587,
69747,,,14.275050,-3.196226,6.156,-0.007,hip2,HIP69747,
80455,,,16.422820,-63.125238,6.156,0.029,hip2,HIP80455,
76810,,,15.683080,16.024629,6.156,0.908,hip2,HIP76810,
671,,,0.138209,-8.824025,6.157,1.034,hip2,HIP671,
20765,,,4.449148,-24.081288,6.157,0.143,hip2,HIP20765,
59750,,,12.252933,-10.312407,6.157,0.408,tyc2,TYC5522-01684-1,5522-01684-1
112102,,,22.706132,-29.360999,6.157,1.522,hip2,HIP112102,
12608,,,2.701831,-38.383718,6.157,0.917,hip2,HIP12608,
16266,,,3.494219,-6.804239,6.157,1.020,hip2,HIP16266,
97970,,,19.911162,7.140353,6.157,0.043,hip2,HIP97970,
73764,,,15.078584,-40.861242,6.157,1.389,hip2,HIP73764,
22176,,,4.771329,18.734862,6.157,1.221,hip2,HIP22176,
109276,,,22.138127,25.543612,6.157,0.311,hip2,HIP109276,
14819,,,3.188550,-3.811555,6.158,1.670,hip2,HIP14819,
43394,,,8.839347,-28.617603,6.158,-0.055,hip2,HIP43394,
42502,,,8.664873,-17.302608,6.159,1.334,hip2,HIP42502,
46101,,,9.401527,-61.648787,6.159,1.060,hip2,HIP46101,
29401,,,6.195478,-4.665432,6.159,-0.079,hip2,HIP29401,
67545,,,13.840187,5.497222,6.159,0.899,hip2,HIP67545,
27939,,,5.912233,0.968615,6.160,1.328,hip2,HIP27939,
5074,,,1.081283,5.656301,6.160,1.525,hip2,HIP5074,
6522,,,1.396338,78.726048,6.160,0.389,hip2,HIP6522,
4552,,,0.970610,33.951059,6.160,1.000,hip2,HIP4552,
10203,,,2.186683,25.936955,6.160,1.365,hip2,HIP10203,
25869,,,5.522470,-6.708382,6.160,-0.178,hip2,HIP25869,
85237,,,17.417408,-34.696010,6.160,0.046,hip2,HIP85237,
59950,,,12.296471,-36.093961,6.160,0.008,hip2,HIP59950,
11095,,,2.381243,-73.645821,6.161,1.088,hip2,HIP11095,
37720,,,7.736971,-69.821617,6.161,-0.032,hip2,HIP37720,
23442,,,5.038830,74.269268,6.161,1.562,hip2,HIP23442,
85333,,,17.438614,7.595669,6.161,0.592,hip2,HIP85333,
95965,,,19.515010,-21.312184,6.161,0.121,hip2,HIP95965,
25816,,,5.513514,41.462078,6.161,1.112,hip2,HIP25816,
113044,,,22.893817,-48.598088,6.161,0.621,hip2,HIP113044,
20106,,,4.310405,-22.969829,6.162,0.302,hip2,HIP20106,
73068,,,14.932953,32.300071,6.162,0.109,hip2,HIP73068,
77678,,,15.858754,-47.060719,6.162,1.152,hip2,HIP77678,
97423,,,19.800836,-13.703555,6.162,0.193,hip2,HIP97423,
70363,,,14.396844,-53.176210,6.162,1.099,hip2,HIP70363,
86831,,,17.742802,2.579407,6.162,0.131,hip2,HIP86831,
365,,,0.076832,42.092562,6.163,0.159,hip2,HIP365,
15203,,,3.266903,-5.918697,6.163,-0.018,hip2,HIP15203,
46288,,,9.439530,-1.464066,6.163,1.313,hip2,HIP46288,
58642,,,12.024793,-57.503738,6.164,-0.004,hip2,HIP58642,
43351,,,8.830594,-72.551259,6.164,0.185,hip2,HIP43351,
87445,,,17.867981,39.981964,6.164,1.341,hip2,HIP87445,
97499,,,19.817274,-10.870712,6.164,1.233,hip2,HIP97499,
89827,,,18.331131,29.666383,6.165,1.319,hip2,HIP89827,
17900,,,3.828756,23.711963,6.165,-0.046,hip2,HIP17900,
87174,,,17.810579,-55.401827,6.165,0.283,hip2,HIP87174,
97402,,,19.796805,25.384112,6.165,0.993,hip2,HIP97402,
98308,,,19.974649,63.534202,6.165,0.035,hip2,HIP98308,
54214,,,11.092772,-11.088727,6.165,0.301,hip2,HIP54214,
43685,,,8.898806,35.538337,6.165,0.059,hip2,HIP43685,
63340,,,12.979806,75.472475,6.165,1.030,hip2,HIP63340,
114258,,,23.139873,-79.480600,6.165,0.145,hip2,HIP114258,
27118,,,5.750499,4.008194,6.166,0.320,hip2,HIP27118,
71277,,,14.577366,36.626177,6.166,1.379,hip2,HIP71277,
83462,,,17.058387,35.414154,6.166,1.467,hip2,HIP83462,
109033,,,22.087923,46.744885,6.166,1.611,hip2,HIP109033,
3489,,,0.742090,-62.497606,6.166,0.446,hip2,HIP3489,
86118,,,17.599879,20.996278,6.166,0.184,hip2,HIP86118,
20347,,,4.358692,-25.728458,6.167,0.371,hip2,HIP20347,
113167,,,22.916521,1.064891,6.167,0.192,hip2,HIP113167,
92008,,,18.753194,-61.095139,6.167,1.484,hip2,HIP92008,
91915,,,18.738407,61.048096,6.167,0.967,hip2,HIP91915,
106703,,,21.613541,-33.047892,6.167,0.226,hip2,HIP106703,
98858,,,20.074663,48.229663,6.167,0.037,hip2,HIP98858,
42928,,,8.748657,-21.167837,6.168,0.195,hip2,HIP42928,
86561,,,17.689390,51.818182,6.168,1.068,hip2,HIP86561,
50546,,,10.324134,48.397031,6.168,1.021,hip2,HIP50546,
13756,,,2.951268,4.500971,6.168,1.623,hip2,HIP13756,
88127,,,18.000937,80.000524,6.168,0.521,hip2,HIP88127,
93925,,,19.125234,-28.636782,6.168,1.579,hip2,HIP93925,
66575,,,13.646934,-57.622702,6.168,1.138,hip2,HIP66575,
69241,,,14.175253,-70.305450,6.168,1.718,hip2,HIP69241,
72310,,,14.787127,-21.324878,6.168,1.649,hip2,HIP72310,
33044,,,6.884317,35.788008,6.168,1.455,hip2,HIP33044,
29323,,,6.183671,-6.754193,6.168,0.010,hip2,HIP29323,
97611,,,19.839376,-61.061133,6.168,-0.135,hip2,HIP97611,
85393,,,17.448985,-51.948786,6.169,-0.039,hip2,HIP85393,
99762,,,20.240822,-63.415864,6.169,0.308,hip2,HIP99762,
34782,,,7.201144,-30.821421,6.169,0.273,hip2,HIP34782,
97629,,,19.842761,32.914151,6.170,2.100,hip2,HIP97629,
26821,,,5.694865,-16.725843,6.170,-0.136,hip2,HIP26821,
105334,,,21.335967,-45.021900,6.170,2.387,hip2,HIP105334,
106518,,,21.574294,51.698469,6.170,-0.015,hip2,HIP106518,
2224,,,0.470192,16.445101,6.170,1.580,hip2,HIP2224,
48017,,,9.788371,79.136730,6.170,0.303,hip2,HIP48017,
68080,,,13.938887,-54.132373,6.170,0.071,hip2,HIP68080,
87744,,,17.923227,55.971091,6.171,0.316,hip2,HIP87744,
23511,,,5.055177,41.441653,6.171,0.188,hip2,HIP23511,
43266,,,8.813689,66.708168,6.171,-0.106,hip2,HIP43266,
45184,,,9.207237,-7.109880,6.172,0.232,hip2,HIP45184,
43811,,,8.923023,17.231260,6.172,2.975,hip2,HIP43811,
64212,,,13.160756,37.423132,6.172,1.169,hip2,HIP64212,
102080,,,20.687837,14.582879,6.172,1.235,hip2,HIP102080,
394,,,0.081600,34.659784,6.172,0.581,tyc2,TYC2267-00101-1,2267-00101-1
103346,,,20.938057,56.887507,6.172,-0.172,hip2,HIP103346,
68637,,,14.049938,50.971825,6.172,0.026,hip2,HIP68637,
71639,,,14.653060,-46.583956,6.173,0.508,hip2,HIP71639,
103734,,,21.020241,36.026025,6.173,0.994,hip2,HIP103734,
55106,,,11.282828,-7.134708,6.173,0.211,hip2,HIP55106,
3137,,,0.664421,-44.796333,6.173,1.142,hip2,HIP3137,
59396,,,12.184791,-61.277380,6.174,0.398,hip2,HIP59396,
17475,,,3.744697,46.099871,6.174,0.291,hip2,HIP17475,
23377,,,5.026257,-39.718126,6.174,0.893,hip2,HIP23377,
33492,,,6.961844,-27.537524,6.174,-0.147,hip2,HIP33492,
30711,,,6.453188,-25.855972,6.174,0.545,hip2,HIP30711,
98575,,,20.023289,-22.737279,6.174,0.981,hip2,HIP98575,
24349,,,5.225431,1.967685,6.175,0.421,hip2,HIP24349,
104297,,,21.129077,-17.455788,6.175,-0.035,hip2,HIP104297,
76935,,,15.710342,-49.489498,6.175,1.315,hip2,HIP76935,
53818,,,11.011343,-31.839619,6.175,0.527,hip2,HIP53818,
21269,,,4.563383,9.413622,6.175,1.061,hip2,HIP21269,
65755,,,13.479673,-69.627113,6.175,-0.014,hip2,HIP65755,
7050,,,1.514448,66.098114,6.176,0.070,hip2,HIP7050,
117956,,,23.925968,47.355822,6.176,1.170,hip2,HIP117956,
61103,,,12.522619,7.604283,6.176,1.523,hip2,HIP61103,
15850,,,3.402810,12.629643,6.176,1.227,hip2,HIP15850,
103828,,,21.040057,44.790990,6.176,1.687,hip2,HIP103828,
71581,,,14.638705,-38.794133,6.177,1.422,hip2,HIP71581,
35920,,,7.404788,-22.912765,6.177,-0.088,hip2,HIP35920,
56364,,,11.554114,-16.280273,6.177,0.590,hip2,HIP56364,
42936,,,8.751542,-58.724320,6.177,-0.083,hip2,HIP42936,
26477,,,5.631496,-4.814036,6.177,-0.029,hip2,HIP26477,
59307,,,12.167384,-34.704736,6.177,0.030,hip2,HIP59307,
21038,,,4.510667,32.457815,6.178,-0.026,hip2,HIP21038,
50755,,,10.363978,14.975801,6.178,0.018,hip2,HIP50755,
69113,,,14.147751,-43.470737,6.178,-0.056,hip2,HIP69113,
62757,,,12.860253,3.056739,6.179,1.288,hip2,HIP62757,
93140,,,18.973564,-22.529525,6.179,0.087,hip2,HIP93140,
77927,,,15.914622,-60.743641,6.179,0.121,hip2,HIP77927,
107310,,,21.735715,28.742648,6.179,0.515,tyc2,TYC2201-02078-2,2201-02078-2
9586,,,2.052919,73.850565,6.179,0.162,hip2,HIP9586,
10438,,,2.241418,66.524442,6.179,0.641,hip2,HIP10438,
26106,,,5.567747,-1.035719,6.179,-0.160,hip2,HIP26106,
27303,,,5.784606,-28.638939,6.179,-0.132,hip2,HIP27303,
17734,,,3.797112,-36.105829,6.179,-0.102,hip2,HIP17734,
78726,,,16.071622,-33.213635,6.179,0.338,hip2,HIP78726,
21242,,,4.556916,43.063880,6.180,0.370,hip2,HIP21242,
26315,,,5.604430,47.715338,6.180,0.295,hip2,HIP26315,
29843,,,6.284311,-22.714601,6.180,0.576,hip2,HIP29843,
41798,,,8.522216,37.265015,6.180,-0.039,hip2,HIP41798,
22955,,,4.938913,36.168547,6.180,0.352,hip2,HIP22955,
33094,,,6.892710,-28.538720,6.180,0.708,hip2,HIP33094,
106052,,,21.481312,55.418668,6.180,0.100,hip2,HIP106052,
16303,,,3.503037,59.366069,6.180,0.095,hip2,HIP16303,
3436,,,0.730580,-12.011307,6.181,1.107,hip2,HIP3436,
75770,,,15.479003,47.201502,6.181,0.100,hip2,HIP75770,
24384,,,5.231482,-52.030721,6.181,1.392,hip2,HIP24384,
74600,,,15.242713,-17.768533,6.181,-0.015,hip2,HIP74600,
14748,,,3.174179,26.896071,6.182,1.278,hip2,HIP14748,
38975,,,7.975410,16.518690,6.182,1.468,hip2,HIP38975,
17437,,,3.735119,48.523685,6.182,1.552,hip2,HIP17437,
3685,,,0.787100,19.578686,6.182,0.270,hip2,HIP3685,
75342,,,15.395463,-1.022315,6.182,0.264,hip2,HIP75342,
78078,,,15.942592,-14.829353,6.182,0.243,hip2,HIP78078,
56789,,,11.642651,46.834276,6.183,0.401,hip2,HIP56789,
99145,,,20.128178,34.422920,6.183,0.117,hip2,HIP99145,
33614,,,6.984133,38.052615,6.183,1.218,hip2,HIP33614,
52150,,,10.654427,-74.493384,6.183,1.683,hip2,HIP52150,
35842,,,7.391154,22.945436,6.183,0.006,hip2,HIP35842,
38879,,,7.955577,-47.890729,6.183,-0.099,hip2,HIP38879,
50635,,,10.341996,54.216854,6.184,1.128,hip2,HIP50635,
20109,,,4.311106,-52.860275,6.184,0.489,hip2,HIP20109,
84108,,,17.194515,49.746311,6.184,0.185,hip2,HIP84108,
116097,,,23.524145,-44.843529,6.184,1.014,hip2,HIP116097,
105841,,,21.437622,-54.660553,6.184,0.366,hip2,HIP105841,
114187,,,23.124372,32.825373,6.184,0.137,hip2,HIP114187,
111869,,,22.659535,37.592814,6.185,0.854,hip2,HIP111869,
65892,,,13.507138,-6.470295,6.185,0.341,hip2,HIP65892,
36807,,,7.570240,-33.463584,6.185,0.297,hip2,HIP36807,
13387,,,2.871929,-62.909598,6.185,1.249,hip2,HIP13387,
14040,,,3.014132,-2.878642,6.185,1.751,hip2,HIP14040,
33079,,,6.889402,-18.932929,6.186,0.156,hip2,HIP33079,
85788,,,17.530305,-46.036776,6.186,0.805,hip2,HIP85788,
46914,,,9.562365,-49.005189,6.186,-0.094,tyc2,TYC8175-01477-1,8175-01477-1
67271,,,13.787057,-9.709349,6.186,1.418,hip2,HIP67271,
48876,,,9.968784,8.314044,6.186,1.357,hip2,HIP48876,
70325,,,14.388962,-50.772234,6.186,1.360,hip2,HIP70325,
3334,,,0.708614,58.753431,6.186,-0.004,hip2,HIP3334,
26072,,,5.560788,20.474234,6.186,-0.034,hip2,HIP26072,
113137,,,22.910988,-70.073887,6.186,0.660,hip2,HIP113137,
102216,,,20.711026,60.601362,6.187,0.034,hip2,HIP102216,
58697,,,12.039077,-85.631761,6.187,1.290,hip2,HIP58697,
2629,,,0.556452,-71.266215,6.187,0.265,hip2,HIP2629,
31617,,,6.617192,-38.146616,6.188,1.030,hip2,HIP31617,
12775,,,2.736277,-52.570561,6.188,0.088,hip2,HIP12775,
45033,,,9.172460,21.996405,6.188,0.890,hip2,HIP45033,
64774,,,13.274627,68.407961,6.188,-0.052,hip2,HIP64774,
90487,,,18.463978,3.748590,6.188,1.610,hip2,HIP90487,
94598,,,19.250747,20.203150,6.188,0.895,hip2,HIP94598,
5483,,,1.169841,15.673971,6.188,1.535,hip2,HIP5483,
25776,,,5.503870,-84.785212,6.188,-0.003,hip2,HIP25776,
45814,,,9.341579,-37.581635,6.188,1.396,hip2,HIP45814,
90182,,,18.402550,83.175457,6.188,0.051,hip2,HIP90182,
77574,,,15.837856,-45.401632,6.188,0.299,hip2,HIP77574,
88346,,,18.041710,22.923243,6.189,-0.092,hip2,HIP88346,
92269,,,18.804470,48.767438,6.189,0.225,hip2,HIP92269,
103301,,,20.927956,4.532696,6.189,0.824,hip2,HIP103301,
46067,,,9.394381,-46.908769,6.189,-0.093,hip2,HIP46067,
46093,,,9.399816,-51.737091,6.189,0.528,hip2,HIP46093,
107856,,,21.851382,39.536649,6.189,-0.068,hip2,HIP107856,
98636,,,20.033737,24.937988,6.189,0.337,tyc2,TYC2145-01661-2,2145-01661-2
54708,,,11.200999,-58.423354,6.189,1.495,hip2,HIP54708,
64994,,,13.321943,-72.035478,6.190,1.341,hip2,HIP64994,
101746,,,20.621772,0.097002,6.190,-0.076,hip2,HIP101746,
7115,,,1.527504,-45.575724,6.191,0.066,hip2,HIP7115,
90304,,,18.425453,-63.021287,6.191,0.202,hip2,HIP90304,
92669,,,18.883305,-46.586356,6.191,0.051,hip2,HIP92669,
13402,,,2.875525,-12.769254,6.191,0.862,hip2,HIP13402,
54027,,,11.054042,-0.752069,6.191,0.269,hip2,HIP54027,
73394,,,14.998826,-75.032620,6.191,-0.038,hip2,HIP73394,
19823,,,4.250500,57.460363,6.191,0.600,hip2,HIP19823,
77454,,,15.814004,-52.438227,6.191,1.385,hip2,HIP77454,
58272,,,11.951050,-33.315449,6.192,-0.044,hip2,HIP58272,
87706,,,17.915012,-24.887088,6.192,0.001,hip2,HIP87706,
92593,,,18.867202,13.965667,6.192,-0.008,hip2,HIP92593,
24313,,,5.217453,61.850035,6.192,0.032,hip2,HIP24313,
33041,,,6.883726,38.869140,6.192,0.406,hip2,HIP33041,
40231,,,8.216594,16.514349,6.192,0.890,hip2,HIP40231,
,,,5.590667,-5.416868,6.193,-0.108,tyc2,TYC4774-00934-1,4774-00934-1
35345,,,7.301137,30.955927,6.193,-0.024,hip2,HIP35345,
64933,,,13.309692,-51.285747,6.193,-0.001,hip2,HIP64933,
20255,,,4.340288,18.742726,6.193,0.404,hip2,HIP20255,
86476,,,17.669985,-2.152276,6.194,1.608,hip2,HIP86476,
53465,,,10.937363,42.008392,6.194,1.123,hip2,HIP53465,
63109,,,12.931460,-15.327022,6.194,-0.001,hip2,HIP63109,
78469,,,16.018474,-54.577799,6.194,0.264,hip2,HIP78469,
88020,,,17.978421,36.287916,6.194,0.949,hip2,HIP88020,
103646,,,20.999894,-36.129500,6.194,0.400,hip2,HIP103646,
24451,,,5.245631,53.213948,6.194,0.084,hip2,HIP24451,
37854,,,7.759867,-56.722597,6.194,0.397,hip2,HIP37854,
19177,,,4.110781,65.520860,6.194,0.145,hip2,HIP19177,
55595,,,11.388326,0.132069,6.195,1.464,hip2,HIP55595,
38868,,,7.954412,8.641277,6.195,1.000,hip2,HIP38868,
95154,,,19.359871,76.559598,6.195,2.673,hip2,HIP95154,
63121,,,12.933502,38.314692,6.195,0.337,hip2,HIP63121,
99221,,,20.142019,-10.062512,6.195,0.031,hip2,HIP99221,
73309,,,14.981387,-4.988995,6.196,0.509,hip2,HIP73309,
16181,,,3.474046,22.804277,6.196,0.951,hip2,HIP16181,
33666,,,6.994238,-21.602896,6.196,-0.164,hip2,HIP33666,
67523,,,13.835151,-29.081240,6.196,-0.009,hip2,HIP67523,
92963,,,18.939628,-1.799815,6.196,-0.046,hip2,HIP92963,
85480,,,17.468855,-63.036185,6.197,-0.073,hip2,HIP85480,
60183,,,12.341189,-65.842630,6.197,-0.041,hip2,HIP60183,
60327,,,12.369684,24.773877,6.197,-0.012,hip2,HIP60327,
26862,,,5.703217,-30.535462,6.197,0.023,hip2,HIP26862,
56253,,,11.530855,81.127174,6.197,0.264,hip2,HIP56253,
26234,,,5.589532,-4.424324,6.197,-0.148,hip2,HIP26234,
98111,,,19.938617,56.686975,6.197,0.090,hip2,HIP98111,
76503,,,15.624585,-26.279808,6.197,-0.013,hip2,HIP76503,
42931,,,8.750355,5.680597,6.198,0.200,hip2,HIP42931,
37269,,,7.653335,24.222528,6.198,0.028,hip2,HIP37269,
43073,,,8.773270,-41.125403,6.198,-0.050,hip2,HIP43073,
51425,,,10.502448,-66.984667,6.198,-0.004,hip2,HIP51425,
99579,,,20.208814,51.463602,6.198,1.139,hip2,HIP99579,
90494,,,18.465689,-17.800350,6.198,0.003,hip2,HIP90494,
70952,,,14.512861,63.185764,6.198,0.428,hip2,HIP70952,
115759,,,23.452523,-50.157265,6.198,-0.080,hip2,HIP115759,
36736,,,7.556163,-14.338307,6.198,-0.061,hip2,HIP36736,
33243,,,6.916367,-2.803587,6.199,1.102,hip2,HIP33243,
74571,,,15.236192,42.171449,6.199,1.635,hip2,HIP74571,
13832,,,2.967314,38.614968,6.199,1.403,hip2,HIP13832,
59551,,,12.213064,-70.151786,6.199,1.780,hip2,HIP59551,
19672,,,4.214235,22.413484,6.199,0.171,hip2,HIP19672,
49293,,,10.061386,-9.573769,6.199,1.671,hip2,HIP49293,
60599,,,12.420854,23.926302,6.199,1.094,hip2,HIP60599,
4363,,,0.932092,-27.775827,6.199,1.674,hip2,HIP4363,
20063,,,4.302248,42.141246,6.200,-0.072,hip2,HIP20063,
46529,,,9.490131,-2.205177,6.200,0.222,hip2,HIP46529,
56899,,,11.663985,-16.620208,6.200,1.579,hip2,HIP56899,
96882,,,19.693679,-65.854239,6.200,1.556,hip2,HIP96882,
38074,,,7.802375,-40.652313,6.200,1.591,hip2,HIP38074,
84445,,,17.264267,-30.210621,6.200,-0.027,hip2,HIP84445,
15209,,,3.267898,45.346216,6.200,1.674,hip2,HIP15209,
696,,,0.142635,-17.578040,6.201,1.664,hip2,HIP696,
21239,,,4.556135,-10.785407,6.201,1.379,hip2,HIP21239,
30407,,,6.393311,-9.874739,6.201,1.841,hip2,HIP30407,
80021,,,16.334525,21.132737,6.201,0.938,hip2,HIP80021,
84489,,,17.272689,-35.749465,6.201,0.479,hip2,HIP84489,
94833,,,19.296718,2.031796,6.201,0.019,hip2,HIP94833,
41163,,,8.398669,10.632116,6.202,1.507,hip2,HIP41163,
17772,,,3.805022,50.736772,6.202,0.028,hip2,HIP17772,
38394,,,7.865779,19.325177,6.202,1.125,hip2,HIP38394,
103206,,,20.909749,-50.727302,6.202,-0.098,hip2,HIP103206,
95978,,,19.516747,70.989259,6.202,1.416,hip2,HIP95978,
51676,,,10.557055,-58.190157,6.202,0.325,hip2,HIP51676,
96440,,,19.607239,-18.852890,6.202,0.273,hip2,HIP96440,
101921,,,20.653679,-2.412983,6.202,-0.090,hip2,HIP101921,
46744,,,9.527491,-10.551970,6.202,0.261,hip2,HIP46744,
40818,,,8.330513,3.948086,6.203,0.964,hip2,HIP40818,
94929,,,19.316708,-15.535886,6.203,1.420,hip2,HIP94929,
9085,,,1.949904,-51.766850,6.203,0.487,hip2,HIP9085,
31697,,,6.631307,4.956667,6.204,0.091,hip2,HIP31697,
76372,,,15.598163,11.265685,6.204,1.125,hip2,HIP76372,
98959,,,20.092080,-67.319257,6.205,0.648,hip2,HIP98959,
50109,,,10.230479,27.135828,6.205,0.844,hip2,HIP50109,
45858,,,9.349835,38.188310,6.205,0.380,hip2,HIP45858,
5936,,,1.271917,33.114807,6.205,1.163,hip2,HIP5936,
51795,,,10.582712,-23.176330,6.205,0.496,hip2,HIP51795,
98485,,,20.007352,-43.043332,6.205,1.634,hip2,HIP98485,
11678,,,2.510658,19.855388,6.206,0.247,hip2,HIP11678,
22354,,,4.812396,3.588564,6.206,1.200,hip2,HIP22354,
2789,,,0.592588,-54.821748,6.206,1.001,hip2,HIP2789,
44887,,,9.145434,-26.767626,6.206,0.170,hip2,HIP44887,
77801,,,15.886719,13.197990,6.206,0.598,hip2,HIP77801,
87341,,,17.846770,22.316381,6.206,0.242,hip2,HIP87341,
35442,,,7.317200,-19.280311,6.207,0.612,hip2,HIP35442,
39535,,,8.079255,18.842068,6.207,-0.042,hip2,HIP39535,
41319,,,8.430554,17.046638,6.207,0.448,hip2,HIP41319,
67139,,,13.759748,-15.767409,6.207,0.046,hip2,HIP67139,
22144,,,4.765415,-39.356573,6.207,1.065,hip2,HIP22144,
83138,,,16.989325,56.688505,6.207,1.165,hip2,HIP83138,
83565,,,17.078149,19.599102,6.207,0.010,hip2,HIP83565,
115510,,,23.398458,-53.808656,6.207,0.258,hip2,HIP115510,
25410,,,5.434923,16.700173,6.207,-0.084,hip2,HIP25410,
5824,,,1.245111,6.995197,6.208,1.081,hip2,HIP5824,
106783,,,21.628781,6.618396,6.208,0.046,hip2,HIP106783,
32368,,,6.756494,-23.462488,6.208,1.205,hip2,HIP32368,
114699,,,23.235163,-62.700004,6.208,0.747,tyc2,TYC9128-01083-1,9128-01083-1
28861,,,6.092751,33.599072,6.208,-0.079,hip2,HIP28861,
20781,,,4.451644,-46.946836,6.208,0.470,hip2,HIP20781,
109509,,,22.183973,-21.232686,6.208,0.503,hip2,HIP109509,
117927,,,23.918828,7.071016,6.209,-0.066,hip2,HIP117927,
9568,,,2.049178,77.916275,6.209,1.107,hip2,HIP9568,
14315,,,3.077237,1.863606,6.209,1.045,hip2,HIP14315,
32775,,,6.833614,-60.249409,6.209,0.457,hip2,HIP32775,
4655,,,0.997132,6.483238,6.209,1.654,hip2,HIP4655,
10138,,,2.173885,-50.823683,6.209,0.798,tyc2,TYC8048-01022-1,8048-01022-1
58453,,,11.986355,-51.696748,6.209,1.277,hip2,HIP58453,
93354,,,19.015333,33.802150,6.209,0.983,hip2,HIP93354,
96204,,,19.562787,5.465765,6.209,1.471,hip2,HIP96204,
544,,,0.110147,29.021935,6.209,0.752,hip2,HIP544,
40947,,,8.356717,-39.620730,6.209,0.172,hip2,HIP40947,
26942,,,5.717127,56.581453,6.210,0.951,hip2,HIP26942,
26964,,,5.722083,23.204410,6.210,-0.071,hip2,HIP26964,
34217,,,7.094396,52.758685,6.210,0.102,hip2,HIP34217,
53771,,,11.002316,-51.817806,6.210,0.188,hip2,HIP53771,
25240,,,5.397593,-0.866624,6.210,0.483,hip2,HIP25240,
57971,,,11.890796,-35.066572,6.210,0.089,hip2,HIP57971,
47631,,,9.711876,35.093500,6.211,0.386,hip2,HIP47631,
13713,,,2.942585,47.164004,6.211,1.305,hip2,HIP13713,
13883,,,2.979808,-9.776466,6.211,0.221,hip2,HIP13883,
5650,,,1.209461,45.337480,6.211,1.652,hip2,HIP5650,
59008,,,12.099081,-35.693932,6.211,-0.073,hip2,HIP59008,
70680,,,14.456785,-6.120192,6.211,0.093,hip2,HIP70680,
22844,,,4.914701,-58.547818,6.211,0.442,hip2,HIP22844,
25502,,,5.453861,15.257655,6.211,0.083,hip2,HIP25502,
38184,,,7.824669,-13.352922,6.211,-0.078,hip2,HIP38184,
91852,,Xihe,18.726693,36.556465,6.211,1.040,hip2,HIP91852,
43807,,,8.922004,-45.041691,6.212,-0.152,hip2,HIP43807,
73107,,,14.941908,-32.636710,6.212,1.413,hip2,HIP73107,
82012,,,16.753278,43.217292,6.212,1.415,hip2,HIP82012,
4317,,,0.920738,24.557096,6.212,1.546,hip2,HIP4317,
39067,,,7.993074,13.242205,6.212,1.325,hip2,HIP39067,
48119,,,9.811128,-56.411926,6.212,0.937,hip2,HIP48119,
84780,,,17.329580,2.139483,6.213,1.487,hip2,HIP84780,
22441,,,4.828911,15.904238,6.213,1.551,hip2,HIP22441,
41036,,,8.375055,-6.179159,6.213,0.227,hip2,HIP41036,
67890,,,13.904653,-28.569429,6.213,1.129,hip2,HIP67890,
19730,,,4.229113,72.126230,6.213,1.019,hip2,HIP19730,
62788,,,12.866102,-26.738352,6.213,0.232,hip2,HIP62788,
21611,,,4.639373,-77.655978,6.213,1.080,hip2,HIP21611,
56293,,,11.539816,-26.746853,6.213,1.670,hip2,HIP56293,
81840,,,16.716223,55.689924,6.213,0.088,hip2,HIP81840,
39340,,,8.041895,63.090340,6.213,0.580,hip2,HIP39340,
29129,,,6.142955,-44.356228,6.214,-0.135,hip2,HIP29129,
100697,,,20.415223,-83.310634,6.214,0.203,hip2,HIP100697,
42455,,,8.656170,-36.606819,6.214,0.426,hip2,HIP42455,
59750,,,12.252927,-10.309939,6.214,0.470,hip2,HIP59750,
87516,,,17.880339,-34.114821,6.215,1.241,hip2,HIP87516,
92676,,,18.883989,-48.360727,6.215,0.124,hip2,HIP92676,
104914,,,21.251839,-17.345090,6.215,0.978,hip2,HIP104914,
57214,,,11.731969,-6.677061,6.215,0.960,hip2,HIP57214,
35960,,,7.413157,-37.291259,6.215,0.261,hip2,HIP35960,
93966,,,19.132578,16.854125,6.216,0.705,hip2,HIP93966,
89023,,,18.169091,16.476617,6.216,0.574,hip2,HIP89023,
95396,,,19.405960,-43.722060,6.216,1.603,hip2,HIP95396,
46517,,,9.487848,-38.403549,6.217,0.216,hip2,HIP46517,
50976,,,10.412379,-73.971759,6.217,0.071,hip2,HIP50976,
59851,,,12.273299,-72.614460,6.217,-0.006,hip2,HIP59851,
49394,,,10.083851,-51.313648,6.218,-0.054,hip2,HIP49394,
30028,,,6.318873,-8.586017,6.218,-0.043,hip2,HIP30028,
109984,,,22.276020,-1.596368,6.218,0.194,hip2,HIP109984,
20456,,,4.382752,59.616289,6.218,0.108,hip2,HIP20456,
109939,,,22.266615,8.549599,6.218,0.019,hip2,HIP109939,
105660,,,21.402062,25.312401,6.218,0.026,hip2,HIP105660,
62875,,,12.886475,-3.553090,6.218,0.493,hip2,HIP62875,
109121,,,22.103402,45.248703,6.218,0.078,hip2,HIP109121,
54294,,,11.108139,-58.675036,6.218,1.210,hip2,HIP54294,
76069,,,15.536021,16.056153,6.219,-0.038,hip2,HIP76069,
56901,,,11.664207,-14.468512,6.219,-0.007,hip2,HIP56901,
117710,,,23.873173,21.671114,6.219,1.616,hip2,HIP117710,
64217,,,13.161678,38.533870,6.219,-0.098,hip2,HIP64217,
100232,,,20.328678,-1.078592,6.219,1.093,hip2,HIP100232,
105229,,,21.315370,41.040530,6.220,0.257,hip2,HIP105229,
90012,,,18.366704,-28.429954,6.221,0.264,hip2,HIP90012,
3185,,,0.675780,-23.804860,6.221,0.672,tyc2,TYC6421-00824-1,6421-00824-1
117420,,,23.809022,-6.380377,6.221,1.452,hip2,HIP117420,
7436,,,1.596233,14.661441,6.222,-0.036,hip2,HIP7436,
51245,,,10.467244,-49.405691,6.222,1.506,hip2,HIP51245,
91843,,,18.724724,53.871797,6.222,0.094,hip2,HIP91843,
14365,,,3.089175,40.582192,6.222,1.011,hip2,HIP14365,
93470,,,19.035694,-41.910480,6.222,0.001,hip2,HIP93470,
27472,,,5.817966,62.808196,6.223,0.128,hip2,HIP27472,
78445,,,16.014916,-40.435561,6.223,0.010,hip2,HIP78445,
82780,,,16.917264,25.730728,6.223,0.921,hip2,HIP82780,
17543,,,3.756582,-71.658236,6.223,-0.123,hip2,HIP17543,
28517,,,6.019460,31.034517,6.223,0.095,hip2,HIP28517,
80558,,,16.447240,2.347984,6.223,0.919,hip2,HIP80558,
83504,,,17.066119,13.567737,6.223,1.050,hip2,HIP83504,
96805,,,19.678097,43.077826,6.223,1.561,hip2,HIP96805,
117105,,,23.740279,-70.490376,6.223,0.910,hip2,HIP117105,
69818,,,14.289212,51.307392,6.224,0.070,hip2,HIP69818,
78575,,,16.044278,-29.135777,6.224,1.304,hip2,HIP78575,
30524,,,6.415501,-63.828174,6.224,-0.119,hip2,HIP30524,
39675,,,8.107616,-9.244470,6.224,-0.006,hip2,HIP39675,
95159,,,19.360309,-19.234418,6.224,-0.091,hip2,HIP95159,
39607,,,8.093626,27.529763,6.224,0.010,hip2,HIP39607,
92072,,,18.765554,-50.872678,6.224,-0.080,hip2,HIP92072,
26412,,,5.621248,-27.871201,6.224,0.322,hip2,HIP26412,
67696,,,13.866944,-31.619136,6.224,0.478,hip2,HIP67696,
105864,,,21.441108,1.103752,6.225,0.481,hip2,HIP105864,
83323,,,17.029831,-58.958226,6.225,-0.124,hip2,HIP83323,
28957,,,6.111408,-42.298797,6.225,0.246,hip2,HIP28957,
103616,,,20.993370,-19.035233,6.225,-0.110,hip2,HIP103616,
103703,,,21.014385,-17.530855,6.225,1.267,hip2,HIP103703,
37406,,,7.680433,57.082875,6.225,1.440,hip2,HIP37406,
36340,,,7.479794,15.109860,6.225,-0.040,hip2,HIP36340,
33590,,,6.978261,-45.767583,6.226,-0.006,hip2,HIP33590,
81670,,,16.683501,24.858700,6.226,1.316,hip2,HIP81670,
91491,,,18.659174,40.935062,6.226,-0.052,hip2,HIP91491,
103414,,,20.952936,0.463932,6.226,1.217,hip2,HIP103414,
16310,,,3.503774,-41.369518,6.226,0.489,hip2,HIP16310,
23216,,,4.996206,53.155478,6.226,1.462,hip2,HIP23216,
38147,,,7.817171,13.371888,6.226,1.367,hip2,HIP38147,
40058,,,8.183027,14.629515,6.226,0.010,hip2,HIP40058,
73354,,,14.990889,-43.159812,6.226,0.597,hip2,HIP73354,
36728,,,7.553658,-40.058536,6.227,-0.129,hip2,HIP36728,
44738,,,9.116652,1.462732,6.227,1.648,hip2,HIP44738,
70874,,,14.493632,-76.729014,6.227,1.180,hip2,HIP70874,
39530,,,8.078594,-62.836375,6.227,-0.093,hip2,HIP39530,
80788,,,16.495895,-57.756317,6.227,1.459,hip2,HIP80788,
34536,,,7.155625,-10.346574,6.227,-0.018,hip2,HIP34536,
97372,,,19.790791,47.907655,6.227,1.640,hip2,HIP97372,
5993,,,1.284737,44.902090,6.228,1.590,hip2,HIP5993,
89622,,,18.290022,-28.652030,6.228,0.184,hip2,HIP89622,
98915,,,20.085201,51.839322,6.228,1.601,hip2,HIP98915,
394,,,0.081449,34.659552,6.228,0.632,hip2,HIP394,
75369,,,15.401425,45.271025,6.229,1.212,hip2,HIP75369,
75118,,,15.350378,-15.548385,6.229,0.393,hip2,HIP75118,
34253,,,7.100628,-38.382888,6.229,0.702,hip2,HIP34253,
53702,,,10.987268,-84.593873,6.229,0.100,hip2,HIP53702,
45836,,,9.345498,51.265713,6.229,0.436,hip2,HIP45836,
4185,,,0.891171,37.418317,6.230,1.139,hip2,HIP4185,
112127,,,22.711959,-44.248122,6.230,0.956,hip2,HIP112127,
75093,,,15.344902,44.434627,6.230,0.369,hip2,HIP75093,
1123,,,0.233968,33.206085,6.231,0.009,hip2,HIP1123,
71729,,,14.672745,21.975770,6.231,0.434,hip2,HIP71729,
100184,,,20.321579,-47.579845,6.231,0.469,hip2,HIP100184,
19302,,,4.137628,37.727972,6.231,0.943,hip2,HIP19302,
65630,,,13.455739,-49.381284,6.231,-0.123,hip2,HIP65630,
60992,,,12.501173,58.767810,6.231,0.988,hip2,HIP60992,
60168,,,12.338290,26.001829,6.231,0.306,hip2,HIP60168,
37465,,,7.689868,-22.336752,6.231,1.644,hip2,HIP37465,
75164,,,15.359810,-40.749417,6.231,0.068,hip2,HIP75164,
30448,,,6.400636,8.885036,6.232,-0.060,hip2,HIP30448,
71154,,,14.552673,-30.714972,6.232,1.030,hip2,HIP71154,
100764,,,20.430002,-40.795973,6.232,1.364,hip2,HIP100764,
106818,,,21.634112,-64.824145,6.232,0.021,hip2,HIP106818,
25401,,,5.433989,-5.518504,6.232,-0.047,hip2,HIP25401,
45413,,,9.254067,-45.555494,6.232,-0.070,hip2,HIP45413,
46045,,,9.390383,-48.286957,6.232,-0.144,hip2,HIP46045,
14551,,,3.130779,-27.831101,6.233,0.166,hip2,HIP14551,
97796,,,19.872713,18.671900,6.233,-0.031,hip2,HIP97796,
8115,,,1.738309,57.536661,6.233,0.131,hip2,HIP8115,
12786,,,2.739033,-32.524662,6.233,0.040,hip2,HIP12786,
12584,,,2.696759,-3.213777,6.233,1.175,hip2,HIP12584,
39238,,,8.025440,-55.454674,6.233,-0.146,hip2,HIP39238,
53231,,,10.889217,-58.893461,6.233,-0.104,hip2,HIP53231,
7506,,,1.612436,-58.270968,6.233,1.607,hip2,HIP7506,
12160,,,2.611958,31.607666,6.234,1.052,hip2,HIP12160,
94280,,,19.189765,40.429158,6.234,0.093,hip2,HIP94280,
109082,,,22.097561,48.231504,6.234,-0.088,hip2,HIP109082,
106938,,,21.657804,-10.576769,6.234,1.034,hip2,HIP106938,
116030,,,23.510983,38.662212,6.234,0.992,hip2,HIP116030,
112635,,,22.812289,62.938532,6.235,1.194,hip2,HIP112635,
15118,,,3.249041,42.503620,6.235,1.093,hip2,HIP15118,
1465,,,0.304796,11.206283,6.235,1.036,hip2,HIP1465,
65288,,,13.381250,-47.943219,6.235,0.181,hip2,HIP65288,
91723,,,18.703989,-81.808073,6.235,-0.104,hip2,HIP91723,
50851,,,10.383460,6.542884,6.235,1.119,hip2,HIP50851,
60591,,,12.419062,-42.514258,6.236,0.652,hip2,HIP60591,
76395,,,15.603160,-33.092746,6.236,-0.070,hip2,HIP76395,
46840,,,9.544835,1.864239,6.236,0.614,hip2,HIP46840,
74272,,,15.178999,67.781067,6.236,0.143,hip2,HIP74272,
77995,,,15.927738,18.620771,6.236,-0.089,hip2,HIP77995,
75915,,,15.505918,-41.918964,6.237,-0.005,hip2,HIP75915,
15840,,,3.400632,-69.624651,6.237,0.482,hip2,HIP15840,
49233,,,10.049986,-60.178686,6.237,0.175,hip2,HIP49233,
21298,,,4.570613,-6.837717,6.237,1.384,hip2,HIP21298,
89096,,,18.184558,-47.513048,6.237,1.193,hip2,HIP89096,
30769,,,6.465747,20.496288,6.237,0.041,hip2,HIP30769,
101507,,,20.569904,-13.721262,6.237,0.543,hip2,HIP101507,
29569,,,6.229262,51.172624,6.237,1.051,hip2,HIP29569,
65951,,,13.521067,42.106086,6.237,1.075,hip2,HIP65951,
22192,,,4.773820,-28.087488,6.238,0.189,hip2,HIP22192,
28321,,,5.983630,-9.382258,6.238,0.333,hip2,HIP28321,
41262,,,8.418026,35.011436,6.238,1.261,hip2,HIP41262,
84479,,,17.270626,2.186244,6.238,0.235,hip2,HIP84479,
108478,,,21.975020,-59.012210,6.238,0.469,hip2,HIP108478,
34200,,,7.092236,-34.777798,6.238,0.353,hip2,HIP34200,
2337,,,0.497725,-14.864026,6.239,0.388,hip2,HIP2337,
20498,,,4.393278,42.427992,6.239,0.023,hip2,HIP20498,
78685,,,16.062698,4.986792,6.239,0.960,hip2,HIP78685,
100486,,,20.377031,31.265021,6.239,1.363,hip2,HIP100486,
108281,,,21.937233,-57.899606,6.239,0.215,hip2,HIP108281,
33269,,,6.920738,43.910048,6.239,0.314,hip2,HIP33269,
29789,,,6.271960,23.970048,6.239,0.897,hip2,HIP29789,
72469,,,14.818592,37.810913,6.239,0.389,hip2,HIP72469,
85839,,,17.540176,-34.279324,6.240,0.360,hip2,HIP85839,
4023,,,0.859386,51.571453,6.240,0.032,hip2,HIP4023,
22847,,,4.915227,-39.628661,6.240,1.423,hip2,HIP22847,
31168,,,6.539798,11.673606,6.240,1.069,hip2,HIP31168,
34318,,,7.114579,-24.960581,6.240,1.341,hip2,HIP34318,
73706,,,15.066037,65.919736,6.240,0.055,hip2,HIP73706,
107596,,,21.793945,-5.916840,6.240,0.230,hip2,HIP107596,
11578,,,2.487119,23.469078,6.240,0.155,hip2,HIP11578,
52112,,,10.647314,-42.753414,6.240,0.661,hip2,HIP52112,
86088,,,17.593056,-59.846097,6.241,-0.081,hip2,HIP86088,
15244,,,3.276601,-9.154746,6.241,0.407,hip2,HIP15244,
65311,,,13.385734,-33.189887,6.241,1.653,hip2,HIP65311,
107956,,,21.871715,21.273103,6.241,1.601,hip2,HIP107956,
33126,,,6.898738,-24.538760,6.242,0.016,hip2,HIP33126,
1939,,,0.408241,-2.218961,6.242,1.216,hip2,HIP1939,
87926,,,17.961578,-76.177946,6.242,1.205,hip2,HIP87926,
104357,,,21.141151,6.989354,6.242,1.669,hip2,HIP104357,
105558,,,21.378342,30.309864,6.242,1.079,hip2,HIP105558,
80910,,,16.523019,-26.537552,6.243,1.085,hip2,HIP80910,
93134,,,18.972587,-31.035856,6.243,1.347,hip2,HIP93134,
113234,,,22.930984,-31.633204,6.243,1.358,hip2,HIP113234,
26718,,,5.678347,31.920618,6.243,2.088,hip2,HIP26718,
107734,,,21.824129,20.462444,6.243,-0.097,hip2,HIP107734,
137,,,0.028846,42.367148,6.244,-0.042,hip2,HIP137,
33040,,,6.883418,-26.957473,6.244,1.408,hip2,HIP33040,
23743,,,5.103372,59.021403,6.244,1.112,hip2,HIP23743,
97687,,,19.853084,-2.460890,6.244,1.573,hip2,HIP97687,
3552,,,0.756696,-4.629251,6.244,1.652,hip2,HIP3552,
29210,,,6.160060,-5.711433,6.244,0.352,hip2,HIP29210,
83706,,,17.107880,-35.451039,6.244,0.438,hip2,HIP83706,
50292,,,10.269170,-11.203417,6.244,1.096,hip2,HIP50292,
11603,,,2.493155,9.565624,6.244,1.021,hip2,HIP11603,
46410,,,9.464341,75.098300,6.244,0.115,hip2,HIP46410,
84524,,,17.278542,-6.244957,6.245,1.100,hip2,HIP84524,
87928,,,17.961872,-56.896223,6.245,-0.066,hip2,HIP87928,
100268,,,20.337562,39.403280,6.245,0.060,hip2,HIP100268,
37339,,,7.665027,32.009824,6.245,0.374,hip2,HIP37339,
84510,,,17.276583,-74.532880,6.245,-0.004,hip2,HIP84510,
26363,,,5.614561,40.182385,6.245,1.032,hip2,HIP26363,
40167,,,8.203546,17.647749,6.245,0.587,tyc2,TYC1381-01638-2,1381-01638-2
24493,,,5.255145,-1.409061,6.245,0.401,hip2,HIP24493,
117075,,,23.733626,-45.083128,6.245,0.978,hip2,HIP117075,
48396,,,9.866535,-16.534611,6.245,1.035,hip2,HIP48396,
90253,,,18.415890,-1.579403,6.245,0.381,hip2,HIP90253,
38845,,,7.949392,-42.406516,6.245,1.361,hip2,HIP38845,
65183,,,13.358283,-19.489287,6.245,0.098,hip2,HIP65183,
110712,,,22.430840,-75.015719,6.245,0.599,hip2,HIP110712,
44315,,,9.025390,5.640995,6.246,1.111,hip2,HIP44315,
30019,,,6.317180,17.325271,6.246,-0.094,hip2,HIP30019,
28908,,,6.102396,35.388458,6.246,0.600,hip2,HIP28908,
99920,,,20.273225,-36.453536,6.246,1.467,hip2,HIP99920,
66086,,,13.546715,24.347210,6.246,0.969,hip2,HIP66086,
97139,,,19.742831,13.302809,6.247,-0.041,hip2,HIP97139,
101044,,,20.484116,83.625463,6.247,0.163,hip2,HIP101044,
71469,,,14.616604,-12.305345,6.247,0.418,tyc2,TYC5572-00319-1,5572-00319-1
109667,,,22.215972,-26.327724,6.247,0.169,hip2,HIP109667,
28677,,,6.054965,42.911887,6.247,0.979,hip2,HIP28677,
86373,,,17.649408,13.329156,6.247,0.567,hip2,HIP86373,
110171,,,22.315602,37.769180,6.247,0.270,hip2,HIP110171,
115496,,,23.395947,-43.124457,6.247,1.464,hip2,HIP115496,
24820,,,5.320754,20.134661,6.248,1.020,hip2,HIP24820,
13700,,,2.940182,64.332444,6.248,1.994,hip2,HIP13700,
70022,,,14.328048,0.384364,6.248,0.201,hip2,HIP70022,
101626,,,20.597686,-69.610478,6.248,1.293,hip2,HIP101626,
31813,,,6.651470,22.030940,6.248,1.027,hip2,HIP31813,
86925,,,17.761175,31.504684,6.249,0.008,hip2,HIP86925,
89684,,,18.302143,18.131684,6.249,-0.004,hip2,HIP89684,
25532,,,5.460136,-21.375791,6.249,1.032,hip2,HIP25532,
87495,,,17.877418,-6.143565,6.249,1.250,hip2,HIP87495,
106758,,,21.626048,-0.390494,6.249,0.056,hip2,HIP106758,
105768,,,21.421670,-71.799073,6.249,1.265,hip2,HIP105768,
48584,,,9.908842,-22.487453,6.250,0.052,hip2,HIP48584,
61796,,,12.665528,-66.511122,6.250,-0.050,hip2,HIP61796,
83317,,,17.027800,75.297667,6.250,0.306,hip2,HIP83317,
114212,,,23.129927,63.633471,6.250,-0.025,hip2,HIP114212,
78603,,,16.047925,-62.541525,6.250,-0.015,hip2,HIP78603,
75091,,,15.344600,-67.481501,6.250,-0.090,hip2,HIP75091,
49900,,,10.188266,-7.316593,6.250,0.026,hip2,HIP49900,
94974,,,19.326784,54.376057,6.250,0.030,hip2,HIP94974,
107197,,,21.712603,59.270841,6.250,1.349,hip2,HIP107197,
12611,,,2.702343,-46.524212,6.250,0.876,hip2,HIP12611,
25317,,,5.415439,-44.225705,6.251,1.195,hip2,HIP25317,
95492,,,19.423822,24.912773,6.251,0.465,tyc2,TYC2129-02770-1,2129-02770-1
66574,,,13.646064,-70.444753,6.251,1.415,hip2,HIP66574,
47145,,,9.607059,-48.751161,6.251,0.277,hip2,HIP47145,
60603,,,12.421780,-27.748999,6.251,1.272,hip2,HIP60603,
43204,,,8.801353,-6.558761,6.252,1.282,hip2,HIP43204,
36045,,,7.428607,-31.738732,6.252,-0.176,hip2,HIP36045,
101213,,,20.516138,20.606006,6.252,0.138,hip2,HIP101213,
34142,,,7.079734,-22.031602,6.253,1.225,hip2,HIP34142,
101090,,,20.492038,-22.391491,6.253,1.543,hip2,HIP101090,
109303,,,22.144684,45.742138,6.253,0.763,hip2,HIP109303,
45742,,,9.325691,-55.186491,6.253,-0.099,hip2,HIP45742,
89726,,,18.311154,-42.288385,6.253,-0.144,hip2,HIP89726,
51816,,,10.586236,-43.664662,6.253,0.940,hip2,HIP51816,
112098,,,22.705781,53.908768,6.253,1.634,hip2,HIP112098,
11465,,,2.464375,50.570194,6.253,0.435,hip2,HIP11465,
82339,,,16.824353,-15.668001,6.253,0.234,hip2,HIP82339,
95235,,,19.375931,33.518235,6.253,1.052,hip2,HIP95235,
602,,,0.121743,-17.387031,6.254,0.133,hip2,HIP602,
8991,,,1.930625,-78.348677,6.254,0.448,hip2,HIP8991,
83650,,,17.096796,-44.105102,6.254,0.281,hip2,HIP83650,
86809,,,17.738125,14.410031,6.254,0.211,hip2,HIP86809,
11671,,,2.509108,-22.545242,6.254,1.581,hip2,HIP11671,
113531,,,22.993244,-13.070891,6.254,1.459,hip2,HIP113531,
101221,,,20.517870,-15.056051,6.254,0.797,hip2,HIP101221,
72412,,,14.806503,24.366737,6.255,0.505,hip2,HIP72412,
101608,,,20.592280,-16.525811,6.255,0.218,hip2,HIP101608,
87404,,,17.862375,-45.600687,6.255,0.949,hip2,HIP87404,
79781,,,16.282022,-3.953365,6.255,0.326,hip2,HIP79781,
19720,,,4.226265,10.212519,6.256,0.021,hip2,HIP19720,
34954,,,7.232595,-30.339802,6.256,-0.183,hip2,HIP34954,
107723,,,21.821948,61.272816,6.256,1.685,hip2,HIP107723,
93049,,,18.953975,-43.916945,6.256,-0.073,hip2,HIP93049,
16677,,,3.577072,-9.868274,6.256,0.019,hip2,HIP16677,
30906,,,6.487448,2.646291,6.256,1.539,hip2,HIP30906,
46297,,,9.441236,-40.501721,6.256,0.250,hip2,HIP46297,
21486,,,4.614150,-30.716795,6.256,-0.095,hip2,HIP21486,
21108,,,4.523360,40.010213,6.256,0.009,hip2,HIP21108,
20284,,,4.347960,13.864471,6.257,0.456,hip2,HIP20284,
66860,,,13.703606,8.388606,6.257,0.418,hip2,HIP66860,
92386,,,18.826996,0.836236,6.257,0.041,hip2,HIP92386,
83740,,,17.114785,-26.512991,6.257,-0.038,hip2,HIP83740,
1193,,,0.248853,22.284252,6.257,-0.004,hip2,HIP1193,
10138,,,2.173334,-50.825315,6.257,0.812,hip2,HIP10138,
97845,,,19.883681,47.807738,6.257,-0.126,hip2,HIP97845,
5992,,,1.284356,-66.397891,6.257,0.052,hip2,HIP5992,
21251,,,4.559178,18.016764,6.258,0.077,hip2,HIP21251,
18455,,,3.943862,-9.750857,6.258,0.269,hip2,HIP18455,
25781,,,5.504407,-63.927830,6.258,0.225,hip2,HIP25781,
49689,,,10.143180,-15.611947,6.258,-0.007,hip2,HIP49689,
109659,,,22.214645,73.307143,6.258,1.006,hip2,HIP109659,
114750,,,23.244494,-10.688628,6.258,1.504,hip2,HIP114750,
66992,,,13.729204,22.700512,6.258,1.447,hip2,HIP66992,
92599,,,18.868681,41.383248,6.258,-0.083,hip2,HIP92599,
9318,,,1.994744,-66.066573,6.259,1.176,hip2,HIP9318,
21689,,,4.656427,25.218303,6.259,0.176,hip2,HIP21689,
16252,,,3.490629,46.937938,6.259,0.131,hip2,HIP16252,
32827,,,6.843601,-25.778409,6.259,-0.183,hip2,HIP32827,
99585,,,20.209756,0.867102,6.259,0.042,hip2,HIP99585,
19641,,,4.208701,17.277507,6.259,1.081,hip2,HIP19641,
8820,,,1.889744,-38.594703,6.260,1.125,hip2,HIP8820,
5121,,,1.093584,-9.979240,6.260,1.011,hip2,HIP5121,
105344,,,21.337242,22.026173,6.260,-0.106,hip2,HIP105344,
99685,,,20.228560,43.379003,6.260,1.489,hip2,HIP99685,
39974,,,8.163250,-42.640824,6.260,-0.036,hip2,HIP39974,
59678,,,12.238037,-64.408519,6.260,0.075,hip2,HIP59678,
32332,,,6.748798,-70.433773,6.260,1.335,hip2,HIP32332,
16974,,,3.638807,56.932798,6.261,-0.099,hip2,HIP16974,
32012,,,6.688116,11.003179,6.261,1.675,hip2,HIP32012,
75939,,,15.510069,-20.728482,6.261,0.192,hip2,HIP75939,
43195,,,8.800068,-52.850208,6.261,-0.097,hip2,HIP43195,
57629,,,11.817056,-0.318678,6.261,0.518,hip2,HIP57629,
106752,,,21.624410,44.696614,6.261,0.218,hip2,HIP106752,
26300,,,5.600793,-47.313727,6.262,1.159,hip2,HIP26300,
55528,,,11.373096,-44.645847,6.262,0.926,hip2,HIP55528,
81903,,,16.729362,-41.119140,6.262,0.143,hip2,HIP81903,
99479,,,20.189172,21.874966,6.263,-0.048,hip2,HIP99479,
94932,,,19.316986,37.445313,6.263,0.012,hip2,HIP94932,
91606,,,18.682333,62.749335,6.263,0.978,hip2,HIP91606,
100758,,,20.428480,-2.800280,6.263,1.193,hip2,HIP100758,
109205,,,22.123775,53.307447,6.263,0.389,hip2,HIP109205,
108347,,,21.950595,-37.746856,6.263,0.321,hip2,HIP108347,
95673,,,19.460110,37.941208,6.263,-0.120,hip2,HIP95673,
92643,,,18.876957,-29.379563,6.263,1.344,hip2,HIP92643,
109902,,,22.259731,-44.451494,6.263,0.988,hip2,HIP109902,
58545,,,12.005234,80.853277,6.264,1.610,hip2,HIP58545,
25786,,,5.505765,-7.434812,6.264,-0.194,hip2,HIP25786,
27900,,,5.903708,10.586421,6.264,1.404,hip2,HIP27900,
75742,,,15.474226,-51.597922,6.264,1.067,hip2,HIP75742,
97971,,,19.911236,-61.170815,6.264,0.163,hip2,HIP97971,
11415,,,2.452016,27.012578,6.264,1.461,hip2,HIP11415,
64496,,,13.220149,18.727127,6.264,1.201,hip2,HIP64496,
113781,,,23.042378,-6.573929,6.264,1.590,hip2,HIP113781,
97789,,,19.871224,36.432284,6.265,1.434,hip2,HIP97789,
112615,,,22.808387,-10.555497,6.265,0.274,hip2,HIP112615,
26257,,,5.591966,-4.364049,6.265,-0.160,hip2,HIP26257,
76337,,,15.592577,17.655588,6.265,0.975,hip2,HIP76337,
3527,,,0.749922,-53.714900,6.266,0.524,hip2,HIP3527,
114081,,,23.105001,18.517614,6.266,0.482,hip2,HIP114081,
31766,,,6.643941,1.613524,6.266,0.086,hip2,HIP31766,
41907,,,8.544965,-73.356965,6.266,0.946,hip2,HIP41907,
83359,,,17.037715,64.600655,6.266,0.960,hip2,HIP83359,
107186,,,21.710780,49.600265,6.266,0.993,hip2,HIP107186,
101556,,,20.580668,51.854235,6.266,0.318,hip2,HIP101556,
84054,,,17.184214,24.237621,6.266,0.227,hip2,HIP84054,
105678,,,21.404648,-69.733864,6.266,2.607,hip2,HIP105678,
55308,,,11.326828,-75.142450,6.266,-0.016,hip2,HIP55308,
95953,,,19.513009,36.228533,6.266,-0.015,hip2,HIP95953,
2388,,,0.507730,-40.939625,6.266,0.315,hip2,HIP2388,
35893,,,7.399539,-35.837861,6.267,-0.136,hip2,HIP35893,
107558,,,21.784638,17.194075,6.267,0.350,hip2,HIP107558,
118048,,,23.944865,22.648107,6.267,1.635,hip2,HIP118048,
1099,,,0.228994,-26.284983,6.267,1.490,hip2,HIP1099,
31674,,,6.627996,-12.984812,6.267,0.994,hip2,HIP31674,
53355,,,10.911723,25.490723,6.267,0.291,hip2,HIP53355,
10814,,,2.319679,46.472290,6.268,0.164,hip2,HIP10814,
80227,,,16.377475,-2.079852,6.268,0.058,hip2,HIP80227,
102712,,,20.811871,51.910325,6.268,-0.071,hip2,HIP102712,
103894,,,21.051341,38.657429,6.268,1.011,hip2,HIP103894,
14392,,,3.094486,56.069025,6.269,1.049,hip2,HIP14392,
114699,,,23.234994,-62.698971,6.269,0.787,hip2,HIP114699,
61703,,,12.647879,-67.193047,6.269,0.007,hip2,HIP61703,
40859,,,8.338059,-5.329824,6.269,1.329,hip2,HIP40859,
83575,,,17.080485,48.804132,6.269,1.091,hip2,HIP83575,
15125,,,3.250077,-26.100406,6.269,0.038,hip2,HIP15125,
21718,,,4.663114,-1.052438,6.269,0.943,hip2,HIP21718,
4501,,,0.961010,45.839395,6.269,1.028,hip2,HIP4501,
98044,,,19.922790,58.250376,6.269,1.021,hip2,HIP98044,
72097,,,14.748769,-58.477389,6.269,1.013,hip2,HIP72097,
111170,,,22.521727,-6.554888,6.269,0.565,hip2,HIP111170,
25288,,,5.410028,2.353167,6.270,-0.145,hip2,HIP25288,
68842,,,14.096259,-54.669301,6.270,0.225,hip2,HIP68842,
31733,,,6.639018,-2.543912,6.270,1.470,hip2,HIP31733,
41806,,,8.523527,-39.064133,6.270,-0.133,hip2,HIP41806,
93523,,,19.047949,19.661014,6.270,1.317,hip2,HIP93523,
95067,,,19.342514,35.185955,6.270,-0.092,hip2,HIP95067,
111550,,,22.598160,50.070788,6.270,-0.071,hip2,HIP111550,
116592,,,23.627684,16.825504,6.271,0.025,hip2,HIP116592,
40926,,,8.352125,-64.105954,6.271,0.930,hip2,HIP40926,
100511,,,20.381200,14.551115,6.271,0.498,hip2,HIP100511,
4829,,,1.033837,-57.002429,6.271,0.935,hip2,HIP4829,
49769,,,10.158913,-35.856810,6.271,0.615,hip2,HIP49769,
14972,,,3.217081,-35.943707,6.271,-0.076,hip2,HIP14972,
8148,,,1.746153,57.089221,6.271,0.062,hip2,HIP8148,
94140,,,19.162723,65.978443,6.271,0.008,hip2,HIP94140,
41949,,,8.551346,-24.606893,6.271,0.270,hip2,HIP41949,
93887,,,19.118980,-18.738128,6.272,-0.044,hip2,HIP93887,
34940,,,7.230108,-22.905786,6.272,-0.184,hip2,HIP34940,
38635,,,7.911091,-34.846684,6.272,1.540,hip2,HIP38635,
89298,,,18.221258,21.880209,6.272,1.472,hip2,HIP89298,
7271,,,1.560906,-78.504486,6.272,0.970,hip2,HIP7271,
20231,,,4.336097,31.953207,6.272,1.679,hip2,HIP20231,
80514,,,16.436504,11.407461,6.273,1.065,hip2,HIP80514,
14821,,,3.189424,13.047803,6.273,1.038,hip2,HIP14821,
93270,,,18.999478,22.814492,6.273,1.672,hip2,HIP93270,
,,,3.789177,24.116267,6.273,0.025,tyc2,TYC1800-02201-1,1800-02201-1
45058,,,9.177444,30.963139,6.273,1.349,tyc2,TYC2492-01847-1,2492-01847-1
,,,17.895972,-34.786032,6.273,0.015,tyc2,TYC7386-00092-1,7386-00092-1
63211,,,12.952168,46.176920,6.273,1.011,hip2,HIP63211,
94272,,,19.188557,-29.502242,6.273,-0.031,hip2,HIP94272,
107901,,,21.861572,-18.622753,6.273,0.374,hip2,HIP107901,
14749,,,3.174232,-48.734096,6.273,1.118,hip2,HIP14749,
74181,,,15.157093,-63.642881,6.273,0.059,hip2,HIP74181,
113447,,,22.976392,-35.522958,6.273,0.582,hip2,HIP113447,
21961,,,4.720485,24.088964,6.274,0.544,hip2,HIP21961,
26368,,,5.615274,-66.560314,6.274,-0.052,hip2,HIP26368,
4563,,,0.972827,-60.696296,6.274,0.096,hip2,HIP4563,
87150,,,17.805620,3.804197,6.274,0.135,hip2,HIP87150,
88415,,,18.052465,48.464237,6.274,0.037,hip2,HIP88415,
111567,,,22.602194,35.577646,6.274,0.997,hip2,HIP111567,
106605,,,21.590841,24.452187,6.274,0.141,hip2,HIP106605,
106881,,,21.648931,-79.442518,6.275,0.460,hip2,HIP106881,
38406,,,7.868656,3.277534,6.275,1.464,hip2,HIP38406,
24041,,,5.167572,-0.565199,6.275,1.098,hip2,HIP24041,
560,,,0.113896,-23.107425,6.275,0.386,hip2,HIP560,
53546,,,10.954390,-75.099771,6.275,1.531,hip2,HIP53546,
94144,,,19.163370,-19.803456,6.275,1.156,hip2,HIP94144,
78989,,,16.123357,-56.190957,6.275,0.565,hip2,HIP78989,
68493,,,14.021967,-40.221945,6.275,1.265,hip2,HIP68493,
25976,,,5.543880,0.011962,6.276,1.553,hip2,HIP25976,
6952,,,1.491816,-46.756462,6.276,1.658,hip2,HIP6952,
98872,,,20.079032,63.890117,6.276,0.100,hip2,HIP98872,
68030,,,13.930602,14.056481,6.276,0.518,hip2,HIP68030,
62655,,,12.838758,-48.459560,6.276,0.046,hip2,HIP62655,
92687,,,18.886667,-51.931408,6.276,-0.092,hip2,HIP92687,
28532,,,6.022270,85.182118,6.276,1.564,hip2,HIP28532,
97538,,,19.824305,38.710172,6.276,0.906,hip2,HIP97538,
73559,,,15.032806,-34.358817,6.277,0.242,hip2,HIP73559,
32020,,,6.689429,16.397660,6.277,-0.016,hip2,HIP32020,
94398,,,19.212805,-50.486318,6.277,0.954,hip2,HIP94398,
56550,,,11.595096,-61.287874,6.277,0.131,hip2,HIP56550,
23737,,,5.102572,-73.037824,6.277,0.010,hip2,HIP23737,
53240,,,10.890289,-2.255009,6.277,0.913,hip2,HIP53240,
39691,,,8.111559,-48.497413,6.278,-0.172,hip2,HIP39691,
10220,,,2.190277,31.526423,6.278,0.112,hip2,HIP10220,
93860,,,19.115226,-50.323067,6.278,-0.057,hip2,HIP93860,
6822,,,1.462899,-10.901620,6.278,1.320,hip2,HIP6822,
105370,,,21.342639,60.756454,6.278,1.005,hip2,HIP105370,
3559,,,0.757974,-12.880310,6.278,0.603,hip2,HIP3559,
111325,,,22.554655,70.373681,6.279,0.018,hip2,HIP111325,
33703,,,7.002302,-20.158438,6.279,-0.134,hip2,HIP33703,
3185,,,0.675668,-23.803993,6.279,0.718,hip2,HIP3185,
50222,,,10.252125,59.985527,6.279,1.621,hip2,HIP50222,
46869,,,9.550555,-8.505290,6.279,0.974,hip2,HIP46869,
,,,5.740705,-22.421837,6.279,0.941,tyc2,TYC5930-02196-1,5930-02196-1
101285,,,20.529589,56.779874,6.280,1.431,hip2,HIP101285,
63820,,,13.080069,-41.196282,6.280,1.649,hip2,HIP63820,
82911,,,16.943327,-40.823453,6.280,0.228,hip2,HIP82911,
1319,,,0.276127,8.240190,6.280,0.919,hip2,HIP1319,
11524,,,2.476515,-31.102402,6.280,1.106,hip2,HIP11524,
47791,,,9.743507,64.984066,6.280,0.419,hip2,HIP47791,
58989,,,12.094379,62.933294,6.280,1.178,hip2,HIP58989,
61496,,,12.599659,-20.527354,6.280,0.340,hip2,HIP61496,
7361,,,1.580787,-31.892214,6.280,1.109,hip2,HIP7361,
104980,,,21.262990,-36.210694,6.280,1.380,hip2,HIP104980,
88760,,,18.119820,-21.443933,6.281,0.102,hip2,HIP88760,
110341,,,22.348826,8.186689,6.281,0.451,hip2,HIP110341,
115407,,,23.377917,20.828743,6.281,-0.033,hip2,HIP115407,
68177,,,13.957708,-23.022652,6.281,1.426,hip2,HIP68177,
97242,,,19.764263,35.012767,6.281,1.070,hip2,HIP97242,
38246,,,7.834909,-19.523562,6.281,1.265,hip2,HIP38246,
31711,,,6.633451,-61.533564,6.282,0.624,hip2,HIP31711,
37982,,,7.784937,-39.331033,6.282,-0.142,hip2,HIP37982,
18033,,,3.854405,13.046131,6.282,-0.058,hip2,HIP18033,
61937,,,12.692904,10.426268,6.282,0.192,hip2,HIP61937,
6539,,,1.400676,-8.007253,6.282,0.235,hip2,HIP6539,
46768,,,9.532158,-10.370393,6.282,1.183,hip2,HIP46768,
85923,,,17.558778,57.558709,6.282,0.602,hip2,HIP85923,
91250,,,18.612648,43.221841,6.282,0.250,hip2,HIP91250,
85549,,,17.483574,-43.973899,6.283,-0.010,hip2,HIP85549,
99913,,,20.272162,21.598763,6.283,1.039,hip2,HIP99913,
55130,,,11.286684,-38.014389,6.283,0.105,hip2,HIP55130,
96907,,,19.699340,40.254053,6.283,0.182,hip2,HIP96907,
25303,,,5.412859,-52.316178,6.283,0.067,hip2,HIP25303,
17120,,,3.666542,-1.121211,6.283,0.994,hip2,HIP17120,
42954,,,8.755951,30.697762,6.283,0.935,hip2,HIP42954,
5170,,,1.102147,-23.992369,6.284,1.076,hip2,HIP5170,
53472,,,10.938021,22.351663,6.284,1.549,hip2,HIP53472,
78632,,,16.052602,59.410812,6.284,1.576,hip2,HIP78632,
110566,,,22.398350,38.573312,6.284,0.485,hip2,HIP110566,
81657,,,16.680671,-60.446265,6.284,0.488,hip2,HIP81657,
83567,,,17.079258,-20.494643,6.284,-0.035,hip2,HIP83567,
87866,,,17.948879,6.487734,6.285,-0.015,hip2,HIP87866,
43575,,,8.874611,28.259177,6.285,1.552,hip2,HIP43575,
91689,,,18.697670,-23.833355,6.285,0.231,hip2,HIP91689,
6669,,,1.426571,23.511573,6.285,0.447,hip2,HIP6669,
90336,,,18.431835,-33.945692,6.285,-0.075,hip2,HIP90336,
54783,,,11.215761,-49.736106,6.285,1.055,hip2,HIP54783,
18094,,,3.867904,31.168666,6.286,0.206,hip2,HIP18094,
86628,,,17.701005,-50.510667,6.286,1.661,hip2,HIP86628,
98946,,,20.089306,56.341227,6.286,0.437,hip2,HIP98946,
92079,,,18.766987,-19.606369,6.286,1.578,hip2,HIP92079,
50287,,,10.267571,-59.903437,6.286,0.194,hip2,HIP50287,
52679,,,10.771421,-60.602893,6.286,0.038,hip2,HIP52679,
98401,,,19.993526,76.481537,6.286,1.610,hip2,HIP98401,
26638,,,5.662145,75.043810,6.287,1.606,hip2,HIP26638,
68641,,,14.050474,-31.684196,6.287,0.480,hip2,HIP68641,
89604,,,18.285263,40.936572,6.287,0.977,hip2,HIP89604,
97697,,,19.854924,9.629940,6.287,0.102,hip2,HIP97697,
83308,,,17.025847,14.949720,6.288,0.031,hip2,HIP83308,
43580,,,8.875207,-13.232944,6.288,1.142,hip2,HIP43580,
29304,,,6.177758,-45.282007,6.288,-0.012,hip2,HIP29304,
73171,,,14.953811,-29.157607,6.288,-0.011,hip2,HIP73171,
108090,,,21.899367,6.864770,6.288,0.786,hip2,HIP108090,
38355,,,7.855651,-43.095247,6.288,-0.173,hip2,HIP38355,
40534,,,8.276063,11.726268,6.288,1.036,hip2,HIP40534,
110746,,,22.436304,-23.682443,6.288,-0.021,hip2,HIP110746,
14547,,,3.130277,-69.264957,6.288,1.011,hip2,HIP14547,
19037,,,4.078026,-20.381831,6.289,1.157,hip2,HIP19037,
89677,,,18.300818,13.777056,6.289,-0.040,hip2,HIP89677,
117797,,,23.889114,-24.229224,6.289,0.188,hip2,HIP117797,
30541,,,6.420278,7.085717,6.289,0.850,hip2,HIP30541,
117107,,,23.741416,-26.246581,6.289,0.495,hip2,HIP117107,
41067,,,8.379686,-13.054679,6.289,0.997,hip2,HIP41067,
49321,,,10.067452,-18.101414,6.289,-0.060,hip2,HIP49321,
93858,,,19.114612,-37.809767,6.289,0.705,hip2,HIP93858,
21110,,,4.523850,-13.644120,6.290,0.086,hip2,HIP21110,
41975,,,8.556065,36.436423,6.290,0.402,hip2,HIP41975,
7886,,,1.690912,-38.132964,6.290,0.404,hip2,HIP7886,
109442,,,22.172527,-3.893978,6.290,-0.006,hip2,HIP109442,
68478,,,14.019592,27.386548,6.290,0.193,hip2,HIP68478,
36796,,,7.568050,10.568114,6.290,0.022,hip2,HIP36796,
112670,,,22.816856,68.570063,6.290,0.440,hip2,HIP112670,
92131,,,18.778153,18.705967,6.290,1.594,hip2,HIP92131,
40876,,,8.340933,-22.924680,6.291,1.039,hip2,HIP40876,
109821,,,22.244071,-41.381663,6.291,0.611,tyc2,TYC7999-01575-1,7999-01575-1
111548,,,22.598010,-57.883728,6.291,0.212,hip2,HIP111548,
108209,,,21.922388,61.541817,6.291,1.599,hip2,HIP108209,
53963,,,11.040114,-26.831205,6.291,0.307,hip2,HIP53963,
76063,,,15.534507,-38.622372,6.291,0.212,hip2,HIP76063,
45615,,,9.297685,-67.050899,6.292,1.254,hip2,HIP45615,
91751,,,18.710034,-7.073632,6.292,1.006,hip2,HIP91751,
76617,,,15.646905,34.675079,6.292,1.039,hip2,HIP76617,
97767,,,19.867679,11.629138,6.292,0.642,hip2,HIP97767,
28434,,,6.004907,-12.899912,6.292,0.358,hip2,HIP28434,
87948,,,17.966055,-39.136467,6.292,0.007,hip2,HIP87948,
90256,,,18.416239,27.394818,6.292,0.053,hip2,HIP90256,
23852,,,5.127310,9.472709,6.292,0.625,hip2,HIP23852,
34248,,,7.100137,-30.655729,6.292,-0.131,hip2,HIP34248,
21363,,,4.583513,-19.921521,6.292,1.174,hip2,HIP21363,
57732,,,11.838779,-15.863706,6.292,0.947,hip2,HIP57732,
65108,,,13.343073,-59.772758,6.292,0.410,hip2,HIP65108,
100208,,,20.324807,13.216810,6.292,1.648,hip2,HIP100208,
12305,,,2.641096,38.089165,6.293,-0.029,hip2,HIP12305,
49802,,,10.165691,-12.095262,6.293,0.184,hip2,HIP49802,
75230,,,15.373122,12.567532,6.293,-0.008,hip2,HIP75230,
114162,,,23.119459,52.816570,6.293,1.060,hip2,HIP114162,
30505,,,6.412361,-40.283971,6.293,-0.049,hip2,HIP30505,
67953,,,13.916196,-8.058764,6.293,0.530,hip2,HIP67953,
43902,,,8.943622,4.236586,6.293,1.001,hip2,HIP43902,
65119,,,13.344890,2.942317,6.293,0.102,hip2,HIP65119,
39073,,,7.994470,-60.207377,6.293,-0.050,hip2,HIP39073,
40485,,,8.266341,-35.903207,6.293,1.549,hip2,HIP40485,
33297,,,6.926286,8.324290,6.294,0.037,hip2,HIP33297,
44162,,,8.994428,-19.207800,6.294,0.461,hip2,HIP44162,
24512,,,5.257683,22.284874,6.294,0.075,hip2,HIP24512,
86096,,,17.595101,37.301587,6.294,0.978,hip2,HIP86096,
16095,,,3.455186,12.735307,6.294,-0.025,hip2,HIP16095,
81358,,,16.615274,63.073038,6.294,1.527,hip2,HIP81358,
36019,,,7.422770,81.257534,6.294,-0.031,hip2,HIP36019,
45166,,,9.203407,-76.662922,6.295,1.090,hip2,HIP45166,
89805,,,18.327800,-63.885891,6.295,0.584,hip2,HIP89805,
18067,,,3.861597,68.507536,6.295,-0.057,hip2,HIP18067,
19121,,,4.099026,-8.856084,6.295,0.063,hip2,HIP19121,
92270,,,18.804552,23.514765,6.295,0.492,hip2,HIP92270,
41737,,,8.510899,-44.737332,6.295,-0.007,hip2,HIP41737,
58901,,,12.079248,-59.253247,6.295,-0.034,hip2,HIP58901,
111504,,,22.590656,-78.771567,6.295,1.368,hip2,HIP111504,
95398,,,19.406132,16.937756,6.295,0.075,hip2,HIP95398,
99893,,,20.267620,38.898087,6.295,0.006,hip2,HIP99893,
8320,,,1.787971,-41.760045,6.295,1.544,hip2,HIP8320,
107238,,,21.720412,-19.620931,6.296,0.269,hip2,HIP107238,
33584,,,6.977481,7.622351,6.296,0.105,hip2,HIP33584,
43114,,,8.780347,-34.622959,6.296,-0.127,hip2,HIP43114,
49967,,,10.200799,-28.605955,6.296,0.019,hip2,HIP49967,
12287,,,2.638294,37.726823,6.296,0.490,hip2,HIP12287,
58177,,,11.931868,-39.689475,6.296,1.010,hip2,HIP58177,
79686,,,16.263151,27.422177,6.296,1.334,hip2,HIP79686,
41208,,,8.409196,82.430822,6.296,0.035,hip2,HIP41208,
24847,,,5.326467,-1.411896,6.297,-0.105,hip2,HIP24847,
71429,,,14.606705,-39.597349,6.297,1.048,hip2,HIP71429,
109584,,,22.198647,-76.115924,6.297,1.001,hip2,HIP109584,
5034,,,1.074325,29.659098,6.298,0.443,hip2,HIP5034,
71469,,,14.616749,-12.306236,6.298,0.464,hip2,HIP71469,
73927,,,15.107527,-22.031704,6.298,1.040,hip2,HIP73927,
94685,,,19.266524,27.926300,6.298,0.634,hip2,HIP94685,
33532,,,6.968765,-27.164392,6.298,-0.186,hip2,HIP33532,
84021,,,17.175179,52.408791,6.298,-0.025,hip2,HIP84021,
17408,,,3.729762,19.665170,6.298,0.994,hip2,HIP17408,
20263,,,4.344052,-6.245859,6.298,0.901,hip2,HIP20263,
82554,,,16.874284,-40.723105,6.299,-0.141,hip2,HIP82554,
106544,,,21.578545,1.829189,6.299,1.398,hip2,HIP106544,
64557,,,13.232722,-43.139161,6.299,1.366,hip2,HIP64557,
7874,,,1.688416,25.745811,6.299,0.459,hip2,HIP7874,
102096,,,20.690174,-42.133700,6.299,1.584,hip2,HIP102096,
39035,,,7.986753,-49.976869,6.299,-0.151,hip2,HIP39035,
113998,,,23.086911,-17.079152,6.299,1.370,hip2,HIP113998,
116365,,,23.579648,38.023973,6.299,1.586,hip2,HIP116365,
117774,,,23.884652,2.090652,6.299,-0.003,hip2,HIP117774,
95866,,,19.497941,-55.441593,6.299,0.974,hip2,HIP95866,
5204,,,1.109338,12.955974,6.300,0.962,hip2,HIP5204,
60870,,,12.476067,-56.407266,6.300,0.920,hip2,HIP60870,
115062,,,23.305553,-67.471220,6.300,1.356,hip2,HIP115062,
6093,,,1.303859,57.803169,6.300,1.589,hip2,HIP6093,
104172,,,21.106514,26.924408,6.300,1.026,hip2,HIP104172,
20934,,,4.488901,-46.515359,6.300,1.062,hip2,HIP20934,
51077,,,10.436085,-42.738399,6.300,1.129,hip2,HIP51077,
56702,,,11.626149,-60.903249,6.300,1.276,hip2,HIP56702,
38723,,,7.928019,35.412748,6.300,0.277,hip2,HIP38723,
62212,,,12.750574,-68.830748,6.300,0.688,hip2,HIP62212,
99234,,,20.143966,10.725871,6.300,-0.136,hip2,HIP99234,
31099,,,6.526374,-36.940197,6.300,1.599,hip2,HIP31099,
101765,,,20.625492,31.572542,6.300,-0.089,hip2,HIP101765,
88277,,,18.026636,33.311218,6.301,1.549,hip2,HIP88277,
95664,,,19.459418,14.282491,6.301,-0.068,hip2,HIP95664,
115261,,,23.345585,44.116257,6.301,0.152,hip2,HIP115261,
,,,6.519442,16.938634,6.301,1.135,tyc2,TYC1332-00286-1,1332-00286-1
63497,,,13.010793,18.372865,6.301,0.466,hip2,HIP63497,
38106,,,7.809346,23.140983,6.301,0.571,hip2,HIP38106,
110988,,,22.485897,58.404089,6.301,-0.033,hip2,HIP110988,
13907,,,2.985137,-28.907079,6.302,1.044,hip2,HIP13907,
69316,,,14.187538,32.295799,6.302,1.258,hip2,HIP69316,
33210,,,6.911679,-1.756485,6.302,0.487,hip2,HIP33210,
72139,,,14.755715,18.884910,6.302,0.841,hip2,HIP72139,
74121,,,15.148205,13.235061,6.303,0.967,hip2,HIP74121,
8771,,,1.880760,51.474853,6.303,0.050,hip2,HIP8771,
61295,,,12.559507,24.283005,6.303,0.114,hip2,HIP61295,
112924,,,22.869439,-63.188568,6.303,1.025,hip2,HIP112924,
18401,,,3.934416,-63.463846,6.303,1.094,hip2,HIP18401,
25730,,,5.494621,29.186578,6.303,0.476,hip2,HIP25730,
42538,,,8.671754,31.941974,6.303,0.401,hip2,HIP42538,
28390,,,5.996653,54.547112,6.304,1.197,hip2,HIP28390,
60087,,,12.322000,23.034696,6.304,0.177,hip2,HIP60087,
92968,,,18.940444,2.471204,6.304,0.961,hip2,HIP92968,
40858,,,8.336938,-0.909104,6.304,0.607,hip2,HIP40858,
28019,,,5.926494,-4.788516,6.304,0.056,hip2,HIP28019,
15557,,,3.340435,25.662966,6.304,1.241,hip2,HIP15557,
77835,,,15.893016,16.074988,6.304,0.413,hip2,HIP77835,
79463,,,16.215722,-4.220761,6.305,0.133,hip2,HIP79463,
82868,,,16.935792,-50.674767,6.305,-0.016,hip2,HIP82868,
88294,,,18.030084,-36.377803,6.305,-0.016,hip2,HIP88294,
109990,,,22.277066,-25.898132,6.305,1.110,hip2,HIP109990,
11231,,,2.409363,-40.840724,6.306,0.653,hip2,HIP11231,
25476,,,5.448424,35.457301,6.306,1.453,hip2,HIP25476,
79661,,,16.256661,-42.899410,6.306,1.114,hip2,HIP79661,
8552,,,1.838911,-47.816509,6.306,0.998,hip2,HIP8552,
33644,,,6.988939,7.316986,6.306,-0.106,hip2,HIP33644,
56731,,,11.631402,50.618275,6.306,1.068,hip2,HIP56731,
60018,,,12.308769,30.249335,6.307,0.310,hip2,HIP60018,
31593,,,6.611408,-22.614751,6.307,-0.117,hip2,HIP31593,
66645,,,13.661348,-39.747568,6.307,1.597,hip2,HIP66645,
90290,,,18.422694,-35.992031,6.307,1.006,hip2,HIP90290,
39843,,,8.140181,-63.800834,6.307,-0.058,hip2,HIP39843,
20772,,,4.450240,57.585330,6.307,0.063,hip2,HIP20772,
33330,,,6.931883,-31.790196,6.308,-0.155,hip2,HIP33330,
20848,,,4.467673,1.858582,6.308,1.018,hip2,HIP20848,
50066,,,10.222078,-27.028978,6.308,0.316,hip2,HIP50066,
78017,,,15.930460,58.911710,6.308,-0.028,hip2,HIP78017,
83594,,,17.084831,-45.502043,6.308,0.074,hip2,HIP83594,
113009,,,22.886492,40.167383,6.308,-0.074,hip2,HIP113009,
95492,,,19.423853,24.914308,6.309,0.528,hip2,HIP95492,
52160,,,10.656348,-64.111813,6.309,-0.072,hip2,HIP52160,
105148,,,21.300129,-64.681511,6.309,-0.064,hip2,HIP105148,
23799,,,5.113766,43.174709,6.309,0.444,hip2,HIP23799,
93993,,,19.137377,-24.657348,6.309,0.011,hip2,HIP93993,
82951,,,16.951109,-19.539838,6.309,0.084,hip2,HIP82951,
24394,,,5.233317,-14.606867,6.309,0.377,hip2,HIP24394,
33056,,,6.885437,44.840083,6.309,0.239,hip2,HIP33056,
16628,,,3.565781,-31.080300,6.310,0.482,hip2,HIP16628,
64520,,,13.224125,-18.826381,6.310,0.088,hip2,HIP64520,
51161,,,10.450145,19.364552,6.310,1.141,hip2,HIP51161,
16641,,,3.568978,17.833583,6.310,0.891,hip2,HIP16641,
66236,,,13.574718,-48.272145,6.310,-0.052,hip2,HIP66236,
13197,,,2.830832,-24.559999,6.310,0.998,hip2,HIP13197,
74047,,,15.132431,-65.275438,6.310,1.470,hip2,HIP74047,
97700,,,19.855380,47.377194,6.310,0.398,hip2,HIP97700,
13133,,,2.815418,69.634199,6.311,0.151,hip2,HIP13133,
78985,,,16.122829,21.822719,6.311,1.365,hip2,HIP78985,
89674,,,18.300266,-68.229216,6.311,-0.026,hip2,HIP89674,
62972,,,12.903652,33.534403,6.311,0.207,hip2,HIP62972,
87523,,,17.881242,-41.996060,6.311,0.523,hip2,HIP87523,
99918,,,20.273000,-12.337077,6.311,0.005,hip2,HIP99918,
23484,,,5.047316,66.823789,6.311,0.509,hip2,HIP23484,
967,,,0.199731,48.152371,6.311,1.467,hip2,HIP967,
66019,,,13.534830,-38.398754,6.311,1.031,hip2,HIP66019,
24479,,,5.253161,59.405718,6.311,1.179,hip2,HIP24479,
26410,,,5.621125,66.696715,6.312,0.231,hip2,HIP26410,
47427,,,9.663173,-10.570285,6.312,-0.029,hip2,HIP47427,
71876,,,14.700877,61.261987,6.312,0.409,hip2,HIP71876,
62376,,,12.783969,5.950508,6.312,-0.013,hip2,HIP62376,
98320,,,19.976209,38.105691,6.312,-0.090,hip2,HIP98320,
21428,,,4.600464,-3.611622,6.312,-0.100,hip2,HIP21428,
43215,,,8.804065,-28.638779,6.312,1.364,hip2,HIP43215,
96931,,,19.703559,12.193282,6.312,-0.077,hip2,HIP96931,
26866,,,5.704024,-17.530389,6.312,1.376,hip2,HIP26866,
95818,,,19.489138,20.279778,6.312,-0.097,hip2,HIP95818,
70310,,,14.385256,25.338018,6.312,0.411,hip2,HIP70310,
87099,,,17.796000,-22.477768,6.312,1.446,hip2,HIP87099,
113421,,,22.970985,-2.395346,6.312,0.744,hip2,HIP113421,
115148,,,23.324278,34.793184,6.313,-0.053,hip2,HIP115148,
78840,,,16.093871,8.096246,6.313,0.084,hip2,HIP78840,
95487,,,19.422888,20.271768,6.313,-0.014,hip2,HIP95487,
103569,,,20.984572,4.293505,6.313,0.388,tyc2,TYC0521-02814-2,0521-02814-2
48715,,,9.936045,-71.389310,6.313,-0.056,hip2,HIP48715,
82979,,,16.957222,-10.963157,6.313,1.000,hip2,HIP82979,
79031,,,16.131082,-24.462291,6.313,-0.038,hip2,HIP79031,
4879,,,1.045249,-65.456111,6.314,1.634,hip2,HIP4879,
34789,,,7.202085,5.474362,6.314,1.142,hip2,HIP34789,
4257,,,0.904884,-8.740546,6.314,0.911,hip2,HIP4257,
26309,,,5.602855,-28.708006,6.314,0.151,hip2,HIP26309,
71861,,,14.698870,-58.615735,6.314,0.454,hip2,HIP71861,
33595,,,6.979865,26.080851,6.314,0.520,hip2,HIP33595,
114268,,,23.143208,-73.586111,6.315,1.419,hip2,HIP114268,
52520,,,10.738918,-70.859723,6.315,0.208,hip2,HIP52520,
62516,,,12.811628,48.466812,6.315,0.195,hip2,HIP62516,
1195,,,0.249502,-34.904194,6.315,1.344,hip2,HIP1195,
29025,,,6.124100,41.854329,6.315,1.202,hip2,HIP29025,
94724,,,19.274611,-69.190755,6.315,0.193,hip2,HIP94724,
102827,,,20.831845,46.661328,6.315,-0.066,hip2,HIP102827,
57607,,,11.810897,-35.986902,6.316,1.295,hip2,HIP57607,
52526,,,10.739700,-59.993327,6.316,-0.310,hip2,HIP52526,
90936,,,18.550236,-39.891827,6.316,0.429,hip2,HIP90936,
109439,,,22.171935,19.616567,6.316,0.688,hip2,HIP109439,
11293,,,2.424023,-66.494029,6.316,1.511,hip2,HIP11293,
65862,,,13.500022,7.178842,6.316,1.471,hip2,HIP65862,
32838,,,6.845086,-8.041003,6.317,0.011,hip2,HIP32838,
111171,,,22.521785,-2.911182,6.317,1.083,hip2,HIP111171,
82925,,,16.946669,-23.150278,6.317,0.015,tyc2,TYC6810-00610-2,6810-00610-2
96417,,,19.602319,22.585781,6.317,-0.059,hip2,HIP96417,
98921,,,20.085996,38.478186,6.317,0.654,hip2,HIP98921,
106771,,,21.627448,54.042194,6.317,0.991,hip2,HIP106771,
52882,,,10.815912,29.416149,6.317,1.144,hip2,HIP52882,
699,,,0.144728,36.627428,6.317,0.504,hip2,HIP699,
110548,,,22.394265,20.848265,6.317,0.518,hip2,HIP110548,
39617,,,8.095803,-33.569446,6.318,1.098,hip2,HIP39617,
85397,,,17.450590,-12.512335,6.318,0.517,hip2,HIP85397,
74026,,,15.127868,5.498089,6.318,0.921,hip2,HIP74026,
106267,,,21.524295,52.619860,6.319,0.900,hip2,HIP106267,
106978,,,21.666593,-52.359026,6.319,0.584,hip2,HIP106978,
75110,,,15.348245,-18.158512,6.319,1.024,hip2,HIP75110,
86732,,,17.722784,14.295100,6.319,0.426,hip2,HIP86732,
46194,,,9.418860,-43.976702,6.319,1.526,hip2,HIP46194,
96721,,,19.661611,-45.278566,6.319,0.293,hip2,HIP96721,
16424,,,3.524820,49.209774,6.319,0.067,hip2,HIP16424,
63952,,,13.106351,62.041974,6.319,0.997,hip2,HIP63952,
114489,,,23.187242,5.004328,6.320,1.434,hip2,HIP114489,
45259,,,9.223840,-38.616436,6.320,0.018,hip2,HIP45259,
36856,,,7.577662,-51.474538,6.321,0.073,hip2,HIP36856,
93138,,,18.973253,6.240189,6.321,0.478,hip2,HIP93138,
114969,,,23.285759,-28.438031,6.321,1.556,hip2,HIP114969,
44126,,,8.986322,18.135032,6.321,1.511,hip2,HIP44126,
83289,,,17.021383,60.648658,6.321,1.006,hip2,HIP83289,
57497,,,11.785283,-35.906792,6.321,0.952,hip2,HIP57497,
5319,,,1.133668,32.012192,6.321,0.398,hip2,HIP5319,
15204,,,3.267175,34.688609,6.321,0.290,hip2,HIP15204,
72629,,,14.850032,-0.257507,6.321,1.397,hip2,HIP72629,
93975,,,19.134304,21.698745,6.322,0.434,hip2,HIP93975,
76809,,,15.682850,-47.735987,6.322,1.621,hip2,HIP76809,
2086,,,0.439372,-18.693603,6.322,1.622,hip2,HIP2086,
116118,,,23.528345,-21.369440,6.322,0.319,hip2,HIP116118,
82426,,,16.845315,32.553559,6.322,1.014,hip2,HIP82426,
81687,,,16.686537,-1.000284,6.322,0.313,hip2,HIP81687,
64478,,,13.215474,-59.816343,6.322,0.592,hip2,HIP64478,
113673,,,23.023063,-22.790830,6.322,0.126,hip2,HIP113673,
60813,,,12.464333,-4.615283,6.322,0.430,hip2,HIP60813,
65606,,,13.451778,-49.143695,6.322,0.003,hip2,HIP65606,
27661,,,5.857151,32.124696,6.322,1.752,hip2,HIP27661,
38794,,,7.939975,4.485585,6.322,0.957,hip2,HIP38794,
56944,,,11.674289,57.970374,6.323,-0.092,hip2,HIP56944,
42484,,,8.661844,73.629919,6.323,1.016,hip2,HIP42484,
111594,,,22.608131,-40.582513,6.323,0.119,hip2,HIP111594,
39898,,,8.149126,-11.339645,6.323,0.011,hip2,HIP39898,
44231,,,9.008558,37.604351,6.323,1.572,hip2,HIP44231,
14124,,,3.035897,-6.494194,6.324,0.598,hip2,HIP14124,
62933,,,12.897132,12.418501,6.324,0.282,hip2,HIP62933,
27317,,,5.787035,-54.360731,6.324,1.406,hip2,HIP27317,
82693,,,16.902944,-1.612110,6.324,0.283,hip2,HIP82693,
88213,,,18.014683,6.268312,6.324,-0.104,hip2,HIP88213,
116876,,,23.690777,49.512461,6.324,0.182,hip2,HIP116876,
47913,,,9.765506,-58.794000,6.324,0.461,hip2,HIP47913,
66700,,,13.672622,57.207542,6.324,0.111,hip2,HIP66700,
114714,,,23.237318,50.617908,6.324,-0.005,hip2,HIP114714,
6272,,,1.341066,-11.238815,6.324,1.102,hip2,HIP6272,
107041,,,21.678694,54.872142,6.324,1.116,hip2,HIP107041,
664,,,0.136692,-2.447699,6.324,1.366,hip2,HIP664,
13947,,,2.993972,-32.507222,6.324,0.002,hip2,HIP13947,
43520,,,8.863902,-44.150948,6.324,-0.150,hip2,HIP43520,
103892,,,21.050858,1.532190,6.324,0.479,hip2,HIP103892,
115996,,,23.502052,49.133137,6.325,1.464,hip2,HIP115996,
73454,,,15.010757,47.277404,6.325,-0.099,hip2,HIP73454,
24825,,,5.321510,-18.519941,6.325,-0.134,hip2,HIP24825,
36914,,,7.589350,-74.275008,6.325,0.016,hip2,HIP36914,
23582,,,5.070213,73.763933,6.325,1.609,hip2,HIP23582,
36657,,,7.539523,-35.961199,6.325,-0.096,hip2,HIP36657,
27308,,,5.785503,-16.238055,6.326,0.892,hip2,HIP27308,
60729,,,12.446706,-48.913189,6.326,0.628,tyc2,TYC8239-02418-1,8239-02418-1
23583,,,5.070710,30.494620,6.326,1.208,hip2,HIP23583,
34617,,,7.169266,-18.685597,6.326,0.419,hip2,HIP34617,
6605,,,1.413521,-2.848522,6.326,0.959,hip2,HIP6605,
26071,,,5.560618,34.725604,6.326,0.170,hip2,HIP26071,
60988,,,12.500862,51.535570,6.326,0.536,hip2,HIP60988,
27046,,,5.735683,61.476533,6.327,0.902,hip2,HIP27046,
27670,,,5.857949,-22.926844,6.327,1.020,hip2,HIP27670,
30564,,,6.424493,14.722003,6.327,2.349,hip2,HIP30564,
49994,,,10.206381,-52.163352,6.327,1.168,hip2,HIP49994,
29404,,,6.196086,52.647364,6.327,0.141,hip2,HIP29404,
54718,,,11.202846,-46.266774,6.327,0.155,hip2,HIP54718,
3858,,,0.825955,-23.362109,6.327,0.132,hip2,HIP3858,
102530,,,20.777390,46.531728,6.327,0.064,hip2,HIP102530,
41941,,,8.550519,-45.752927,6.327,-0.119,hip2,HIP41941,
62799,,,12.868186,-48.094295,6.327,0.040,hip2,HIP62799,
68594,,,14.042211,9.686266,6.327,0.853,hip2,HIP68594,
12057,,,2.591080,39.664462,6.328,-0.095,hip2,HIP12057,
61053,,,12.513921,53.076165,6.328,0.568,hip2,HIP61053,
59200,,,12.140205,-60.847128,6.328,1.733,hip2,HIP59200,
57805,,,11.852643,33.374963,6.328,0.345,hip2,HIP57805,
56632,,,11.611317,-37.237193,6.328,0.062,hip2,HIP56632,
30804,,,6.471888,10.303999,6.328,1.150,hip2,HIP30804,
6432,,,1.376921,1.726441,6.329,1.482,hip2,HIP6432,
92254,,,18.800741,4.241387,6.329,1.509,hip2,HIP92254,
73279,,,14.976829,-39.906980,6.329,1.216,hip2,HIP73279,
94149,,,19.164331,-0.428098,6.329,-0.042,hip2,HIP94149,
48763,,,9.946359,-26.549744,6.330,0.219,hip2,HIP48763,
50868,,,10.386983,-30.162235,6.330,0.304,hip2,HIP50868,
29450,,,6.205305,22.908519,6.330,2.197,hip2,HIP29450,
52513,,,10.737394,19.758884,6.330,0.196,hip2,HIP52513,
11279,,,2.421119,56.609824,6.330,0.249,hip2,HIP11279,
47096,,,9.598030,14.379593,6.330,0.027,hip2,HIP47096,
8094,,,1.731892,-4.765440,6.330,1.537,hip2,HIP8094,
43035,,,8.768581,-11.006802,6.330,1.608,hip2,HIP43035,
28644,,,6.048644,32.636211,6.330,0.456,hip2,HIP28644,
71040,,,14.528574,60.225588,6.330,0.243,hip2,HIP71040,
79173,,,16.158821,-32.648939,6.330,0.790,hip2,HIP79173,
98385,,,19.989621,1.377532,6.331,1.129,hip2,HIP98385,
116824,,,23.677907,36.720710,6.331,0.424,hip2,HIP116824,
14566,,,3.134397,52.213564,6.331,-0.019,hip2,HIP14566,
68707,,,14.065490,4.900980,6.331,0.406,hip2,HIP68707,
77910,,,15.911187,8.580339,6.331,0.171,hip2,HIP77910,
45424,,,9.256932,-15.024867,6.331,0.013,hip2,HIP45424,
52785,,,10.791838,-69.437734,6.331,-0.085,hip2,HIP52785,
90510,,,18.468381,-26.757158,6.331,0.157,hip2,HIP90510,
9809,,,2.103409,8.248143,6.332,1.636,hip2,HIP9809,
32744,,,6.828889,-24.076033,6.332,0.054,hip2,HIP32744,
30675,,,6.445791,-7.511906,6.332,-0.061,hip2,HIP30675,
66607,,,13.653344,-75.683770,6.332,-0.003,hip2,HIP66607,
108766,,,22.033713,10.973802,6.332,-0.104,hip2,HIP108766,
45896,,,9.357549,32.902206,6.332,1.097,hip2,HIP45896,
100274,,,20.339035,14.569242,6.332,0.926,hip2,HIP100274,
32144,,,6.712800,-22.448836,6.332,0.321,hip2,HIP32144,
38307,,,7.848678,-11.128521,6.332,1.128,hip2,HIP38307,
274,,,0.057144,63.640525,6.332,0.332,hip2,HIP274,
33451,,,6.954893,-35.507201,6.333,0.465,hip2,HIP33451,
4212,,,0.896535,52.689345,6.333,0.191,hip2,HIP4212,
91159,,,18.598109,16.975870,6.333,0.542,hip2,HIP91159,
39263,,,8.028826,25.089437,6.333,0.023,hip2,HIP39263,
74505,,,15.225511,22.983156,6.333,0.064,hip2,HIP74505,
43957,,,8.952307,17.143831,6.333,1.001,hip2,HIP43957,
50234,,,10.255804,-36.517735,6.333,1.058,hip2,HIP50234,
58452,,,11.986307,-45.832200,6.333,-0.081,hip2,HIP58452,
51490,,,10.516329,-7.637545,6.334,1.377,hip2,HIP51490,
54929,,,11.248371,-43.733708,6.334,1.606,hip2,HIP54929,
64651,,,13.252636,-36.371358,6.334,0.968,hip2,HIP64651,
115906,,,23.483525,-9.266040,6.334,1.438,hip2,HIP115906,
26981,,,5.725041,-39.406917,6.334,0.377,hip2,HIP26981,
70626,,,14.447191,-39.873933,6.334,-0.088,hip2,HIP70626,
13732,,,2.947405,51.261352,6.335,1.567,hip2,HIP13732,
15024,,,3.227204,-29.804122,6.335,1.041,hip2,HIP15024,
48730,,,9.939417,-51.336154,6.335,-0.162,hip2,HIP48730,
41781,,,8.519622,-47.866640,6.335,-0.147,hip2,HIP41781,
43763,,,8.915014,-58.239697,6.336,-0.086,hip2,HIP43763,
71870,,,14.699934,-77.011422,6.336,-0.027,hip2,HIP71870,
96919,,,19.701149,55.463315,6.336,1.453,hip2,HIP96919,
35975,,,7.414134,-19.012289,6.336,0.291,hip2,HIP35975,
49658,,,10.137762,31.604276,6.336,0.469,hip2,HIP49658,
115257,,,23.344708,-5.907829,6.336,1.089,hip2,HIP115257,
67851,,,13.897853,-35.314192,6.337,1.008,hip2,HIP67851,
104771,,,21.224657,15.982451,6.337,0.238,hip2,HIP104771,
6589,,,1.411087,-15.660419,6.337,0.924,hip2,HIP6589,
31056,,,6.516639,-40.916280,6.337,1.398,hip2,HIP31056,
102819,,,20.830068,7.864155,6.337,0.019,hip2,HIP102819,
117450,,,23.814974,59.978933,6.337,-0.007,hip2,HIP117450,
41107,,,8.388037,-38.286064,6.337,1.613,hip2,HIP41107,
106595,,,21.588618,28.197687,6.337,0.357,hip2,HIP106595,
82355,,,16.827937,43.430460,6.338,1.257,hip2,HIP82355,
12022,,,2.584483,7.471296,6.338,1.053,hip2,HIP12022,
37614,,,7.718172,0.189365,6.338,1.047,hip2,HIP37614,
46504,,,9.483982,-1.256916,6.338,0.274,hip2,HIP46504,
56083,,,11.495461,56.737655,6.338,0.157,hip2,HIP56083,
22508,,,4.843440,70.941578,6.338,-0.069,hip2,HIP22508,
18717,,,4.010246,17.296735,6.338,0.056,hip2,HIP18717,
33189,,,6.907412,-42.365620,6.338,2.287,hip2,HIP33189,
15776,,,3.388250,-7.793565,6.339,0.702,hip2,HIP15776,
87540,,,17.884309,-10.899489,6.339,1.110,hip2,HIP87540,
39271,,,8.030758,8.913932,6.339,0.570,hip2,HIP39271,
40604,,,8.289761,-16.285093,6.339,0.057,hip2,HIP40604,
13518,,,2.901798,-50.871419,6.339,1.571,hip2,HIP13518,
32067,,,6.699786,6.345419,6.339,-0.084,hip2,HIP32067,
88604,,,18.091703,21.646620,6.340,1.241,hip2,HIP88604,
25582,,,5.467075,1.298248,6.340,-0.173,hip2,HIP25582,
103682,,,21.009392,-4.729924,6.340,0.635,hip2,HIP103682,
12647,,,2.708042,10.741782,6.340,0.064,hip2,HIP12647,
32609,,,6.803562,55.704492,6.340,0.424,tyc2,TYC3770-02146-1,3770-02146-1
85242,,,17.418396,-24.243713,6.340,1.103,hip2,HIP85242,
83684,,,17.103280,-21.564402,6.340,0.128,hip2,HIP83684,
43410,,,8.842296,33.285259,6.340,0.549,hip2,HIP43410,
112508,,,22.789786,58.483012,6.340,0.017,hip2,HIP112508,
61270,,,12.556186,-19.792486,6.340,0.304,hip2,HIP61270,
102780,,,20.822373,-18.035774,6.340,1.402,hip2,HIP102780,
2422,,,0.515054,77.019488,6.341,0.883,hip2,HIP2422,
48273,,,9.841714,4.343774,6.341,0.479,hip2,HIP48273,
64951,,,13.313427,-79.975961,6.341,-0.027,hip2,HIP64951,
8020,,,1.716199,61.421096,6.341,0.013,hip2,HIP8020,
70029,,,14.329922,38.794077,6.341,0.053,hip2,HIP70029,
86352,,,17.645797,-21.912624,6.341,0.827,hip2,HIP86352,
76143,,,15.552649,-24.490341,6.341,0.330,hip2,HIP76143,
32177,,,6.718502,3.033823,6.342,1.366,hip2,HIP32177,
12200,,,2.618476,32.891017,6.342,0.515,hip2,HIP12200,
58445,,,11.984271,0.530608,6.342,1.257,hip2,HIP58445,
31672,,,6.627875,2.704279,6.342,1.080,hip2,HIP31672,
38300,,,7.846489,3.277325,6.342,1.106,hip2,HIP38300,
35132,,,7.263140,-23.740312,6.343,-0.018,hip2,HIP35132,
42556,,Meleph,8.674176,19.544841,6.343,0.170,hip2,HIP42556,
4298,,,0.918118,48.678548,6.343,1.681,hip2,HIP4298,
61637,,,12.634565,3.282471,6.343,0.000,hip2,HIP61637,
87655,,,17.903947,11.130954,6.343,0.474,hip2,HIP87655,
97307,,,19.776399,32.888605,6.343,1.172,hip2,HIP97307,
28232,,,5.965141,1.224307,6.343,1.461,hip2,HIP28232,
64077,,,13.131572,27.556108,6.343,1.363,hip2,HIP64077,
104452,,,21.159146,-20.556331,6.343,0.385,hip2,HIP104452,
59708,,,12.245397,53.434671,6.343,1.061,hip2,HIP59708,
110018,,,22.283274,-23.140099,6.343,1.051,hip2,HIP110018,
21082,,,4.518657,15.105165,6.344,1.725,hip2,HIP21082,
26796,,,5.690812,-33.400711,6.344,-0.040,hip2,HIP26796,
70414,,,14.405094,8.084846,6.344,1.208,hip2,HIP70414,
,,,5.646447,-2.594590,6.344,-0.092,tyc2,TYC4771-01194-1,4771-01194-1
42299,,,8.624215,-4.934013,6.344,1.054,hip2,HIP42299,
92717,,,18.892554,75.787323,6.344,0.021,hip2,HIP92717,
12447,,,2.671017,6.111953,6.345,0.397,hip2,HIP12447,
100295,,,20.341844,53.595690,6.345,1.547,hip2,HIP100295,
28561,,,6.028231,22.401044,6.345,-0.071,hip2,HIP28561,
68872,,,14.103031,-43.091619,6.345,0.986,hip2,HIP68872,
25475,,,5.447577,33.262288,6.345,1.152,hip2,HIP25475,
23653,,,5.083502,-54.407417,6.345,1.554,hip2,HIP23653,
1296,,,0.270524,76.950763,6.345,-0.044,hip2,HIP1296,
31703,,,6.632012,73.695629,6.345,0.396,hip2,HIP31703,
43,,,0.008606,59.559738,6.346,1.032,hip2,HIP43,
1421,,,0.296568,1.688705,6.346,0.937,hip2,HIP1421,
11261,,,2.416219,-2.780015,6.346,-0.011,hip2,HIP11261,
17058,,,3.657147,16.536766,6.346,1.000,hip2,HIP17058,
75003,,,15.325494,-37.096807,6.346,0.959,hip2,HIP75003,
62825,,,12.874312,16.122526,6.346,0.173,hip2,HIP62825,
23041,,,4.954781,-1.067192,6.346,0.423,hip2,HIP23041,
23311,,,5.013611,-5.753680,6.346,1.077,tyc2,TYC4762-01490-1,4762-01490-1
36141,,,7.444782,11.008858,6.346,-0.126,hip2,HIP36141,
113131,,,22.909894,16.941853,6.346,1.729,hip2,HIP113131,
104822,,,21.236190,29.900961,6.346,1.105,hip2,HIP104822,
87163,,,17.807732,-26.974931,6.346,0.094,hip2,HIP87163,
96729,,,19.663738,-23.427610,6.346,0.034,hip2,HIP96729,
49619,,,10.126592,-48.260830,6.347,-0.150,hip2,HIP49619,
31086,,,6.523335,-32.868565,6.347,1.665,hip2,HIP31086,
47172,,,9.612892,-52.943906,6.347,1.051,hip2,HIP47172,
111086,,,22.504814,-14.585651,6.347,-0.047,hip2,HIP111086,
76033,,,15.528736,-20.164846,6.348,0.220,hip2,HIP76033,
85187,,,17.409388,15.606022,6.348,-0.017,hip2,HIP85187,
74875,,,15.302607,-41.061133,6.348,0.176,hip2,HIP74875,
98482,,,20.007055,-49.350939,6.348,1.056,hip2,HIP98482,
74929,,,15.311474,-31.209332,6.348,1.205,hip2,HIP74929,
53761,,,10.999172,77.770225,6.348,0.966,hip2,HIP53761,
63,,,0.012117,45.253333,6.348,-0.047,hip2,HIP63,
42440,,,8.653679,-60.317338,6.348,-0.002,hip2,HIP42440,
77817,,,15.889705,-62.606549,6.348,1.467,hip2,HIP77817,
18508,,,3.957329,24.461955,6.349,1.372,hip2,HIP18508,
48266,,,9.839907,65.593296,6.349,0.290,hip2,HIP48266,
76666,,,15.655942,-23.150171,6.349,0.023,hip2,HIP76666,
115528,,,23.402155,-18.688125,6.349,1.020,hip2,HIP115528,
39722,,,8.119432,43.260448,6.349,-0.020,hip2,HIP39722,
17057,,,3.657062,-10.437026,6.349,1.031,hip2,HIP17057,
81337,,,16.611930,15.497529,6.349,-0.055,hip2,HIP81337,
9022,,,1.935943,-49.836480,6.349,-0.081,hip2,HIP9022,
79125,,,16.150810,57.937802,6.350,0.032,hip2,HIP79125,
39299,,,8.035037,-37.050075,6.350,1.599,hip2,HIP39299,
31265,,,6.557309,-52.329318,6.350,1.088,hip2,HIP31265,
6685,,,1.429529,70.979921,6.350,-0.011,hip2,HIP6685,
59767,,,12.255742,87.699989,6.350,0.346,hip2,HIP59767,
12990,,,2.784334,35.554814,6.350,0.385,hip2,HIP12990,
4383,,,0.936924,57.996596,6.351,1.376,hip2,HIP4383,
39866,,,8.143791,-37.681242,6.351,-0.054,hip2,HIP39866,
52709,,,10.776984,-43.192539,6.351,0.202,hip2,HIP52709,
7963,,,1.704913,58.627758,6.351,-0.027,hip2,HIP7963,
44010,,,8.961675,9.387778,6.351,0.984,hip2,HIP44010,
51014,,,10.421449,-42.467374,6.351,1.006,hip2,HIP51014,
93437,,,19.030102,33.621260,6.351,-0.117,hip2,HIP93437,
46904,,,9.558426,36.487030,6.351,1.264,hip2,HIP46904,
109434,,,22.170921,72.111318,6.351,-0.053,hip2,HIP109434,
56756,,,11.636074,8.883777,6.352,1.081,hip2,HIP56756,
93117,,,18.969453,-83.422167,6.352,-0.033,hip2,HIP93117,
111884,,,22.663059,19.681149,6.352,0.035,hip2,HIP111884,
,,,5.225910,-8.147765,6.352,-0.118,tyc2,TYC5330-01720-1,5330-01720-1
22189,,,4.773375,-2.954398,6.352,0.041,hip2,HIP22189,
98579,,,20.024100,-40.814239,6.352,0.113,hip2,HIP98579,
109821,,,22.243947,-41.379743,6.352,0.648,hip2,HIP109821,
81823,,,16.713450,-62.553909,6.352,1.524,hip2,HIP81823,
104597,,,21.189130,-72.544279,6.352,1.087,hip2,HIP104597,
23551,,,5.064479,-14.370238,6.353,-0.187,hip2,HIP23551,
2926,,,0.618667,24.014248,6.353,1.170,hip2,HIP2926,
45214,,,9.214065,-60.916815,6.353,-0.044,hip2,HIP45214,
19400,,,4.156156,54.829088,6.353,0.448,hip2,HIP19400,
58242,,,11.945562,-47.072436,6.353,0.407,hip2,HIP58242,
65303,,,13.384058,-48.562786,6.353,-0.077,hip2,HIP65303,
101214,,,20.516453,36.935850,6.353,0.969,hip2,HIP101214,
,,,12.134685,-50.763647,6.353,-0.051,tyc2,TYC8241-03236-1,8241-03236-1
87335,,,17.845447,11.946629,6.353,1.247,hip2,HIP87335,
74514,,,15.226552,38.264816,6.353,1.218,hip2,HIP74514,
56245,,,11.529896,-20.776567,6.353,0.537,hip2,HIP56245,
14586,,,3.139190,18.795087,6.353,1.560,hip2,HIP14586,
44031,,,8.966287,30.233759,6.353,0.474,hip2,HIP44031,
49530,,,10.113179,5.611533,6.354,0.939,hip2,HIP49530,
59003,,,12.098230,-65.546875,6.354,0.152,hip2,HIP59003,
26779,,,5.688981,53.482330,6.354,0.840,hip2,HIP26779,
35707,,,7.367236,-8.979412,6.354,-0.189,hip2,HIP35707,
302,,,0.064341,66.712203,6.354,1.629,hip2,HIP302,
11925,,,2.565172,-51.093496,6.354,0.509,hip2,HIP11925,
7147,,,1.535440,34.799975,6.355,-0.103,hip2,HIP7147,
7580,,,1.627099,-9.404052,6.355,0.528,hip2,HIP7580,
93074,,,18.959554,-39.823286,6.355,0.210,hip2,HIP93074,
100969,,,20.471325,2.937152,6.355,0.899,hip2,HIP100969,
108144,,,21.909972,-3.301192,6.355,0.466,hip2,HIP108144,
74552,,,15.233109,-61.342926,6.355,-0.041,hip2,HIP74552,
24440,,,5.243206,76.472769,6.355,-0.011,hip2,HIP24440,
72124,,,14.753800,32.788510,6.355,1.610,hip2,HIP72124,
11479,,,2.467872,-64.299783,6.356,-0.025,hip2,HIP11479,
29178,,,6.155610,-18.126333,6.356,-0.040,hip2,HIP29178,
34462,,,7.143402,37.445132,6.356,1.212,hip2,HIP34462,
114526,,,23.197032,26.847578,6.356,0.937,hip2,HIP114526,
61134,,,12.527428,-5.052667,6.356,1.041,hip2,HIP61134,
94243,,,19.183863,-39.004682,6.356,0.006,hip2,HIP94243,
106872,,,21.645879,25.498818,6.356,1.026,hip2,HIP106872,
69122,,,14.148963,-59.276670,6.356,0.031,hip2,HIP69122,
92021,,,18.756646,-56.881919,6.356,1.385,hip2,HIP92021,
28622,,,6.042724,-14.497186,6.356,0.947,hip2,HIP28622,
33873,,,7.031364,-1.345788,6.356,1.286,hip2,HIP33873,
18173,,,3.886925,-18.434450,6.357,0.866,hip2,HIP18173,
83816,,,17.129641,40.516140,6.357,0.032,hip2,HIP83816,
77985,,,15.925143,-31.083704,6.357,1.371,hip2,HIP77985,
23589,,,5.072661,21.277992,6.357,1.324,hip2,HIP23589,
86546,,,17.686388,15.178388,6.357,0.040,hip2,HIP86546,
12717,,,2.724018,-66.714056,6.357,0.542,hip2,HIP12717,
75959,,,15.513665,-71.654084,6.357,-0.112,hip2,HIP75959,
28874,,,6.095984,-24.195518,6.357,1.444,hip2,HIP28874,
45002,,,9.165876,-52.082994,6.357,1.023,hip2,HIP45002,
85195,,,17.410286,-18.445742,6.357,0.046,hip2,HIP85195,
93423,,,19.027149,-22.695366,6.357,1.647,hip2,HIP93423,
40476,,,8.264604,-30.925915,6.358,0.777,hip2,HIP40476,
71853,,,14.697569,-30.933120,6.358,-0.083,hip2,HIP71853,
110408,,,22.364128,42.078169,6.358,-0.086,hip2,HIP110408,
2100,,,0.443715,-0.049536,6.358,0.893,hip2,HIP2100,
56961,,,11.676947,-62.568103,6.358,0.029,hip2,HIP56961,
16015,,,3.436603,-41.637005,6.358,0.054,hip2,HIP16015,
30382,,,6.388469,3.764513,6.358,-0.149,hip2,HIP30382,
82880,,,16.937983,73.127917,6.358,0.259,hip2,HIP82880,
96607,,,19.640533,-57.983188,6.358,0.973,hip2,HIP96607,
109124,,,22.103764,56.343390,6.358,-0.091,hip2,HIP109124,
115015,,,23.294461,-11.712955,6.359,0.058,hip2,HIP115015,
33465,,,6.957107,11.907562,6.359,0.349,hip2,HIP33465,
33591,,,6.978807,-30.998053,6.359,-0.137,hip2,HIP33591,
39874,,,8.145123,13.640949,6.359,0.480,hip2,HIP39874,
113127,,,22.909481,-7.204541,6.359,1.284,hip2,HIP113127,
7493,,,1.607559,48.722821,6.360,1.237,hip2,HIP7493,
76664,,,15.655172,-77.917687,6.360,1.207,hip2,HIP76664,
83984,,,17.168411,-61.675441,6.360,-0.049,hip2,HIP83984,
97944,,,19.904951,-23.940074,6.360,1.016,hip2,HIP97944,
17732,,,3.796955,32.195498,6.361,0.474,hip2,HIP17732,
101384,,,20.547876,-24.943725,6.361,0.001,hip2,HIP101384,
32091,,,6.704553,-38.398799,6.361,0.346,hip2,HIP32091,
53100,,,10.863036,-57.272315,6.361,0.226,hip2,HIP53100,
47070,,,9.592727,-19.583308,6.361,0.069,hip2,HIP47070,
64472,,,13.214128,-42.699712,6.361,1.057,hip2,HIP64472,
61443,,,12.591607,-61.841398,6.362,0.731,hip2,HIP61443,
42854,,,8.733274,4.334573,6.362,-0.040,hip2,HIP42854,
113684,,,23.025200,57.105475,6.362,1.499,hip2,HIP113684,
49408,,,10.086221,52.371314,6.362,0.135,hip2,HIP49408,
84759,,,17.325141,-50.063684,6.362,0.413,hip2,HIP84759,
100151,,,20.315546,-47.710769,6.362,1.657,hip2,HIP100151,
1215,,,0.252932,27.283477,6.362,-0.002,hip2,HIP1215,
38667,,,7.916788,-52.583358,6.362,-0.007,hip2,HIP38667,
94645,,Gumala,19.259210,-24.179105,6.362,0.548,hip2,HIP94645,
11907,,,2.561179,-20.001727,6.362,1.100,hip2,HIP11907,
34168,,,7.085830,47.775044,6.362,-0.048,hip2,HIP34168,
83342,,,17.033044,8.450662,6.362,0.091,hip2,HIP83342,
26263,,,5.593307,-3.252837,6.362,-0.122,hip2,HIP26263,
24771,,,5.311201,40.465157,6.363,1.386,hip2,HIP24771,
30973,,,6.500836,-65.568387,6.363,0.329,hip2,HIP30973,
84649,,,17.305353,-16.311902,6.363,1.691,hip2,HIP84649,
23311,,,5.013521,-5.750979,6.363,1.049,hip2,HIP23311,
68270,,,13.975356,-65.800573,6.363,1.043,hip2,HIP68270,
102833,,,20.833075,5.544557,6.363,0.986,hip2,HIP102833,
66152,,,13.559978,-65.632623,6.363,-0.014,hip2,HIP66152,
42070,,,8.574795,-37.611195,6.364,1.562,hip2,HIP42070,
85934,,,17.561880,14.841777,6.364,1.595,hip2,HIP85934,
30217,,,6.357161,2.268591,6.364,0.250,hip2,HIP30217,
58741,,,12.047689,-7.683662,6.364,1.492,hip2,HIP58741,
90337,,,18.432010,14.966280,6.364,-0.037,hip2,HIP90337,
5928,,,1.270168,87.145545,6.364,1.114,hip2,HIP5928,
58002,,,11.897306,0.552107,6.364,0.207,hip2,HIP58002,
72983,,,14.915014,-69.860925,6.365,-0.059,hip2,HIP72983,
88125,,,18.000022,-20.339492,6.365,1.405,hip2,HIP88125,
97142,,,19.743936,34.414156,6.365,1.521,hip2,HIP97142,
73966,,,15.115548,-52.029750,6.365,-0.109,hip2,HIP73966,
25785,,,5.505531,4.204856,6.365,1.280,hip2,HIP25785,
57587,,,11.806542,-10.312839,6.365,0.585,hip2,HIP57587,
37202,,,7.642368,-38.781401,6.365,1.015,hip2,HIP37202,
43209,,,8.802441,-42.463464,6.365,-0.178,hip2,HIP43209,
76234,,,15.572465,-39.349119,6.365,-0.017,hip2,HIP76234,
39920,,,8.152830,-35.455047,6.365,0.892,hip2,HIP39920,
22607,,,4.863868,13.655194,6.365,0.501,hip2,HIP22607,
33650,,,6.991093,25.914187,6.365,-0.111,hip2,HIP33650,
88258,,,18.023090,-17.156852,6.365,1.763,hip2,HIP88258,
100300,,,20.342307,-55.050804,6.365,1.617,hip2,HIP100300,
96901,,,19.697804,50.517921,6.366,0.661,hip2,HIP96901,
5947,,,1.275288,79.909870,6.366,0.440,hip2,HIP5947,
12708,,,2.722284,-40.527940,6.366,-0.022,hip2,HIP12708,
69751,,,14.275813,20.122076,6.366,0.504,hip2,HIP69751,
9627,,,2.061837,18.253289,6.366,1.424,hip2,HIP9627,
24984,,,5.349818,27.957297,6.366,0.039,hip2,HIP24984,
32208,,,6.723154,-39.193082,6.366,0.258,hip2,HIP32208,
74470,,,15.216952,-61.743764,6.366,1.901,hip2,HIP74470,
21998,,,4.728962,-41.064813,6.366,1.468,hip2,HIP21998,
72000,,,14.724485,-62.966660,6.366,-0.086,hip2,HIP72000,
59622,,,12.226888,-33.792881,6.367,0.071,hip2,HIP59622,
70809,,,14.481091,-47.992039,6.367,-0.112,hip2,HIP70809,
85692,,,17.512100,57.876857,6.367,1.397,hip2,HIP85692,
107637,,,21.802337,36.580403,6.367,1.545,hip2,HIP107637,
46247,,,9.428941,63.941026,6.367,1.465,hip2,HIP46247,
52391,,,10.708717,-13.974545,6.367,1.540,hip2,HIP52391,
35241,,,7.282560,-30.896946,6.367,0.200,hip2,HIP35241,
78699,,,16.065196,-24.726327,6.367,1.386,hip2,HIP78699,
97228,,,19.761015,36.091004,6.367,-0.049,hip2,HIP97228,
79086,,,16.143481,8.613248,6.367,1.418,hip2,HIP79086,
84599,,,17.293293,23.090638,6.368,1.544,hip2,HIP84599,
13178,,,2.825205,57.084322,6.368,0.786,hip2,HIP13178,
96630,,,19.646942,3.381522,6.368,0.001,hip2,HIP96630,
29840,,,6.282974,23.740915,6.368,0.446,hip2,HIP29840,
47633,,,9.711978,48.431058,6.368,0.010,hip2,HIP47633,
77689,,,15.860669,-14.133567,6.368,1.010,hip2,HIP77689,
109493,,,22.181027,30.553042,6.368,0.227,hip2,HIP109493,
90083,,,18.383918,-10.218930,6.368,0.130,hip2,HIP90083,
22128,,,4.761795,23.628037,6.369,0.058,hip2,HIP22128,
49160,,,10.032803,-57.349845,6.369,1.108,hip2,HIP49160,
55412,,,11.348252,67.100856,6.369,1.018,hip2,HIP55412,
100515,,,20.382080,42.983439,6.369,0.957,hip2,HIP100515,
113465,,,22.978512,7.340239,6.369,0.052,hip2,HIP113465,
238,,,0.049285,-20.046074,6.369,0.526,hip2,HIP238,
104925,,,21.253975,-40.506080,6.369,1.138,hip2,HIP104925,
53706,,,10.988303,51.882368,6.369,1.352,hip2,HIP53706,
106420,,,21.554968,45.854024,6.369,1.805,hip2,HIP106420,
26602,,,5.654508,-17.849415,6.370,-0.095,hip2,HIP26602,
93210,,,18.986748,39.217324,6.370,-0.168,hip2,HIP93210,
54688,,,11.195498,14.400185,6.370,0.209,hip2,HIP54688,
6776,,,1.451726,34.377578,6.370,0.453,hip2,HIP6776,
35737,,,7.371831,-2.979160,6.370,0.686,hip2,HIP35737,
42249,,,8.613550,74.723720,6.370,0.308,hip2,HIP42249,
22439,,,4.828421,-13.769250,6.370,0.456,hip2,HIP22439,
101245,,,20.522531,52.309372,6.370,1.018,hip2,HIP101245,
38449,,,7.876792,55.209546,6.370,-0.003,hip2,HIP38449,
37599,,,7.714824,-58.230152,6.370,1.049,hip2,HIP37599,
99570,,,20.206627,-42.779818,6.371,1.228,hip2,HIP99570,
66725,,,13.677534,28.065141,6.371,1.311,hip2,HIP66725,
67071,,,13.746028,-25.500879,6.371,1.374,hip2,HIP67071,
113674,,,23.023236,-7.061134,6.371,1.418,hip2,HIP113674,
7189,,,1.543442,-49.727534,6.372,0.462,hip2,HIP7189,
12318,,,2.643551,3.443186,6.372,0.999,hip2,HIP12318,
15700,,,3.371190,-25.587804,6.372,0.010,hip2,HIP15700,
117494,,,23.825438,-15.861203,6.372,1.212,hip2,HIP117494,
57079,,,11.700982,-20.294036,6.372,0.949,hip2,HIP57079,
6312,,,1.351440,64.658188,6.372,0.113,hip2,HIP6312,
24977,,,5.349060,19.814369,6.372,1.229,hip2,HIP24977,
43721,,,8.904083,30.579207,6.372,1.094,tyc2,TYC2485-02096-2,2485-02096-2
99137,,,20.126409,-55.016100,6.372,0.530,hip2,HIP99137,
60861,,,12.473808,-61.794831,6.373,1.253,hip2,HIP60861,
91062,,,18.575315,-52.891419,6.373,1.254,hip2,HIP91062,
44290,,,9.019834,-26.663586,6.373,1.137,hip2,HIP44290,
66690,,,13.671008,31.011813,6.373,0.963,hip2,HIP66690,
107750,,,21.828062,-12.722915,6.373,0.223,hip2,HIP107750,
105685,,,21.405779,-46.614671,6.374,0.235,hip2,HIP105685,
114984,,,23.288571,75.299032,6.374,0.049,hip2,HIP114984,
43570,,,8.873384,5.340330,6.374,0.122,hip2,HIP43570,
47591,,,9.703608,-66.914820,6.374,0.075,hip2,HIP47591,
86768,,,17.729729,-7.079582,6.374,0.324,hip2,HIP86768,
62128,,,12.732962,-36.349135,6.375,-0.060,hip2,HIP62128,
28252,,,5.969918,-0.993968,6.375,1.140,hip2,HIP28252,
48776,,,9.948372,-27.475212,6.375,0.173,hip2,HIP48776,
73901,,,15.103875,-36.264585,6.375,1.658,hip2,HIP73901,
45754,,,9.329984,-34.103316,6.375,-0.087,hip2,HIP45754,
42777,,,8.716721,46.900995,6.375,0.981,hip2,HIP42777,
44423,,,9.051487,-53.550395,6.375,-0.074,hip2,HIP44423,
30352,,,6.383744,-63.683176,6.376,1.612,hip2,HIP30352,
25368,,,5.426805,-1.491293,6.376,-0.162,hip2,HIP25368,
11698,,,2.515105,17.704057,6.376,0.908,hip2,HIP11698,
37530,,,7.702840,-58.630935,6.376,-0.094,hip2,HIP37530,
37404,,,7.679774,13.771270,6.376,1.393,hip2,HIP37404,
92480,,,18.847362,-22.162105,6.376,0.390,hip2,HIP92480,
39041,,,7.987716,-73.244122,6.377,0.128,hip2,HIP39041,
47627,,,9.711491,-35.501728,6.377,-0.053,hip2,HIP47627,
79414,,,16.207049,67.144279,6.377,0.993,hip2,HIP79414,
112694,,,22.821513,-70.348062,6.377,0.071,hip2,HIP112694,
51984,,,10.621146,-53.855265,6.377,-0.150,hip2,HIP51984,
81650,,,16.678997,-51.478576,6.377,0.321,hip2,HIP81650,
90478,,,18.462156,-26.634755,6.377,0.263,hip2,HIP90478,
32539,,,6.789849,18.193557,6.377,0.066,hip2,HIP32539,
52535,,,10.740904,-72.443627,6.377,0.510,hip2,HIP52535,
76733,,,15.669543,12.052954,6.377,0.968,hip2,HIP76733,
84158,,,17.205513,-70.720892,6.378,1.062,hip2,HIP84158,
1076,,,0.223315,26.987625,6.378,0.680,hip2,HIP1076,
32190,,,6.720479,37.147431,6.378,1.026,hip2,HIP32190,
79812,,,16.289160,-53.086264,6.378,0.273,hip2,HIP79812,
102993,,,20.866775,32.848916,6.378,-0.138,hip2,HIP102993,
26781,,,5.689157,29.487481,6.378,-0.081,hip2,HIP26781,
89623,,,18.290044,-9.758465,6.378,0.382,hip2,HIP89623,
69792,,,14.284387,-18.585681,6.378,0.985,hip2,HIP69792,
19917,,,4.272479,-60.948543,6.379,0.097,hip2,HIP19917,
90967,,,18.556310,-5.911649,6.379,0.034,hip2,HIP90967,
101965,,,20.664366,-62.907598,6.379,1.099,hip2,HIP101965,
45421,,,9.255899,84.180988,6.379,0.339,hip2,HIP45421,
92674,,,18.883832,-9.575558,6.379,0.200,hip2,HIP92674,
101756,,,20.623215,38.328772,6.379,1.011,hip2,HIP101756,
73118,,,14.943986,-62.364407,6.380,-0.055,hip2,HIP73118,
98890,,,20.081504,68.027183,6.380,1.649,hip2,HIP98890,
80888,,,16.517442,35.225108,6.380,1.640,hip2,HIP80888,
28438,,,6.005257,44.592107,6.380,1.128,hip2,HIP28438,
117219,,,23.766994,-40.182478,6.380,0.210,hip2,HIP117219,
27795,,,5.882080,68.471651,6.381,0.955,hip2,HIP27795,
47422,,,9.662541,-62.942968,6.381,-0.084,hip2,HIP47422,
72471,,,14.818658,-56.667538,6.381,1.107,hip2,HIP72471,
87910,,,17.957497,11.044568,6.381,0.130,hip2,HIP87910,
7651,,,1.642177,45.399705,6.381,-0.021,hip2,HIP7651,
92550,,,18.859970,28.783659,6.381,1.183,hip2,HIP92550,
101134,,,20.500200,72.531763,6.381,1.353,hip2,HIP101134,
109212,,,22.124987,18.000790,6.381,1.605,hip2,HIP109212,
114227,,,23.132554,64.222544,6.382,1.084,hip2,HIP114227,
23092,,,4.969696,-2.212769,6.382,0.110,hip2,HIP23092,
103693,,,21.012058,-53.739014,6.382,1.563,hip2,HIP103693,
113610,,,23.010522,0.185840,6.382,0.892,hip2,HIP113610,
52308,,,10.688201,-59.676922,6.382,0.088,hip2,HIP52308,
81847,,,16.717657,-46.070284,6.382,0.821,hip2,HIP81847,
50067,,,10.222555,-61.658836,6.383,-0.111,hip2,HIP50067,
100412,,,20.361489,-49.998808,6.383,0.549,hip2,HIP100412,
98563,,,20.020911,37.098873,6.383,1.314,hip2,HIP98563,
70762,,,14.471238,36.197019,6.384,1.174,hip2,HIP70762,
70319,,,14.387543,1.242729,6.384,0.639,hip2,HIP70319,
37666,,,7.728592,-38.201918,6.384,-0.119,hip2,HIP37666,
59439,,,12.192131,-51.359179,6.384,0.816,hip2,HIP59439,
82783,,,16.917592,-42.090824,6.384,0.396,hip2,HIP82783,
40677,,,8.304392,54.143768,6.384,1.558,hip2,HIP40677,
62421,,,12.792617,-6.301649,6.384,0.538,hip2,HIP62421,
108506,,,21.981941,-4.372494,6.385,0.971,hip2,HIP108506,
25205,,,5.391968,5.323046,6.385,0.123,hip2,HIP25205,
60729,,,12.446864,-48.912998,6.385,0.674,hip2,HIP60729,
13271,,,2.846604,-39.932199,6.385,0.040,hip2,HIP13271,
26291,,,5.598755,27.662423,6.385,1.529,hip2,HIP26291,
33760,,,7.011813,-28.489474,6.385,0.449,hip2,HIP33760,
62170,,,12.740528,80.621128,6.385,0.160,hip2,HIP62170,
75535,,,15.431473,19.480724,6.386,0.618,hip2,HIP75535,
73116,,,14.943272,-39.415972,6.386,0.061,hip2,HIP73116,
102631,,,20.796627,3.306443,6.386,-0.013,hip2,HIP102631,
70336,,,14.390453,-11.713900,6.386,0.990,hip2,HIP70336,
90086,,,18.384149,16.688034,6.386,1.216,hip2,HIP90086,
28205,,,5.959708,66.096129,6.386,1.369,hip2,HIP28205,
29982,,,6.311209,9.047284,6.386,0.870,hip2,HIP29982,
17086,,,3.660654,-3.392842,6.386,1.041,hip2,HIP17086,
37000,,,7.604630,-8.311310,6.386,1.541,hip2,HIP37000,
113802,,,23.045874,44.058765,6.386,-0.020,hip2,HIP113802,
111761,,,22.639473,-7.897556,6.386,0.783,hip2,HIP111761,
106,,,0.022011,49.981585,6.386,0.970,hip2,HIP106,
16319,,,3.505386,71.863897,6.386,1.772,hip2,HIP16319,
51732,,,10.570201,-60.987629,6.386,1.399,hip2,HIP51732,
15191,,,3.263097,32.856666,6.387,0.366,hip2,HIP15191,
36264,,,7.467200,-26.838996,6.387,1.513,hip2,HIP36264,
46569,,,9.497188,-23.345340,6.387,1.559,hip2,HIP46569,
82855,,,16.932706,-33.506889,6.387,1.747,hip2,HIP82855,
89114,,,18.187441,-19.841883,6.387,0.158,hip2,HIP89114,
80421,,,16.415038,-45.349462,6.387,0.187,hip2,HIP80421,
13768,,,2.953587,-29.855275,6.387,0.472,hip2,HIP13768,
6868,,,1.473014,7.961374,6.387,1.114,hip2,HIP6868,
13421,,,2.880743,-9.441332,6.387,0.196,hip2,HIP13421,
30420,,,6.396151,-15.071261,6.388,1.534,hip2,HIP30420,
103949,,,21.062083,46.863290,6.388,0.259,hip2,HIP103949,
24925,,,5.340669,-5.367517,6.388,-0.047,hip2,HIP24925,
58874,,,12.074592,85.586911,6.388,0.560,hip2,HIP58874,
106474,,,21.565131,-82.683078,6.388,0.089,hip2,HIP106474,
87293,,,17.836139,78.306516,6.388,1.452,hip2,HIP87293,
84535,,,17.282572,89.037715,6.388,1.575,hip2,HIP84535,
11108,,,2.382652,-18.354660,6.388,0.942,hip2,HIP11108,
51914,,,10.605943,36.327009,6.388,0.436,hip2,HIP51914,
46938,,,9.566436,23.454120,6.388,1.453,hip2,HIP46938,
58259,,,11.948131,61.549319,6.388,0.955,hip2,HIP58259,
23296,,,5.011060,-2.066025,6.389,0.293,hip2,HIP23296,
5679,,,1.216516,30.064308,6.389,0.980,hip2,HIP5679,
,,,16.903234,-41.849241,6.389,0.147,tyc2,TYC7876-02229-1,7876-02229-1
55238,,,11.312162,-58.186428,6.389,1.324,hip2,HIP55238,
78540,,,16.034580,-51.120733,6.389,-0.003,hip2,HIP78540,
18201,,,3.892907,25.682966,6.390,0.110,hip2,HIP18201,
83269,,,17.018619,-56.555015,6.390,0.100,hip2,HIP83269,
93371,,,19.017861,-37.061503,6.390,0.020,hip2,HIP93371,
106661,,,21.603894,30.055276,6.390,1.240,hip2,HIP106661,
23596,,,5.073927,-35.705208,6.390,0.311,hip2,HIP23596,
105034,,,21.274894,42.251826,6.391,1.251,hip2,HIP105034,
112144,,,22.715402,37.802748,6.391,-0.119,hip2,HIP112144,
345,,,0.072305,-29.268830,6.391,0.006,hip2,HIP345,
186,,,0.040047,8.956834,6.391,0.182,hip2,HIP186,
94770,,,19.283479,-65.227644,6.391,-0.046,hip2,HIP94770,
20997,,,4.502776,-13.592374,6.391,1.001,hip2,HIP20997,
75000,,,15.325021,32.514888,6.391,0.234,hip2,HIP75000,
13462,,,2.889186,48.569985,6.391,1.180,hip2,HIP13462,
111191,,,22.526214,29.542839,6.392,0.209,hip2,HIP111191,
96734,,,19.664481,-66.685407,6.392,0.037,hip2,HIP96734,
40766,,,8.320863,-10.165843,6.392,0.329,hip2,HIP40766,
18438,,,3.941759,71.821630,6.392,0.333,hip2,HIP18438,
35326,,,7.296670,-26.797559,6.393,-0.153,hip2,HIP35326,
24130,,,5.182771,-2.253748,6.393,0.984,hip2,HIP24130,
13424,,,2.881117,52.997421,6.393,0.093,hip2,HIP13424,
99453,,,20.185393,-57.524155,6.394,0.057,hip2,HIP99453,
56242,,,11.529206,14.364964,6.394,0.570,hip2,HIP56242,
23874,,,5.130506,-12.592441,6.394,1.617,hip2,HIP23874,
88862,,,18.142705,14.284717,6.394,0.181,hip2,HIP88862,
399,,,0.082202,26.648800,6.394,1.368,hip2,HIP399,
28596,,,6.035921,-60.096850,6.394,1.508,hip2,HIP28596,
16938,,,3.633380,42.582903,6.394,-0.064,hip2,HIP16938,
59046,,,12.105537,-68.651401,6.394,1.237,hip2,HIP59046,
95932,,,19.509603,-55.110021,6.394,0.450,hip2,HIP95932,
102561,,,20.784326,-2.486859,6.394,1.558,hip2,HIP102561,
5688,,,1.219394,61.706204,6.395,0.018,hip2,HIP5688,
25667,,,5.482475,-3.307412,6.395,-0.007,hip2,HIP25667,
56775,,,11.640025,-2.435938,6.395,1.119,hip2,HIP56775,
64117,,,13.141067,-67.796763,6.395,1.710,hip2,HIP64117,
82731,,,16.909983,-30.587337,6.395,0.214,hip2,HIP82731,
5772,,,1.234685,28.529706,6.395,1.684,hip2,HIP5772,
52797,,,10.794003,-57.467418,6.395,1.673,hip2,HIP52797,
99445,,,20.184313,21.134503,6.395,0.894,hip2,HIP99445,
41986,,,8.558410,-46.970673,6.395,1.560,hip2,HIP41986,
42394,,,8.644524,-19.736909,6.395,1.592,hip2,HIP42394,
100808,,,20.439851,56.638678,6.395,0.018,hip2,HIP100808,
78058,,,15.937221,-31.785892,6.396,0.462,hip2,HIP78058,
798,,,0.164471,-62.296837,6.396,0.164,hip2,HIP798,
118076,,,23.952256,-26.623498,6.396,1.452,hip2,HIP118076,
78117,,,15.951097,-48.161920,6.396,0.381,hip2,HIP78117,
117860,,,23.905941,-27.042909,6.396,0.197,hip2,HIP117860,
87264,,,17.831391,-61.714659,6.396,-0.049,hip2,HIP87264,
32931,,,6.860937,3.042063,6.396,0.052,hip2,HIP32931,
50584,,,10.333200,-9.058830,6.396,0.338,hip2,HIP50584,
69569,,,14.239879,41.519016,6.396,1.071,hip2,HIP69569,
106564,,,21.581387,-29.696081,6.396,-0.097,hip2,HIP106564,
100852,,,20.448093,-37.402627,6.397,0.961,hip2,HIP100852,
69458,,,14.220347,-26.612266,6.397,1.071,hip2,HIP69458,
22717,,,4.884926,-72.408338,6.397,0.521,hip2,HIP22717,
20771,,,4.450182,2.079559,6.397,1.087,hip2,HIP20771,
55068,,,11.274428,-45.880179,6.397,0.403,hip2,HIP55068,
68065,,,13.936261,32.032481,6.397,0.401,hip2,HIP68065,
41894,,,8.542622,53.115028,6.397,1.008,hip2,HIP41894,
92731,,,18.896191,57.486595,6.398,1.243,hip2,HIP92731,
95812,,,19.488339,0.246105,6.398,1.317,hip2,HIP95812,
100807,,,20.439764,17.315572,6.398,1.005,hip2,HIP100807,
32268,,,6.736811,36.109259,6.398,0.065,hip2,HIP32268,
40397,,,8.247568,-46.485911,6.398,-0.149,hip2,HIP40397,
100953,,,20.468754,8.437407,6.398,1.074,hip2,HIP100953,
112761,,,22.836136,50.676920,6.398,1.129,hip2,HIP112761,
88172,,,18.007682,19.505783,6.398,-0.054,hip2,HIP88172,
37636,,,7.722832,22.399432,6.398,0.930,hip2,HIP37636,
47249,,,9.630984,-9.424465,6.398,-0.040,hip2,HIP47249,
81425,,,16.630008,13.687186,6.398,0.433,hip2,HIP81425,
101552,,,20.579828,-30.473419,6.398,-0.075,hip2,HIP101552,
635,,,0.128915,-2.548686,6.399,-0.146,hip2,HIP635,
37951,,,7.779089,-12.675313,6.399,-0.004,hip2,HIP37951,
55941,,,11.464925,-1.699953,6.399,1.037,hip2,HIP55941,
30815,,,6.474475,16.238504,6.399,0.894,hip2,HIP30815,
108364,,,21.953081,66.156154,6.399,-0.056,hip2,HIP108364,
102158,,,20.699488,17.521384,6.399,0.942,hip2,HIP102158,
115530,,,23.402466,41.612868,6.399,1.702,hip2,HIP115530,
5412,,,1.153415,80.011677,6.399,0.922,hip2,HIP5412,
22300,,,4.801929,55.602846,6.400,0.320,hip2,HIP22300,
18769,,,4.020788,36.989484,6.400,-0.005,hip2,HIP18769,
20533,,,4.399933,24.301023,6.400,0.173,hip2,HIP20533,
90969,,,18.556411,-38.720001,6.400,0.020,hip2,HIP90969,
28831,,,6.085922,75.585943,6.400,1.512,hip2,HIP28831,
51885,,,10.601252,-26.675285,6.400,0.475,hip2,HIP51885,
91958,,,18.744524,23.590091,6.401,0.437,hip2,HIP91958,
91880,,,18.730894,-6.818011,6.401,0.479,hip2,HIP91880,
13448,,,2.886571,16.483613,6.401,0.457,hip2,HIP13448,
33139,,,6.900642,-50.612141,6.402,0.988,hip2,HIP33139,
50903,,,10.394643,-41.953219,6.402,0.884,hip2,HIP50903,
84650,,,17.305698,-32.553089,6.402,0.109,hip2,HIP84650,
47454,,,9.672243,-10.769183,6.402,0.083,hip2,HIP47454,
46543,,,9.492343,-4.246508,6.402,0.838,hip2,HIP46543,
19877,,,4.262837,15.400749,6.402,0.400,hip2,HIP19877,
40749,,,8.318221,-48.197876,6.402,-0.131,hip2,HIP40749,
91675,,,18.694807,31.617597,6.402,-0.047,hip2,HIP91675,
99870,,,20.262010,50.232866,6.403,0.096,hip2,HIP99870,
112179,,,22.720624,-6.962912,6.403,-0.039,hip2,HIP112179,
27212,,,5.767462,-4.268318,6.403,1.050,hip2,HIP27212,
90146,,,18.396654,53.300863,6.403,0.168,hip2,HIP90146,
25638,,,5.476324,13.679016,6.403,0.168,hip2,HIP25638,
59785,,,12.258532,-41.912839,6.403,1.002,hip2,HIP59785,
47884,,,9.758600,78.134713,6.404,1.353,hip2,HIP47884,
52877,,,10.813851,65.132474,6.404,-0.022,hip2,HIP52877,
112078,,,22.701663,-5.101840,6.404,1.569,hip2,HIP112078,
42579,,,8.678764,-57.545532,6.404,0.208,hip2,HIP42579,
47868,,,9.756115,-30.202762,6.404,-0.137,hip2,HIP47868,
17328,,,3.709081,-85.262023,6.404,-0.005,hip2,HIP17328,
103752,,,21.024453,-68.209606,6.404,0.101,hip2,HIP103752,
43593,,,8.878008,-52.128942,6.404,0.003,hip2,HIP43593,
52316,,,10.690074,-1.741201,6.405,0.880,hip2,HIP52316,
97151,,,19.746970,40.716863,6.405,1.561,hip2,HIP97151,
52730,,,10.780025,-69.209793,6.405,0.180,hip2,HIP52730,
57045,,,11.695421,55.171993,6.405,1.491,hip2,HIP57045,
85391,,,17.448696,-25.943397,6.405,-0.055,hip2,HIP85391,
104719,,,21.213125,60.098011,6.405,2.306,hip2,HIP104719,
109009,,,22.084298,14.815955,6.405,1.523,hip2,HIP109009,
35933,,,7.407680,15.517199,6.406,-0.190,hip2,HIP35933,
61320,,,12.563170,33.384695,6.406,1.051,hip2,HIP61320,
44509,,,9.068275,-47.441464,6.406,-0.155,hip2,HIP44509,
53141,,,10.870470,1.024982,6.406,0.087,hip2,HIP53141,
83738,,,17.114705,-1.656117,6.407,0.209,hip2,HIP83738,
85181,,,17.407537,36.951821,6.407,0.884,hip2,HIP85181,
14104,,,3.031188,5.336103,6.407,1.041,hip2,HIP14104,
18926,,,4.056874,-20.143793,6.407,-0.178,hip2,HIP18926,
41644,,,8.491616,-54.211802,6.407,-0.108,hip2,HIP41644,
91733,,,18.706286,-64.642975,6.407,0.153,hip2,HIP91733,
12744,,,2.730902,25.638332,6.407,0.089,hip2,HIP12744,
99457,,,20.186132,-8.842339,6.407,-0.135,hip2,HIP99457,
8922,,,1.914930,40.702201,6.408,1.262,hip2,HIP8922,
30566,,,6.425001,-35.064041,6.408,1.353,hip2,HIP30566,
68705,,,14.064749,-22.421617,6.408,0.452,hip2,HIP68705,
20138,,,4.317469,-33.904628,6.408,0.132,hip2,HIP20138,
70236,,,14.370563,29.369984,6.408,1.440,hip2,HIP70236,
85589,,,17.490444,-38.516944,6.408,0.091,hip2,HIP85589,
44130,,,8.987736,-28.806079,6.409,0.997,hip2,HIP44130,
31158,,,6.538479,17.784286,6.409,0.541,hip2,HIP31158,
42187,,,8.602142,15.313688,6.409,0.338,hip2,HIP42187,
90858,,,18.535245,3.659595,6.409,-0.025,hip2,HIP90858,
19725,,,4.227263,-1.149726,6.409,-0.125,hip2,HIP19725,
35301,,,7.292133,-6.680026,6.409,1.624,hip2,HIP35301,
36123,,,7.441058,10.608066,6.409,0.078,hip2,HIP36123,
100018,,,20.292093,29.147509,6.409,1.010,hip2,HIP100018,
82405,,,16.839514,-2.654247,6.409,0.401,hip2,HIP82405,
89512,,,18.266092,-3.617984,6.410,0.201,hip2,HIP89512,
716,,,0.147797,25.462852,6.410,0.976,hip2,HIP716,
67036,,,13.737786,-51.012406,6.410,-0.106,hip2,HIP67036,
88148,,,18.004350,0.629488,6.410,0.160,hip2,HIP88148,
110478,,,22.378947,-45.947958,6.410,2.337,tyc2,TYC8439-00392-1,8439-00392-1
96781,,,19.671845,-54.417762,6.410,1.001,hip2,HIP96781,
20552,,,4.403422,-57.071157,6.410,0.659,hip2,HIP20552,
77287,,,15.779286,-6.120359,6.410,1.169,hip2,HIP77287,
104962,,,21.260326,47.974002,6.410,-0.129,hip2,HIP104962,
60197,,,12.344825,27.054839,6.410,0.394,hip2,HIP60197,
63152,,,12.940526,65.994415,6.410,3.269,hip2,HIP63152,
22949,,,4.937664,24.592253,6.411,0.351,hip2,HIP22949,
93488,,,19.039323,8.373529,6.411,1.648,hip2,HIP93488,
14814,,,3.187985,-16.024939,6.411,1.167,hip2,HIP14814,
68687,,,14.060219,7.546213,6.411,0.927,hip2,HIP68687,
68682,,,14.058972,10.787518,6.412,0.733,hip2,HIP68682,
96706,,,19.659591,45.957380,6.412,0.931,hip2,HIP96706,
6759,,,1.449472,-32.543101,6.412,2.450,hip2,HIP6759,
116912,,,23.698488,57.259966,6.412,1.025,hip2,HIP116912,
90884,,,18.539072,-14.644217,6.412,0.217,hip2,HIP90884,
25453,,,5.444118,6.868737,6.412,-0.023,hip2,HIP25453,
74623,,,15.247393,-5.502572,6.412,1.473,hip2,HIP74623,
65230,,,13.367770,43.903334,6.412,0.255,hip2,HIP65230,
114163,,,23.119568,59.727398,6.412,-0.030,hip2,HIP114163,
30849,,,6.478443,-41.074911,6.412,0.390,hip2,HIP30849,
97326,,,19.779072,68.438002,6.412,0.309,hip2,HIP97326,
48468,,,9.882836,-27.332404,6.413,0.622,hip2,HIP48468,
54725,,,11.204106,-32.433825,6.413,1.683,hip2,HIP54725,
61557,,,12.612957,-50.335371,6.413,0.026,hip2,HIP61557,
61692,,,12.646193,40.874696,6.413,0.204,hip2,HIP61692,
70528,,,14.427723,-66.172883,6.413,0.128,hip2,HIP70528,
95340,,,19.396369,20.264355,6.413,0.013,hip2,HIP95340,
33719,,Citalá,7.005029,-5.367357,6.413,0.572,hip2,HIP33719,
93770,,,19.096425,29.921702,6.413,1.668,hip2,HIP93770,
110790,,,22.445988,37.443719,6.413,-0.132,hip2,HIP110790,
79530,,,16.229307,-24.422046,6.413,0.043,hip2,HIP79530,
87042,,,17.785360,-38.112098,6.413,-0.020,hip2,HIP87042,
97091,,,19.732215,27.135406,6.413,1.015,hip2,HIP97091,
46893,,,9.555539,-7.190149,6.414,1.170,hip2,HIP46893,
102258,,,20.720468,57.114005,6.414,0.282,hip2,HIP102258,
103891,,,21.050494,14.730014,6.414,1.680,hip2,HIP103891,
112259,,,22.737910,-60.499667,6.414,0.568,hip2,HIP112259,
40016,,,8.172381,-49.237360,6.414,-0.140,hip2,HIP40016,
10350,,,2.222513,74.027810,6.414,0.915,hip2,HIP10350,
19736,,,4.230508,12.753741,6.414,1.143,hip2,HIP19736,
65678,,,13.466591,52.745643,6.414,0.259,hip2,HIP65678,
62448,,,12.798242,-24.851747,6.414,-0.058,hip2,HIP62448,
37461,,,7.689368,-44.632179,6.414,-0.003,hip2,HIP37461,
56809,,,11.645942,45.108380,6.414,0.566,hip2,HIP56809,
1772,,,0.373735,13.482434,6.415,1.225,hip2,HIP1772,
82669,,,16.899682,-41.994321,6.415,0.462,hip2,HIP82669,
86153,,,17.605951,27.566807,6.415,1.586,hip2,HIP86153,
102057,,,20.682115,-42.396716,6.415,0.934,hip2,HIP102057,
51265,,,10.471745,-63.164573,6.415,-0.039,hip2,HIP51265,
17056,,,3.656971,75.739602,6.415,0.973,hip2,HIP17056,
44367,,,9.035117,-39.402257,6.415,1.000,hip2,HIP44367,
111543,,,22.597772,56.070576,6.416,0.107,hip2,HIP111543,
87624,,,17.899481,-34.831042,6.416,0.000,hip2,HIP87624,
96164,,,19.552796,60.158678,6.416,1.580,hip2,HIP96164,
101211,,,20.515775,-29.112650,6.416,0.227,hip2,HIP101211,
6283,,,1.342937,-3.247000,6.416,1.013,hip2,HIP6283,
64437,,,13.207071,80.471282,6.416,0.955,hip2,HIP64437,
96503,,,19.619338,29.333712,6.416,-0.087,hip2,HIP96503,
46737,,,9.525847,-66.719046,6.417,1.348,hip2,HIP46737,
49642,,,10.132399,-62.221436,6.417,-0.095,hip2,HIP49642,
56657,,,11.617007,-32.987996,6.417,0.439,hip2,HIP56657,
86391,,,17.652355,2.028105,6.417,1.021,hip2,HIP86391,
8159,,,1.748848,20.083406,6.417,0.720,hip2,HIP8159,
71243,,,14.569898,32.534463,6.417,0.450,hip2,HIP71243,
13789,,,2.959063,-38.190952,6.417,-0.018,hip2,HIP13789,
79045,,,16.134714,17.054453,6.417,1.140,hip2,HIP79045,
103902,,,21.052824,-27.731505,6.417,0.945,hip2,HIP103902,
108133,,,21.907373,80.308594,6.417,1.453,hip2,HIP108133,
90971,,,18.556473,8.268274,6.417,-0.044,hip2,HIP90971,
23251,,,5.003691,-78.300012,6.417,1.517,hip2,HIP23251,
81632,,,16.676252,-20.408718,6.417,1.077,hip2,HIP81632,
97033,,,19.720633,58.016752,6.418,0.590,hip2,HIP97033,
13495,,,2.896163,9.335873,6.418,1.455,hip2,HIP13495,
56201,,,11.520848,-61.278468,6.418,0.473,hip2,HIP56201,
47550,,,9.694027,25.912955,6.418,1.251,hip2,HIP47550,
91985,,,18.748719,54.897189,6.419,0.839,hip2,HIP91985,
55225,,,11.309502,-79.668601,6.419,0.266,hip2,HIP55225,
2628,,,0.555334,70.981847,6.419,-0.007,hip2,HIP2628,
39876,,,8.145440,-20.363178,6.419,0.141,hip2,HIP39876,
116292,,,23.561942,45.058073,6.419,0.986,hip2,HIP116292,
86246,,,17.624144,-38.066357,6.419,1.244,hip2,HIP86246,
26149,,,5.574802,-0.012337,6.419,0.997,hip2,HIP26149,
38623,,,7.908133,47.385973,6.420,1.133,hip2,HIP38623,
46407,,,9.463663,-71.781204,6.420,0.413,hip2,HIP46407,
42717,,,8.705805,-55.774658,6.420,1.178,hip2,HIP42717,
112746,,,22.833124,-32.805400,6.420,0.317,hip2,HIP112746,
30062,,,6.327276,-22.103144,6.420,1.473,hip2,HIP30062,
38945,,,7.968306,7.213555,6.420,-0.031,hip2,HIP38945,
45854,,,9.348738,-15.617567,6.420,0.468,hip2,HIP45854,
85042,,,17.380905,-2.387914,6.420,0.680,hip2,HIP85042,
43427,,,8.845870,18.832240,6.421,0.009,hip2,HIP43427,
88528,,,18.077833,23.942171,6.421,0.306,hip2,HIP88528,
69862,,,14.297003,48.002096,6.421,0.466,hip2,HIP69862,
25486,,,5.451320,-11.900844,6.421,0.553,hip2,HIP25486,
62807,,,12.870071,17.073955,6.421,1.622,hip2,HIP62807,
25,,,0.005291,-44.290297,6.421,0.763,hip2,HIP25,
55350,,,11.334490,-71.994333,6.421,0.019,hip2,HIP55350,
28117,,,5.942713,28.942271,6.421,0.275,hip2,HIP28117,
40787,,,8.324866,-34.590147,6.422,-0.079,hip2,HIP40787,
15230,,,3.272697,-5.730415,6.422,1.648,hip2,HIP15230,
108453,,,21.970357,-5.424667,6.422,0.378,hip2,HIP108453,
74273,,,15.179158,-61.422293,6.422,0.623,hip2,HIP74273,
110696,,,22.427967,18.444246,6.422,1.201,hip2,HIP110696,
24909,,,5.339085,-34.698851,6.422,0.318,hip2,HIP24909,
72772,,,14.875925,-30.577153,6.422,0.605,hip2,HIP72772,
96688,,,19.657038,16.571136,6.422,1.918,hip2,HIP96688,
53940,,,11.037177,-41.114067,6.423,1.474,hip2,HIP53940,
85826,,,17.537466,11.930007,6.423,-0.013,hip2,HIP85826,
105193,,,21.309010,61.184401,6.423,1.543,hip2,HIP105193,
14544,,,3.129817,47.308706,6.423,0.122,hip2,HIP14544,
36526,,,7.514205,-5.226486,6.423,1.185,hip2,HIP36526,
39938,,,8.156406,42.430788,6.423,1.263,hip2,HIP39938,
26728,,,5.679498,-10.408664,6.423,-0.127,hip2,HIP26728,
79599,,,16.241359,-21.107563,6.423,0.002,hip2,HIP79599,
94981,,,19.327512,37.330985,6.423,0.676,hip2,HIP94981,
100142,,,20.313798,46.322214,6.423,-0.123,hip2,HIP100142,
34350,,,7.121190,-59.716439,6.424,-0.113,hip2,HIP34350,
42400,,,8.645786,-53.090434,6.424,-0.100,hip2,HIP42400,
88217,,,18.015917,15.093792,6.424,0.747,hip2,HIP88217,
33588,,,6.977725,-55.728926,6.424,1.160,hip2,HIP33588,
62821,,,12.873502,-53.829926,6.424,1.106,hip2,HIP62821,
45150,,,9.198803,5.468653,6.425,0.328,hip2,HIP45150,
49092,,,10.020004,-56.096561,6.425,-0.013,hip2,HIP49092,
97572,,,19.831866,28.439680,6.425,-0.104,hip2,HIP97572,
23555,,,5.064982,-41.745337,6.425,0.528,hip2,HIP23555,
42010,,,8.562518,13.257427,6.425,1.179,hip2,HIP42010,
57322,,,11.753516,-49.069869,6.425,1.174,hip2,HIP57322,
114404,,,23.169127,33.767903,6.425,1.306,hip2,HIP114404,
26515,,,5.638172,-50.641041,6.425,-0.047,hip2,HIP26515,
88429,,,18.054046,19.613158,6.425,0.017,hip2,HIP88429,
24607,,,5.278068,1.947345,6.425,-0.015,hip2,HIP24607,
70418,,,14.406160,-82.848223,6.425,-0.001,hip2,HIP70418,
34066,,,7.065961,-10.123767,6.425,-0.067,hip2,HIP34066,
30602,,,6.431203,11.125908,6.426,0.077,hip2,HIP30602,
85313,,,17.433573,26.878685,6.426,0.124,hip2,HIP85313,
71196,,,14.560727,79.660223,6.426,1.315,hip2,HIP71196,
90692,,,18.503972,-5.724128,6.426,0.953,hip2,HIP90692,
59352,,,12.175456,16.809276,6.426,0.070,hip2,HIP59352,
100016,,,20.291404,42.722063,6.426,1.632,hip2,HIP100016,
53860,,,11.018257,63.421235,6.427,0.169,hip2,HIP53860,
68567,,,14.036712,45.753647,6.427,1.353,hip2,HIP68567,
111965,,,22.679989,-3.554134,6.427,0.520,hip2,HIP111965,
59879,,,12.280375,86.435843,6.427,0.437,hip2,HIP59879,
2583,,,0.546969,28.280226,6.427,0.965,hip2,HIP2583,
64395,,,13.198076,-63.302986,6.427,0.426,hip2,HIP64395,
5743,,,1.229215,7.578382,6.427,0.492,hip2,HIP5743,
80920,,,16.524528,72.612202,6.427,1.291,hip2,HIP80920,
6595,,,1.411645,-44.528528,6.427,1.122,hip2,HIP6595,
91523,,,18.664333,7.358710,6.427,0.962,hip2,HIP91523,
105079,,,21.287095,-13.278974,6.427,0.035,hip2,HIP105079,
115768,,,23.454101,1.122687,6.428,1.013,hip2,HIP115768,
52584,,,10.752635,2.488028,6.428,1.212,hip2,HIP52584,
78059,,,15.937335,-14.399214,6.428,0.485,hip2,HIP78059,
98658,,,20.038933,64.634392,6.428,0.927,hip2,HIP98658,
15987,,,3.432171,-35.920874,6.428,0.082,hip2,HIP15987,
55821,,,11.440440,33.450565,6.428,0.454,hip2,HIP55821,
62523,,,12.813129,24.840484,6.428,0.703,hip2,HIP62523,
45242,,,9.221854,-42.273441,6.428,1.250,hip2,HIP45242,
8370,,,1.796667,46.229885,6.428,0.461,hip2,HIP8370,
49688,,,10.142888,83.918357,6.428,1.549,hip2,HIP49688,
5259,,,1.120243,-23.996256,6.429,0.238,hip2,HIP5259,
6512,,,1.393698,34.245601,6.429,0.829,hip2,HIP6512,
61748,,,12.654680,35.951965,6.429,0.095,hip2,HIP61748,
111627,,,22.613524,35.652423,6.429,1.392,hip2,HIP111627,
58469,,,11.990452,-62.830950,6.429,0.317,hip2,HIP58469,
77390,,,15.798091,-65.442410,6.429,0.223,tyc2,TYC9031-02787-2,9031-02787-2
41970,,,8.555519,-38.370690,6.429,-0.153,hip2,HIP41970,
116119,,,23.528625,28.403522,6.429,0.035,hip2,HIP116119,
16516,,,3.544160,44.855775,6.429,-0.007,hip2,HIP16516,
82798,,,16.921102,13.619993,6.429,0.339,hip2,HIP82798,
16449,,,3.531559,-25.614113,6.429,0.120,hip2,HIP16449,
30190,,,6.351508,-11.817329,6.429,1.676,hip2,HIP30190,
33064,,,6.887047,38.438449,6.429,0.516,hip2,HIP33064,
66704,,,13.673152,50.519272,6.429,0.537,hip2,HIP66704,
115953,,,23.492216,-4.532183,6.429,1.123,hip2,HIP115953,
24377,,,5.229791,0.560467,6.429,1.463,hip2,HIP24377,
27901,,,5.903901,-29.147101,6.430,0.370,hip2,HIP27901,
12982,,,2.782857,35.983533,6.430,0.935,hip2,HIP12982,
35735,,,7.371441,59.901959,6.430,0.282,hip2,HIP35735,
11651,,,2.504600,33.833843,6.430,1.079,hip2,HIP11651,
22720,,,4.886054,52.841185,6.430,0.068,hip2,HIP22720,
83331,,,17.030909,-18.885496,6.430,1.351,hip2,HIP83331,
22850,,,4.916201,19.485457,6.430,0.292,hip2,HIP22850,
33394,,,6.946029,-35.341348,6.430,1.278,hip2,HIP33394,
46168,,,9.415456,51.573916,6.430,0.774,hip2,HIP46168,
99878,,,20.264052,-30.005296,6.430,1.513,hip2,HIP99878,
82987,,,16.958622,25.352802,6.431,0.909,hip2,HIP82987,
39038,,,7.987101,-49.973788,6.431,-0.089,hip2,HIP39038,
58574,,,12.011730,-21.837480,6.431,1.220,hip2,HIP58574,
52685,,,10.772927,57.366055,6.431,1.568,hip2,HIP52685,
84938,,,17.359291,16.731266,6.432,1.608,hip2,HIP84938,
98346,,,19.981368,-68.762404,6.432,0.164,hip2,HIP98346,
53411,,,10.924237,-43.020549,6.432,0.068,hip2,HIP53411,
101684,,,20.610646,-63.120764,6.432,0.413,hip2,HIP101684,
64838,,,13.291637,-0.676041,6.433,0.260,hip2,HIP64838,
14719,,,3.169119,27.819889,6.433,0.014,hip2,HIP14719,
103963,,,21.064483,41.628304,6.433,0.390,hip2,HIP103963,
52806,,,10.795649,-59.875257,6.433,-0.121,hip2,HIP52806,
2256,,,0.478606,-50.532846,6.433,1.090,hip2,HIP2256,
30200,,,6.353309,29.540927,6.433,0.048,hip2,HIP30200,
102642,,,20.798026,52.407579,6.433,0.883,hip2,HIP102642,
5175,,,1.103110,32.181542,6.434,1.308,hip2,HIP5175,
29233,,,6.163099,-26.701118,6.434,1.010,hip2,HIP29233,
7819,,,1.676357,8.760765,6.434,0.401,hip2,HIP7819,
69011,,,14.128011,-48.703959,6.434,0.001,hip2,HIP69011,
47119,,,9.601886,74.318876,6.434,-0.083,hip2,HIP47119,
11174,,,2.397707,55.364868,6.434,0.845,hip2,HIP11174,
105695,,,21.406812,10.174203,6.434,0.474,hip2,HIP105695,
37091,,,7.621613,40.025502,6.434,1.600,hip2,HIP37091,
2832,,,0.598578,13.207502,6.435,0.517,hip2,HIP2832,
42775,,,8.715835,-35.943350,6.435,0.019,hip2,HIP42775,
117430,,,23.810842,64.876485,6.435,0.062,hip2,HIP117430,
89474,,,18.259035,45.209596,6.435,0.641,hip2,HIP89474,
104281,,,21.126004,15.658797,6.435,1.008,hip2,HIP104281,
100762,,,20.428917,10.056094,6.435,1.571,hip2,HIP100762,
73571,,,15.035719,-7.575292,6.435,0.180,hip2,HIP73571,
58436,,,11.981776,-25.908803,6.436,0.038,hip2,HIP58436,
69671,,,14.260717,-45.000421,6.436,0.596,hip2,HIP69671,
81580,,,16.660867,-9.554233,6.436,0.492,hip2,HIP81580,
97491,,,19.815298,-52.887992,6.436,1.131,hip2,HIP97491,
72702,,,14.864254,-18.355322,6.436,1.094,hip2,HIP72702,
99176,,,20.135139,16.664373,6.436,1.720,hip2,HIP99176,
5251,,,1.119289,53.498193,6.436,1.499,hip2,HIP5251,
6087,,,1.302817,47.419716,6.436,1.357,hip2,HIP6087,
45614,,,9.297601,11.501151,6.437,0.095,hip2,HIP45614,
53167,,,10.876693,-0.201595,6.437,1.503,hip2,HIP53167,
4932,,,1.054935,-29.525771,6.437,0.932,hip2,HIP4932,
55791,,,11.430584,3.860194,6.437,0.345,hip2,HIP55791,
57819,,,11.856122,-12.187922,6.437,0.410,hip2,HIP57819,
86835,,,17.743185,2.579095,6.437,0.061,hip2,HIP86835,
104557,,,21.179686,-9.353931,6.437,1.161,hip2,HIP104557,
72670,,,14.858354,-77.175946,6.437,-0.024,hip2,HIP72670,
3807,,,0.815760,-46.697698,6.437,0.897,hip2,HIP3807,
40299,,,8.229350,-46.578695,6.437,-0.159,hip2,HIP40299,
73881,,,15.100671,-48.883368,6.437,-0.137,hip2,HIP73881,
109306,,,22.145176,-33.125751,6.437,0.205,hip2,HIP109306,
19859,,,4.258018,6.187121,6.438,0.570,hip2,HIP19859,
54289,,,11.106755,-64.839956,6.438,0.114,hip2,HIP54289,
27777,,,5.877685,39.574722,6.438,0.098,hip2,HIP27777,
112358,,,22.757831,19.366420,6.438,1.057,hip2,HIP112358,
40220,,,8.214322,-37.924467,6.438,0.108,hip2,HIP40220,
50142,,,10.235827,-23.813972,6.438,1.639,hip2,HIP50142,
69592,,,14.244705,21.873410,6.438,0.194,hip2,HIP69592,
99929,,,20.274487,37.056397,6.438,-0.097,hip2,HIP99929,
101997,,,20.669932,-23.773867,6.438,0.695,tyc2,TYC6921-01792-1,6921-01792-1
32269,,,6.736891,-54.695523,6.438,-0.119,hip2,HIP32269,
73341,,,14.987205,-37.881183,6.439,-0.080,hip2,HIP73341,
40063,,,8.183802,-37.292387,6.439,-0.045,hip2,HIP40063,
101505,,,20.569439,20.985197,6.439,-0.138,hip2,HIP101505,
49418,,,10.087579,-36.384352,6.439,1.112,hip2,HIP49418,
17588,,,3.767469,24.528006,6.439,-0.020,hip2,HIP17588,
33909,,,7.037633,-43.403869,6.439,-0.039,hip2,HIP33909,
96365,,,19.592629,-12.253066,6.439,1.089,hip2,HIP96365,
43853,,,8.932204,-23.818414,6.439,0.157,hip2,HIP43853,
97070,,,19.727637,57.042656,6.439,0.887,hip2,HIP97070,
33015,,,6.879760,-43.975607,6.439,-0.101,hip2,HIP33015,
40617,,,8.292128,8.866325,6.439,0.980,hip2,HIP40617,
108420,,,21.964185,74.996740,6.439,1.560,hip2,HIP108420,
111601,,,22.610094,11.696622,6.439,0.027,hip2,HIP111601,
85450,,,17.462241,8.442141,6.439,1.660,hip2,HIP85450,
25192,,,5.389684,28.936839,6.440,-0.040,hip2,HIP25192,
43624,,,8.884980,59.056143,6.440,0.414,hip2,HIP43624,
39172,,,8.012260,-2.881925,6.440,-0.087,hip2,HIP39172,
66223,,,13.572736,38.789209,6.440,0.241,hip2,HIP66223,
101300,,,20.532830,25.805026,6.440,0.281,hip2,HIP101300,
111649,,,22.618016,12.576895,6.440,1.431,hip2,HIP111649,
20188,,,4.327063,10.121536,6.440,1.428,hip2,HIP20188,
106907,,,21.651685,-33.678752,6.440,0.949,hip2,HIP106907,
70517,,,14.424763,38.393100,6.440,1.225,hip2,HIP70517,
57779,,,11.848729,12.278971,6.441,0.294,hip2,HIP57779,
84478,,,17.270465,-26.543416,6.441,1.144,hip2,HIP84478,
98351,,,19.982324,-30.538238,6.441,1.051,hip2,HIP98351,
39420,,,8.058228,-42.948321,6.441,1.008,hip2,HIP39420,
20698,,,4.433704,4.373490,6.442,1.078,hip2,HIP20698,
24193,,,5.193975,29.903636,6.442,1.752,hip2,HIP24193,
56784,,,11.642315,33.625862,6.442,1.325,hip2,HIP56784,
81231,,,16.590637,17.057346,6.443,0.062,hip2,HIP81231,
5141,,,1.097006,4.908662,6.443,0.383,hip2,HIP5141,
26953,,,5.719254,-1.613178,6.443,1.467,hip2,HIP26953,
115476,,,23.392196,0.291298,6.443,1.583,hip2,HIP115476,
25950,,,5.537380,17.056064,6.443,0.006,tyc2,TYC1301-01942-1,1301-01942-1
62172,,,12.740868,44.102997,6.443,0.469,hip2,HIP62172,
38316,,,7.850023,-24.528486,6.443,-0.003,hip2,HIP38316,
68776,,,14.077069,2.297529,6.443,1.021,hip2,HIP68776,
100155,,,20.315983,39.004203,6.444,1.871,hip2,HIP100155,
91811,,,18.719540,70.792862,6.444,1.234,hip2,HIP91811,
64108,,,13.139034,-78.445970,6.444,0.008,hip2,HIP64108,
114371,,,23.163759,-14.510536,6.444,0.010,hip2,HIP114371,
90174,,,18.400999,-3.583042,6.444,0.351,hip2,HIP90174,
23287,,,5.009424,3.615817,6.444,-0.053,hip2,HIP23287,
81891,,,16.727425,-32.105889,6.444,-0.076,hip2,HIP81891,
15282,,,3.286513,40.483054,6.444,-0.027,hip2,HIP15282,
16447,,,3.530289,49.401095,6.444,0.075,hip2,HIP16447,
107344,,,21.741503,-38.552136,6.445,1.129,hip2,HIP107344,
6378,,,1.366372,76.238888,6.445,0.283,hip2,HIP6378,
94290,,,19.191934,26.735949,6.445,0.444,hip2,HIP94290,
2270,,,0.482407,36.899701,6.445,0.916,hip2,HIP2270,
92635,,,18.874532,-26.650622,6.445,0.941,hip2,HIP92635,
18428,,,3.941016,-13.597541,6.445,1.585,hip2,HIP18428,
54721,,,11.203027,68.271854,6.446,0.127,hip2,HIP54721,
11802,,,2.537422,-36.427338,6.446,1.027,hip2,HIP11802,
18658,,,3.994560,10.330410,6.446,0.417,hip2,HIP18658,
80247,,,16.382357,32.333030,6.446,0.083,hip2,HIP80247,
14607,,,3.144109,8.470891,6.446,1.026,hip2,HIP14607,
43354,,,8.831222,-39.141703,6.446,0.249,hip2,HIP43354,
23419,,,5.033341,1.608841,6.446,-0.050,hip2,HIP23419,
59796,,,12.261530,72.551258,6.446,1.145,hip2,HIP59796,
54264,,,11.101595,-51.212744,6.447,0.943,hip2,HIP54264,
8930,,,1.916009,37.128335,6.447,1.169,hip2,HIP8930,
78849,,,16.095702,-6.291143,6.447,0.413,hip2,HIP78849,
107502,,,21.773290,25.563373,6.447,1.212,hip2,HIP107502,
37939,,,7.775958,-37.772493,6.447,1.348,hip2,HIP37939,
30700,,,6.450244,-4.355649,6.447,-0.155,hip2,HIP30700,
48469,,,9.883363,-55.373217,6.447,-0.145,hip2,HIP48469,
95253,,,19.380096,9.912890,6.448,0.458,hip2,HIP95253,
33420,,,6.950027,-8.179266,6.448,0.641,hip2,HIP33420,
85020,,,17.377561,-37.804637,6.448,0.682,hip2,HIP85020,
106604,,,21.590530,68.219251,6.448,-0.083,hip2,HIP106604,
95281,,,19.384567,-7.400563,6.448,1.455,hip2,HIP95281,
67648,,,13.860160,-36.433002,6.449,0.484,hip2,HIP67648,
78955,,,16.117646,-14.071321,6.449,0.660,hip2,HIP78955,
100524,,,20.383549,-9.654670,6.449,0.913,hip2,HIP100524,
118178,,,23.972548,-15.847464,6.449,1.079,hip2,HIP118178,
38206,,,7.827772,-14.085357,6.449,1.660,hip2,HIP38206,
92016,,,18.755178,-21.001546,6.449,0.458,hip2,HIP92016,
116505,,,23.608477,32.904197,6.449,0.459,hip2,HIP116505,
113501,,,22.986213,52.654453,6.449,1.414,hip2,HIP113501,
86769,,,17.730126,-13.508429,6.449,0.384,hip2,HIP86769,
33133,,,6.899187,38.505086,6.449,-0.044,hip2,HIP33133,
52488,,,10.731185,-60.117788,6.449,-0.017,hip2,HIP52488,
46049,,,9.390926,-60.302330,6.449,1.477,hip2,HIP46049,
47893,,,9.761289,-57.186060,6.449,-0.108,hip2,HIP47893,
108784,,,22.036606,-17.903329,6.450,1.002,hip2,HIP108784,
27325,,,5.788525,-35.674220,6.450,1.191,hip2,HIP27325,
4709,,,1.008574,70.983005,6.450,0.135,hip2,HIP4709,
31385,,,6.579536,7.572499,6.450,-0.010,hip2,HIP31385,
,,,12.521310,-57.081350,6.450,0.117,tyc2,TYC8654-03421-1,8654-03421-1
90238,,,18.411680,-7.075872,6.450,1.161,hip2,HIP90238,
26616,,,5.657530,21.763007,6.450,0.066,hip2,HIP26616,
27229,,,5.770546,-23.644399,6.450,1.422,hip2,HIP27229,
34367,,,7.123578,28.176695,6.450,-0.081,hip2,HIP34367,
9562,,,2.047711,-23.886551,6.450,1.340,hip2,HIP9562,
9827,,,2.108131,0.035369,6.451,0.897,hip2,HIP9827,
107893,,,21.860348,65.752761,6.451,0.281,hip2,HIP107893,
103596,,,20.990168,42.324450,6.451,-0.077,hip2,HIP103596,
14232,,,3.058365,28.269956,6.451,0.306,hip2,HIP14232,
27319,,,5.787411,42.526959,6.451,1.354,hip2,HIP27319,
31105,,,6.527066,15.903534,6.451,0.275,hip2,HIP31105,
79945,,,16.318809,-20.218035,6.451,1.066,hip2,HIP79945,
41484,,,8.460223,45.653841,6.452,0.624,hip2,HIP41484,
91707,,,18.702246,34.746315,6.452,-0.116,hip2,HIP91707,
88565,,,18.083560,41.946051,6.452,0.287,hip2,HIP88565,
60809,,,12.463737,-16.631853,6.452,0.868,hip2,HIP60809,
100165,,,20.317503,-63.230563,6.452,1.045,hip2,HIP100165,
61246,,,12.550808,10.295661,6.452,0.953,hip2,HIP61246,
32261,,,6.736521,53.296427,6.453,1.089,hip2,HIP32261,
84855,,,17.342665,48.188799,6.453,0.427,hip2,HIP84855,
21525,,,4.622013,-41.873064,6.453,0.167,hip2,HIP21525,
33154,,,6.902388,-5.852202,6.453,0.174,hip2,HIP33154,
3965,,,0.849241,51.508033,6.454,0.307,hip2,HIP3965,
6702,,,1.435727,34.579907,6.454,0.500,hip2,HIP6702,
60601,,,12.421562,-65.769612,6.454,0.965,hip2,HIP60601,
73464,,,15.014522,22.045574,6.454,1.179,hip2,HIP73464,
93808,,,19.104732,41.413786,6.454,-0.147,hip2,HIP93808,
102094,,,20.690071,-25.999851,6.454,1.224,hip2,HIP102094,
34297,,,7.109991,-12.393953,6.454,-0.124,hip2,HIP34297,
39279,,,8.032000,35.413085,6.454,1.564,hip2,HIP39279,
49445,,,10.094713,15.757523,6.454,0.387,hip2,HIP49445,
7505,,,1.612090,7.831507,6.454,1.605,hip2,HIP7505,
76573,,,15.637954,24.521908,6.454,1.245,hip2,HIP76573,
87895,,,17.953982,23.995710,6.454,0.642,hip2,HIP87895,
112501,,,22.788668,-34.161787,6.454,1.145,hip2,HIP112501,
28765,,,6.074752,51.573499,6.455,0.196,hip2,HIP28765,
117472,,,23.819969,58.963222,6.455,0.408,hip2,HIP117472,
113360,,,22.959101,3.810164,6.455,1.122,hip2,HIP113360,
27625,,,5.848949,51.514699,6.455,1.047,hip2,HIP27625,
30608,,,6.433008,-7.894975,6.455,0.145,hip2,HIP30608,
107555,,,21.783574,70.150943,6.455,-0.007,hip2,HIP107555,
98954,,,20.090702,15.500369,6.455,1.615,hip2,HIP98954,
80809,,,16.501688,48.961227,6.455,0.026,hip2,HIP80809,
37165,,,7.637323,24.360393,6.455,0.337,hip2,HIP37165,
66892,,,13.708020,41.674252,6.455,0.879,hip2,HIP66892,
68902,,,14.106989,-59.715902,6.455,0.079,hip2,HIP68902,
33082,,,6.889556,10.996943,6.456,0.962,hip2,HIP33082,
61981,,,12.701398,-69.407551,6.456,0.750,hip2,HIP61981,
42850,,,8.731757,-68.211646,6.456,1.501,hip2,HIP42850,
45097,,,9.186869,80.828946,6.456,0.385,hip2,HIP45097,
59291,,,12.163079,74.661366,6.456,0.510,hip2,HIP59291,
63220,,,12.953523,-12.066924,6.456,1.491,hip2,HIP63220,
101641,,,20.602312,25.882619,6.456,0.158,hip2,HIP101641,
112986,,,22.881176,50.412288,6.456,-0.047,hip2,HIP112986,
4520,,,0.965143,13.695879,6.457,0.895,hip2,HIP4520,
8127,,,1.740704,46.139768,6.457,1.419,hip2,HIP8127,
27001,,,5.728089,-45.833101,6.457,0.295,hip2,HIP27001,
38372,,,7.861357,-12.819393,6.457,0.384,hip2,HIP38372,
41893,,,8.542608,-15.030197,6.457,0.275,hip2,HIP41893,
75151,,,15.358363,-38.218640,6.457,-0.081,hip2,HIP75151,
26623,,,5.658566,-9.706607,6.457,-0.107,hip2,HIP26623,
77782,,,15.882264,17.403170,6.457,1.238,hip2,HIP77782,
115171,,,23.328160,48.380860,6.457,1.123,hip2,HIP115171,
48638,,,9.917597,61.116131,6.457,1.036,hip2,HIP48638,
103871,,,21.046838,45.848899,6.457,-0.124,hip2,HIP103871,
109585,,,22.199095,59.084386,6.457,1.123,hip2,HIP109585,
79350,,,16.194332,33.342730,6.458,1.228,hip2,HIP79350,
36211,,,7.457179,66.331642,6.458,-0.064,hip2,HIP36211,
55003,,,11.261879,-57.355869,6.458,0.098,hip2,HIP55003,
80610,,,16.458963,2.870659,6.458,1.638,hip2,HIP80610,
17464,,,3.742740,-54.274186,6.458,1.035,hip2,HIP17464,
25806,,,5.512034,22.462305,6.458,1.180,hip2,HIP25806,
29488,,,6.212870,-17.763241,6.458,-0.166,hip2,HIP29488,
35548,,,7.335233,15.142972,6.458,0.009,hip2,HIP35548,
106021,,,21.473565,8.195711,6.458,1.640,hip2,HIP106021,
6427,,,1.375144,-19.081049,6.459,0.493,hip2,HIP6427,
50492,,,10.310522,-36.804597,6.459,1.282,hip2,HIP50492,
96917,,,19.700805,-9.193449,6.459,1.341,hip2,HIP96917,
108759,,,22.031291,-77.662529,6.459,0.231,hip2,HIP108759,
19412,,,4.157660,59.908076,6.459,1.112,hip2,HIP19412,
76366,,,15.596996,38.373947,6.459,1.306,hip2,HIP76366,
82419,,,16.843375,41.896347,6.459,1.086,hip2,HIP82419,
32990,,,6.873021,-5.316244,6.459,0.977,hip2,HIP32990,
16827,,,3.608384,-78.323089,6.460,1.150,hip2,HIP16827,
6486,,,1.389242,58.143214,6.460,0.457,hip2,HIP6486,
14914,,,3.207321,47.726081,6.460,1.425,hip2,HIP14914,
56135,,,11.506897,46.657466,6.460,1.265,hip2,HIP56135,
60417,,,12.387194,-67.631556,6.460,0.868,tyc2,TYC9227-01757-1,9227-01757-1
69614,,,14.248069,3.335938,6.460,1.600,hip2,HIP69614,
28764,,,6.074585,-45.037202,6.460,0.517,hip2,HIP28764,
31945,,,6.675541,6.371251,6.460,-0.139,hip2,HIP31945,
51835,,,10.590223,-76.309004,6.460,1.205,hip2,HIP51835,
31205,,,6.546356,-11.166397,6.461,1.096,hip2,HIP31205,
86184,,,17.611120,69.571258,6.461,0.596,hip2,HIP86184,
93629,,,19.066944,-57.959972,6.461,0.857,hip2,HIP93629,
84478,,,17.270378,-26.546148,6.461,1.153,tyc2,TYC6820-00293-1,6820-00293-1
43528,,,8.865445,-40.986598,6.461,-0.106,hip2,HIP43528,
84801,,,17.333202,-5.917038,6.461,0.850,hip2,HIP84801,
10227,,,2.191443,57.645548,6.461,0.298,hip2,HIP10227,
73953,,,15.113638,-16.484321,6.461,0.162,hip2,HIP73953,
105729,,,21.414355,-3.398235,6.461,0.334,hip2,HIP105729,
27902,,,5.904368,3.225768,6.461,1.283,hip2,HIP27902,
60454,,,12.393544,-39.302372,6.461,0.285,hip2,HIP60454,
16924,,,3.629950,15.430623,6.462,0.167,hip2,HIP16924,
9521,,,2.041187,-29.665665,6.462,0.135,hip2,HIP9521,
93187,,,18.981283,69.531263,6.462,-0.169,hip2,HIP93187,
41926,,,8.547638,-31.500847,6.462,0.760,tyc2,TYC7135-02774-1,7135-02774-1
730,,,0.150652,-54.001963,6.462,0.738,hip2,HIP730,
2707,,,0.573580,66.750352,6.462,-0.049,hip2,HIP2707,
77138,,,15.749893,-50.785407,6.462,0.163,hip2,HIP77138,
101808,,,20.631161,-25.109183,6.462,0.328,hip2,HIP101808,
11043,,,2.369917,-43.199917,6.463,0.991,hip2,HIP11043,
29746,,,6.264994,1.169005,6.463,0.443,hip2,HIP29746,
104537,,,21.175267,47.692233,6.463,0.007,hip2,HIP104537,
35463,,,7.320471,-33.727146,6.463,1.302,hip2,HIP35463,
86506,,,17.678119,31.287661,6.463,1.075,hip2,HIP86506,
87822,,,17.940049,-65.720964,6.463,0.451,hip2,HIP87822,
30798,,,6.471325,1.912716,6.463,-0.064,hip2,HIP30798,
39326,,,8.040546,-6.337108,6.463,0.615,hip2,HIP39326,
44717,,,9.111989,59.344555,6.463,0.045,hip2,HIP44717,
113433,,,22.973225,-1.410193,6.463,0.366,hip2,HIP113433,
84332,,,17.241015,-39.766646,6.463,2.282,hip2,HIP84332,
110919,,,22.472077,64.085232,6.463,1.113,hip2,HIP110919,
38087,,,7.805418,-56.471093,6.463,1.010,hip2,HIP38087,
51461,,,10.510901,-61.356507,6.463,1.650,hip2,HIP51461,
1208,,,0.251924,31.535738,6.463,1.555,hip2,HIP1208,
34428,,,7.137022,33.832456,6.463,1.356,hip2,HIP34428,
51117,,,10.443595,-0.988078,6.463,1.443,hip2,HIP51117,
84151,,,17.204598,-38.822419,6.464,1.050,hip2,HIP84151,
38870,,,7.954553,1.127023,6.464,0.507,hip2,HIP38870,
21152,,,4.534651,5.410020,6.464,0.420,hip2,HIP21152,
67246,,,13.782617,6.350642,6.464,0.630,hip2,HIP67246,
80324,,,16.399090,-33.199330,6.464,0.013,hip2,HIP80324,
41927,,,8.548131,69.319963,6.464,1.360,hip2,HIP41927,
7786,,,1.670310,53.868289,6.464,1.608,hip2,HIP7786,
44331,,,9.027998,39.713704,6.464,0.314,hip2,HIP44331,
83857,,,17.138078,50.842210,6.465,-0.017,hip2,HIP83857,
102230,,,20.714708,-39.558810,6.465,1.073,hip2,HIP102230,
36965,,,7.598889,43.031087,6.465,0.364,hip2,HIP36965,
113593,,,23.006828,-25.626744,6.465,1.124,hip2,HIP113593,
79581,,,16.237106,5.901897,6.465,1.148,hip2,HIP79581,
27075,,,5.741224,-20.126663,6.465,0.580,hip2,HIP27075,
60780,,,12.458010,-58.316479,6.465,1.612,hip2,HIP60780,
102771,,,20.821499,64.042269,6.465,0.025,hip2,HIP102771,
45603,,,9.295086,-54.494857,6.465,1.403,hip2,HIP45603,
25290,,,5.410679,31.223933,6.466,1.251,hip2,HIP25290,
68643,,,14.051162,-17.366990,6.466,1.380,hip2,HIP68643,
117986,,,23.931842,15.230308,6.466,1.560,hip2,HIP117986,
73941,,,15.109775,36.455964,6.466,0.537,hip2,HIP73941,
77007,,,15.723573,-15.042998,6.466,1.124,hip2,HIP77007,
96351,,,19.590313,2.913476,6.466,0.414,hip2,HIP96351,
97607,,,19.838189,7.902428,6.466,-0.086,hip2,HIP97607,
58085,,,11.912394,-66.376040,6.466,0.406,hip2,HIP58085,
56769,,,11.638992,-63.372750,6.466,0.043,hip2,HIP56769,
60589,,,12.418440,63.802775,6.466,0.919,hip2,HIP60589,
71746,,,14.675770,-56.440740,6.466,1.173,hip2,HIP71746,
59458,,,12.195804,57.054444,6.466,1.505,hip2,HIP59458,
100250,,,20.332234,46.837306,6.467,-0.084,hip2,HIP100250,
31509,,,6.598353,-36.088454,6.467,0.486,hip2,HIP31509,
52815,,,10.798208,-64.262865,6.467,0.008,hip2,HIP52815,
69977,,,14.318659,-27.141154,6.467,1.591,hip2,HIP69977,
76736,,,15.669896,-70.227749,6.467,0.077,hip2,HIP76736,
114159,,,23.119287,-49.606135,6.467,1.452,hip2,HIP114159,
24017,,,5.162369,64.919933,6.467,0.448,hip2,HIP24017,
46232,,,9.425709,16.585646,6.467,0.968,hip2,HIP46232,
50916,,,10.397404,-57.953904,6.467,1.517,hip2,HIP50916,
74490,,,15.221507,-24.008274,6.467,-0.026,hip2,HIP74490,
52103,,,10.645943,-59.262420,6.468,-0.098,hip2,HIP52103,
72518,,,14.826961,-68.936158,6.468,-0.101,hip2,HIP72518,
116972,,,23.712169,16.335692,6.468,0.970,hip2,HIP116972,
26190,,,5.582623,-61.175983,6.468,0.845,hip2,HIP26190,
63822,,,13.080495,73.024952,6.468,0.218,hip2,HIP63822,
72338,,,14.792252,-43.556775,6.468,1.068,hip2,HIP72338,
96491,,,19.615735,38.383829,6.468,-0.127,hip2,HIP96491,
27583,,,5.841341,-52.767905,6.468,0.746,hip2,HIP27583,
60525,,,12.407447,25.582430,6.468,0.276,hip2,HIP60525,
91279,,,18.619181,16.198177,6.468,0.896,hip2,HIP91279,
10115,,,2.168813,53.843201,6.469,0.948,hip2,HIP10115,
35623,,,7.350865,42.655999,6.469,1.404,hip2,HIP35623,
39180,,,8.013360,19.816235,6.469,1.109,hip2,HIP39180,
89835,,,18.332249,51.347948,6.469,1.112,hip2,HIP89835,
14355,,,3.086461,-8.274302,6.469,1.020,hip2,HIP14355,
50562,,,10.328345,-65.137244,6.469,1.556,hip2,HIP50562,
67199,,,13.770706,-54.683313,6.469,0.116,hip2,HIP67199,
90398,,,18.444702,26.449231,6.469,-0.107,hip2,HIP90398,
98146,,,19.945879,50.902497,6.469,0.003,hip2,HIP98146,
113498,,,22.985833,59.814658,6.469,0.012,hip2,HIP113498,
75822,,,15.489203,62.099551,6.469,1.369,hip2,HIP75822,
78153,,,15.958298,39.694964,6.469,1.110,hip2,HIP78153,
88030,,,17.981196,45.476155,6.469,-0.064,hip2,HIP88030,
33721,,,7.005379,-22.119069,6.470,-0.173,hip2,HIP33721,
20360,,,4.360420,-6.284138,6.470,0.056,hip2,HIP20360,
75788,,,15.482453,55.194849,6.470,0.079,hip2,HIP75788,
104872,,,21.243619,0.092287,6.470,1.574,hip2,HIP104872,
111200,,,22.528133,-10.905464,6.470,0.290,hip2,HIP111200,
8233,,,1.766943,-27.348721,6.470,0.366,hip2,HIP8233,
50939,,,10.403653,2.368072,6.470,0.991,hip2,HIP50939,
12690,,,2.717181,48.265255,6.470,1.140,hip2,HIP12690,
1331,,,0.278430,-20.210057,6.470,-0.108,hip2,HIP1331,
118029,,,23.941651,-24.737242,6.470,0.921,hip2,HIP118029,
112567,,,22.798926,-25.911747,6.470,0.913,hip2,HIP112567,
55332,,,11.330787,-72.958277,6.470,0.004,hip2,HIP55332,
19810,,,4.247798,37.542680,6.471,0.958,hip2,HIP19810,
75587,,,15.442270,54.020328,6.471,0.079,hip2,HIP75587,
103889,,,21.049895,-0.924747,6.471,-0.094,hip2,HIP103889,
69735,,,14.273439,39.744694,6.471,0.376,hip2,HIP69735,
113345,,,22.954779,-4.810092,6.472,0.948,hip2,HIP113345,
19172,,,4.110162,54.008884,6.472,0.983,hip2,HIP19172,
97967,,,19.910572,-8.236974,6.472,-0.040,hip2,HIP97967,
103071,,,20.883639,-23.783050,6.472,0.876,hip2,HIP103071,
8086,,,1.730597,32.192011,6.472,0.879,hip2,HIP8086,
37293,,,7.657496,-26.863095,6.472,-0.094,hip2,HIP37293,
28820,,,6.084051,37.964288,6.472,0.825,hip2,HIP28820,
93543,,,19.051942,-19.103016,6.472,0.480,hip2,HIP93543,
38165,,,7.820642,-40.701077,6.473,-0.151,hip2,HIP38165,
98333,,,19.978273,70.366807,6.473,0.868,hip2,HIP98333,
86716,,,17.718574,-33.051275,6.473,1.813,hip2,HIP86716,
63243,,,12.959213,-22.753468,6.473,1.069,hip2,HIP63243,
99719,,,20.234687,36.604894,6.473,-0.014,hip2,HIP99719,
91901,,,18.735536,-36.718234,6.473,0.980,hip2,HIP91901,
94858,,,19.302710,-53.386888,6.473,0.505,hip2,HIP94858,
55133,,,11.287324,-41.934304,6.474,0.015,hip2,HIP55133,
88732,,,18.114854,50.822599,6.474,1.051,hip2,HIP88732,
10798,,,2.316291,-25.946768,6.474,0.724,hip2,HIP10798,
80710,,,16.478726,51.407721,6.474,1.052,hip2,HIP80710,
6261,,,1.338736,77.570465,6.474,0.912,hip2,HIP6261,
100714,,,20.418057,59.600120,6.474,0.094,hip2,HIP100714,
37089,,,7.621370,-23.775413,6.474,0.540,hip2,HIP37089,
30376,,,6.387362,-31.790315,6.475,0.893,hip2,HIP30376,
43177,,,8.794557,-41.736239,6.475,0.578,hip2,HIP43177,
50520,,,10.318047,-64.676069,6.475,0.052,tyc2,TYC8964-00363-1,8964-00363-1
63204,,,12.949516,-54.587310,6.475,-0.042,hip2,HIP63204,
7243,,,1.555074,8.208815,6.475,0.800,hip2,HIP7243,
33271,,,6.920893,45.826588,6.475,0.945,hip2,HIP33271,
47260,,,9.632302,73.080443,6.476,0.352,hip2,HIP47260,
58859,,,12.071316,-51.472489,6.476,-0.046,hip2,HIP58859,
40559,,,8.281656,84.057689,6.476,0.052,hip2,HIP40559,
4446,,,0.948608,68.775742,6.476,0.375,hip2,HIP4446,
33012,,,6.879289,-59.341288,6.476,0.181,hip2,HIP33012,
78731,,,16.072590,-53.710333,6.476,0.006,hip2,HIP78731,
30218,,,6.357198,17.763606,6.476,1.100,hip2,HIP30218,
30669,,,6.445182,-14.603401,6.477,1.242,hip2,HIP30669,
51327,,,10.484353,-65.176335,6.477,1.675,hip2,HIP51327,
89620,,,18.289907,-28.288607,6.477,0.536,hip2,HIP89620,
117510,,,23.830447,-25.331290,6.477,0.097,hip2,HIP117510,
78236,,,15.975224,-37.503825,6.477,1.006,hip2,HIP78236,
110346,,,22.350013,26.935180,6.477,1.526,hip2,HIP110346,
21408,,,4.595159,19.881831,6.478,0.754,hip2,HIP21408,
93418,,,19.025978,-15.282614,6.478,0.963,hip2,HIP93418,
112032,,,22.692021,30.965859,6.478,1.579,hip2,HIP112032,
71658,,,14.656845,-49.055015,6.478,0.440,hip2,HIP71658,
64417,,,13.202340,24.258129,6.478,1.006,hip2,HIP64417,
92040,,,18.760572,79.942509,6.478,0.296,hip2,HIP92040,
78486,,,16.022097,-31.889134,6.479,1.454,hip2,HIP78486,
115036,,,23.298886,45.488948,6.479,-0.037,hip2,HIP115036,
10111,,,2.167992,-43.815557,6.479,0.899,hip2,HIP10111,
61328,,,12.566460,-49.909693,6.479,0.428,hip2,HIP61328,
86060,,,17.588473,-22.043801,6.479,0.011,hip2,HIP86060,
20630,,,4.421971,-44.161057,6.479,0.457,hip2,HIP20630,
56996,,,11.683777,-83.099962,6.479,1.080,hip2,HIP56996,
94916,,,19.314653,9.618161,6.480,1.065,hip2,HIP94916,
417,,,0.084388,-0.502905,6.480,1.099,hip2,HIP417,
38183,,,7.824532,-44.751227,6.480,0.962,hip2,HIP38183,
76567,,,15.637722,-28.206610,6.480,1.176,hip2,HIP76567,
100781,,,20.433773,13.911679,6.480,1.453,hip2,HIP100781,
15309,,,3.292095,65.658350,6.480,0.079,hip2,HIP15309,
105091,,,21.288554,58.611491,6.480,0.194,hip2,HIP105091,
96356,,,19.591609,-7.460185,6.480,1.124,hip2,HIP96356,
102062,,,20.683433,39.082323,6.480,-0.105,hip2,HIP102062,
39514,,,8.075736,-25.699698,6.480,1.461,hip2,HIP39514,
54291,,,11.107657,-50.956743,6.480,1.156,hip2,HIP54291,
97244,,,19.764509,-2.883450,6.481,0.016,hip2,HIP97244,
111879,,,22.662256,-28.325561,6.481,1.006,hip2,HIP111879,
8514,,,1.830240,-38.403483,6.481,0.523,hip2,HIP8514,
73241,,,14.969115,-48.862193,6.481,0.708,hip2,HIP73241,
48706,,,9.934820,-40.824504,6.481,1.612,hip2,HIP48706,
39194,,,8.016887,23.583161,6.481,1.160,hip2,HIP39194,
25011,,,5.355363,4.011978,6.481,-0.089,hip2,HIP25011,
60994,,,12.501370,-13.393053,6.482,0.591,hip2,HIP60994,
45437,,,9.259647,-57.577762,6.482,1.037,hip2,HIP45437,
79605,,,16.244250,-18.535343,6.482,1.085,hip2,HIP79605,
104579,,,21.184380,36.299579,6.482,-0.134,hip2,HIP104579,
90509,,,18.468430,-84.387234,6.482,-0.035,hip2,HIP90509,
68956,,,14.115690,74.593750,6.482,0.160,hip2,HIP68956,
34234,,,7.097123,-10.660083,6.482,-0.062,hip2,HIP34234,
38037,,,7.795892,-16.014481,6.483,1.697,hip2,HIP38037,
54673,,,11.191548,-71.436199,6.483,1.373,hip2,HIP54673,
64181,,,13.153964,-9.538099,6.483,1.016,hip2,HIP64181,
85975,,,17.571359,-48.526884,6.483,0.953,hip2,HIP85975,
98253,,,19.965588,42.260795,6.483,0.095,hip2,HIP98253,
118116,,,23.959311,60.023609,6.483,0.029,hip2,HIP118116,
55485,,,11.363709,57.074843,6.483,0.161,hip2,HIP55485,
88109,,,17.994680,-41.487045,6.484,-0.088,hip2,HIP88109,
68537,,,14.030751,68.678685,6.484,1.412,hip2,HIP68537,
92487,,,18.849624,-41.062678,6.484,-0.075,hip2,HIP92487,
18565,,,3.974759,38.840349,6.484,1.081,hip2,HIP18565,
108296,,,21.939995,21.239823,6.484,1.698,hip2,HIP108296,
67548,,,13.841046,58.539428,6.484,0.094,hip2,HIP67548,
41904,,,8.544408,10.066023,6.485,-0.007,hip2,HIP41904,
94623,,,19.255329,50.071118,6.485,0.930,hip2,HIP94623,
109458,,,22.175051,20.978007,6.485,0.099,hip2,HIP109458,
88671,,,18.102067,-0.446098,6.485,1.014,hip2,HIP88671,
108797,,,22.040624,-16.964834,6.486,0.447,hip2,HIP108797,
94890,,,19.310515,49.569347,6.486,1.123,hip2,HIP94890,
59941,,,12.295622,15.144800,6.486,1.384,hip2,HIP59941,
51401,,,10.498452,65.626304,6.487,1.141,hip2,HIP51401,
62443,,,12.797616,3.572721,6.487,1.596,hip2,HIP62443,
88599,,,18.090762,-81.486448,6.487,1.528,hip2,HIP88599,
26820,,,5.694530,-2.896515,6.487,0.320,hip2,HIP26820,
16602,,,3.561454,57.868636,6.487,0.523,hip2,HIP16602,
113797,,,23.045522,55.236375,6.487,-0.079,hip2,HIP113797,
26314,,,5.604174,-5.647920,6.488,-0.180,hip2,HIP26314,
78360,,,15.998650,-78.027099,6.488,0.387,hip2,HIP78360,
111544,,,22.597806,39.628162,6.488,-0.148,hip2,HIP111544,
58603,,,12.017153,-1.767986,6.488,1.204,hip2,HIP58603,
62478,,,12.803990,13.553101,6.488,0.015,hip2,HIP62478,
69564,,,14.239302,-5.947920,6.488,0.593,hip2,HIP69564,
17858,,,3.822146,57.118328,6.488,0.061,hip2,HIP17858,
84496,,,17.274847,60.670579,6.488,1.090,hip2,HIP84496,
107398,,,21.753445,52.267579,6.488,1.901,hip2,HIP107398,
93197,,,18.983166,50.809126,6.488,0.979,hip2,HIP93197,
94993,,,19.329484,64.390788,6.488,-0.098,hip2,HIP94993,
41449,,,8.454565,-31.672724,6.488,0.897,hip2,HIP41449,
86098,,,17.595299,-37.439792,6.488,0.006,hip2,HIP86098,
31469,,,6.591892,-22.109001,6.489,1.030,hip2,HIP31469,
115218,,,23.337325,61.970140,6.489,1.678,hip2,HIP115218,
72194,,,14.766050,-15.459545,6.489,1.194,hip2,HIP72194,
14797,,,3.184797,-13.264304,6.489,0.614,hip2,HIP14797,
42415,,,8.649977,52.925148,6.489,1.319,hip2,HIP42415,
53556,,,10.955617,-69.038062,6.489,0.000,hip2,HIP53556,
82898,,,16.940365,65.039044,6.489,0.383,hip2,HIP82898,
93209,,,18.986380,-39.534636,6.489,-0.040,hip2,HIP93209,
83493,,,17.064632,19.690493,6.490,1.518,hip2,HIP83493,
54430,,,11.137714,-29.972455,6.490,0.029,hip2,HIP54430,
82539,,,16.871606,-67.681514,6.490,1.289,hip2,HIP82539,
83593,,,17.084706,43.812239,6.490,0.099,hip2,HIP83593,
2865,,,0.605580,27.254791,6.490,-0.070,hip2,HIP2865,
61415,,,12.585096,18.377042,6.490,0.265,hip2,HIP61415,
72846,,,14.889823,15.705111,6.490,0.569,hip2,HIP72846,
79607,,,16.244554,33.857521,6.490,0.584,tyc2,TYC2583-01846-2,2583-01846-2
8369,,,1.796602,-37.159533,6.490,1.016,hip2,HIP8369,
28829,,,6.085618,59.393331,6.490,1.116,hip2,HIP28829,
3641,,,0.777286,69.325371,6.490,0.424,hip2,HIP3641,
76739,,,15.670989,-31.213694,6.490,1.418,hip2,HIP76739,
97485,,,19.814056,33.437297,6.490,0.129,hip2,HIP97485,
4558,,,0.971916,21.404503,6.491,0.089,hip2,HIP4558,
106424,,,21.555852,-80.039308,6.491,0.044,hip2,HIP106424,
108348,,,21.950617,48.668564,6.491,-0.074,hip2,HIP108348,
55497,,,11.365863,-77.608348,6.491,0.202,hip2,HIP55497,
85666,,,17.506291,11.923981,6.491,0.056,hip2,HIP85666,
41813,,,8.524881,-54.393905,6.491,1.298,hip2,HIP41813,
26020,,,5.552040,-1.717361,6.491,-0.099,hip2,HIP26020,
49870,,,10.183049,40.661602,6.491,1.277,hip2,HIP49870,
93443,,,19.030395,22.264377,6.491,0.130,hip2,HIP93443,
60098,,,12.324906,28.157222,6.492,0.523,hip2,HIP60098,
60638,,,12.427299,-86.150597,6.492,1.065,hip2,HIP60638,
109155,,,22.110798,2.439494,6.492,-0.062,hip2,HIP109155,
93068,,,18.957906,58.224917,6.492,0.072,hip2,HIP93068,
38031,,,7.794035,-15.990697,6.492,1.791,hip2,HIP38031,
1502,,,0.311812,-43.235570,6.492,1.210,hip2,HIP1502,
29546,,,6.225969,-29.395746,6.492,-0.105,hip2,HIP29546,
118224,,,23.980343,32.381711,6.492,-0.126,hip2,HIP118224,
105019,,,21.271606,-9.214664,6.492,1.612,hip2,HIP105019,
13064,,,2.798868,-12.460531,6.493,1.434,hip2,HIP13064,
42434,,,8.652807,59.939243,6.493,0.035,hip2,HIP42434,
112170,,,22.717866,47.168761,6.493,0.450,hip2,HIP112170,
28385,,,5.996064,55.321072,6.493,0.318,hip2,HIP28385,
84113,,,17.195894,7.894729,6.493,1.040,hip2,HIP84113,
109412,,,22.166704,-28.292493,6.493,0.147,hip2,HIP109412,
111066,,,22.500385,-12.915118,6.493,0.356,hip2,HIP111066,
12272,,,2.633528,7.695377,6.493,0.431,hip2,HIP12272,
110091,,,22.301194,-0.237523,6.493,0.441,hip2,HIP110091,
32339,,,6.750712,-30.586415,6.493,-0.111,hip2,HIP32339,
74083,,,15.138761,50.055006,6.493,1.050,hip2,HIP74083,
83556,,,17.076029,-68.278643,6.493,1.570,hip2,HIP83556,
7879,,,1.689246,-79.148254,6.494,0.947,hip2,HIP7879,
44768,,,9.124170,22.980865,6.494,0.453,hip2,HIP44768,
6794,,,1.457407,41.101098,6.494,0.311,hip2,HIP6794,
13363,,,2.865601,-30.814775,6.494,0.484,hip2,HIP13363,
83321,,,17.029545,-51.130917,6.494,0.279,hip2,HIP83321,
60699,,,12.440131,71.929884,6.494,1.028,hip2,HIP60699,
85474,,,17.467330,-8.208059,6.494,0.570,hip2,HIP85474,
113204,,,22.925158,-20.139367,6.494,1.429,hip2,HIP113204,
95820,,,19.489267,-7.044064,6.494,0.870,hip2,HIP95820,
82861,,,16.933832,-16.806338,6.494,0.952,hip2,HIP82861,
83906,,,17.148487,-3.882607,6.495,0.697,hip2,HIP83906,
38345,,,7.853883,-47.216434,6.495,-0.118,hip2,HIP38345,
87428,,,17.866513,-1.236812,6.495,1.126,hip2,HIP87428,
53151,,,10.874630,-79.559442,6.495,1.460,hip2,HIP53151,
1339,,,0.279354,10.244758,6.495,1.864,hip2,HIP1339,
72373,,,14.798589,-12.839782,6.495,1.097,hip2,HIP72373,
91090,,,18.579858,10.892001,6.496,0.032,hip2,HIP91090,
106500,,,21.571438,-42.924659,6.496,1.093,hip2,HIP106500,
104449,,,21.158000,63.295649,6.496,-0.111,hip2,HIP104449,
91142,,,18.593465,4.936061,6.496,0.075,hip2,HIP91142,
100651,,,20.408988,53.551903,6.496,-0.025,hip2,HIP100651,
13347,,,2.862754,58.314298,6.496,0.104,hip2,HIP13347,
20904,,,4.481105,30.361540,6.496,0.547,hip2,HIP20904,
74418,,,15.208674,-48.218892,6.496,1.115,hip2,HIP74418,
30595,,,6.429761,-3.889025,6.496,1.018,hip2,HIP30595,
82543,,,16.872014,-41.854513,6.497,0.264,hip2,HIP82543,
86725,,,17.721585,-27.883972,6.497,0.438,hip2,HIP86725,
98910,,,20.084838,-11.599377,6.497,0.543,hip2,HIP98910,
50122,,,10.232384,-40.310752,6.497,0.940,hip2,HIP50122,
95306,,,19.389940,50.271250,6.497,-0.071,hip2,HIP95306,
41564,,,8.474766,-2.517100,6.497,0.332,hip2,HIP41564,
19673,,,4.214410,68.501133,6.497,1.169,hip2,HIP19673,
58809,,,12.062369,5.557952,6.497,0.476,hip2,HIP58809,
45249,,,9.222648,-29.664422,6.497,1.600,hip2,HIP45249,
100866,,,20.452159,34.329074,6.497,0.480,hip2,HIP100866,
41653,,,8.493443,-55.190904,6.497,0.799,hip2,HIP41653,
115129,,,23.319041,-79.472436,6.497,0.913,hip2,HIP115129,
46333,,,9.446405,-59.578805,6.497,-0.080,hip2,HIP46333,
106363,,,21.542561,-24.590433,6.498,0.200,hip2,HIP106363,
116465,,,23.598873,24.560987,6.498,1.703,hip2,HIP116465,
54842,,,11.227806,41.088797,6.498,1.150,hip2,HIP54842,
77186,,,15.760973,0.891050,6.498,1.195,hip2,HIP77186,
95211,,,19.369325,-42.015952,6.498,1.129,hip2,HIP95211,
95369,,,19.401532,-68.371079,6.498,1.238,hip2,HIP95369,
114607,,,23.217780,29.441622,6.498,0.924,hip2,HIP114607,
50075,,,10.223608,-33.031879,6.498,0.592,hip2,HIP50075,
24827,,,5.321753,-18.509583,6.499,-0.100,hip2,HIP24827,
60066,,,12.317231,26.008371,6.499,0.180,hip2,HIP60066,
86713,,,17.718217,44.084235,6.499,1.521,hip2,HIP86713,
113080,,,22.901555,-19.175138,6.499,1.515,hip2,HIP113080,
60305,,,12.365638,47.182260,6.499,1.115,hip2,HIP60305,
19721,,,4.226587,-40.357839,6.499,1.468,hip2,HIP19721,
109190,,,22.119348,58.840772,6.499,0.877,hip2,HIP109190,
30503,,,6.412219,-28.779819,6.499,0.626,hip2,HIP30503,
117712,,,23.873478,75.544486,6.499,0.977,hip2,HIP117712,
44565,,,9.079999,-57.852629,6.499,0.288,hip2,HIP44565,
50785,,,10.369577,-58.265637,6.499,0.884,hip2,HIP50785,
81428,,,16.631336,78.918564,6.499,1.141,hip2,HIP81428,
50893,,,10.392407,-3.642868,6.500,1.601,hip2,HIP50893,
109647,,,22.212193,-4.720594,6.500,0.498,hip2,HIP109647,
48413,,,9.870000,0.075672,6.500,0.934,hip2,HIP48413,
83007,,,16.961751,24.381309,6.500,1.089,hip2,HIP83007,
115389,,,23.374605,25.918510,6.500,1.540,hip2,HIP115389,
46810,,,9.538457,-28.627876,6.500,0.358,hip2,HIP46810,
43454,,,8.850426,15.350474,6.500,0.669,hip2,HIP43454,
112655,,,22.815354,-63.718416,6.500,-0.047,hip2,HIP112655,
70873,,,14.493523,41.796448,6.500,0.702,hip2,HIP70873,
8044,,,1.721219,45.322636,6.501,1.020,hip2,HIP8044,
8847,,,1.896796,55.597671,6.501,0.185,hip2,HIP8847,
29949,,,6.304682,46.360760,6.501,1.113,hip2,HIP29949,
54048,,,11.060148,-13.434911,6.501,0.860,hip2,HIP54048,
54999,,,11.261047,-12.592541,6.501,1.517,hip2,HIP54999,
16177,,,3.473212,60.255726,6.501,0.014,hip2,HIP16177,
51248,,,10.467746,48.784900,6.501,0.554,tyc2,TYC3438-00194-1,3438-00194-1
70051,,,14.335742,30.429145,6.501,0.156,hip2,HIP70051,
40474,,,8.264033,60.380583,6.501,0.210,hip2,HIP40474,
12218,,,2.622453,39.896127,6.502,-0.114,hip2,HIP12218,
87782,,,17.931934,-18.802105,6.502,0.056,hip2,HIP87782,
107030,,,21.676026,-55.738000,6.502,1.060,hip2,HIP107030,
37803,,,7.751328,-37.887884,6.502,-0.099,hip2,HIP37803,
16587,,,3.558942,58.765352,6.502,0.168,hip2,HIP16587,
60468,,,12.396617,-30.335385,6.502,1.572,hip2,HIP60468,
34006,,,7.056835,-52.425366,6.502,-0.109,hip2,HIP34006,
70580,,,14.437092,-42.318472,6.502,1.215,hip2,HIP70580,
103168,,,20.901827,-27.925198,6.502,1.634,hip2,HIP103168,
7283,,,1.563476,89.015718,6.502,0.107,hip2,HIP7283,
67483,,,13.829162,36.632765,6.503,0.256,hip2,HIP67483,
69398,,,14.206821,-24.363340,6.503,1.351,hip2,HIP69398,
80850,,,16.510855,77.445851,6.503,0.995,hip2,HIP80850,
94910,,,19.313447,19.610476,6.503,-0.006,hip2,HIP94910,
24618,,,5.280073,-17.142352,6.503,-0.150,hip2,HIP24618,
45272,,,9.227020,21.283232,6.503,0.046,hip2,HIP45272,
76006,,,15.522864,36.616661,6.503,0.529,hip2,HIP76006,
93224,,,18.989950,-19.279289,6.503,1.582,hip2,HIP93224,
109079,,,22.097344,45.112512,6.503,-0.025,hip2,HIP109079,
19233,,,4.122581,-64.223109,6.503,0.636,hip2,HIP19233,
101997,,,20.669843,-23.774987,6.503,0.719,hip2,HIP101997,
115833,,,23.466857,-35.544488,6.503,1.201,hip2,HIP115833,
,,,16.199591,-19.450227,6.503,0.047,tyc2,TYC6209-01536-1,6209-01536-1
95239,,,19.377133,-51.231262,6.503,0.328,hip2,HIP95239,
20856,,,4.469299,-41.959839,6.503,1.614,hip2,HIP20856,
3132,,,0.663265,82.493575,6.503,0.551,hip2,HIP3132,
64779,,,13.275647,19.785217,6.503,0.274,hip2,HIP64779,
19111,,,4.096313,-20.512537,6.503,0.918,hip2,HIP19111,
49645,,,10.133797,-37.333462,6.503,0.980,hip2,HIP49645,
58369,,,11.968680,32.274059,6.503,0.331,hip2,HIP58369,
89006,,,18.165998,-59.040175,6.503,1.553,hip2,HIP89006,
17136,,,3.669844,-15.226500,6.504,0.881,hip2,HIP17136,
89104,,,18.185323,60.409521,6.504,-0.002,hip2,HIP89104,
95400,,,19.406261,28.087584,6.504,-0.080,hip2,HIP95400,
29568,,,6.229257,-23.862207,6.504,0.713,hip2,HIP29568,
92700,,,18.888472,40.995146,6.504,1.407,hip2,HIP92700,
99529,,,20.199418,-12.392358,6.504,1.209,hip2,HIP99529,
80142,,,16.357512,-48.188568,6.505,-0.047,hip2,HIP80142,
36346,,,7.480945,-64.509784,6.505,1.554,hip2,HIP36346,
48861,,,9.965789,45.414380,6.505,1.096,hip2,HIP48861,
53259,,,10.892462,-15.445686,6.505,1.176,hip2,HIP53259,
105819,,,21.430988,0.534306,6.505,0.162,hip2,HIP105819,
15193,,,3.263514,50.955976,6.505,0.100,hip2,HIP15193,
71168,,,14.555630,36.959203,6.505,0.521,hip2,HIP71168,
115178,,,23.328644,-33.707960,6.505,1.308,hip2,HIP115178,
30169,,,6.347811,11.756231,6.506,-0.104,hip2,HIP30169,
102499,,,20.772579,52.995551,6.506,1.131,hip2,HIP102499,
114725,,,23.239367,29.771850,6.506,0.448,hip2,HIP114725,
70798,,,14.478751,-59.197530,6.506,0.111,hip2,HIP70798,
70385,,,14.400551,27.413188,6.506,1.609,hip2,HIP70385,
84947,,,17.361551,-24.906009,6.506,1.399,hip2,HIP84947,
10050,,,2.156396,17.224649,6.506,0.471,hip2,HIP10050,
91499,,,18.660243,5.264282,6.506,0.800,hip2,HIP91499,
60417,,,12.387511,-67.632171,6.507,0.887,hip2,HIP60417,
75101,,,15.346437,-2.412917,6.507,1.062,hip2,HIP75101,
95319,,,19.392765,33.221570,6.507,0.804,hip2,HIP95319,
27929,,,5.909637,-4.064710,6.507,-0.175,hip2,HIP27929,
29114,,,6.139760,41.055846,6.508,1.044,hip2,HIP29114,
105406,,,21.350400,40.345574,6.508,0.533,hip2,HIP105406,
48320,,,9.850222,-80.061096,6.508,0.074,hip2,HIP48320,
94679,,,19.265822,27.455935,6.508,-0.027,hip2,HIP94679,
104048,,,21.079256,2.269932,6.508,0.965,hip2,HIP104048,
63883,,,13.091896,-52.115682,6.508,1.690,hip2,HIP63883,
30351,,,6.383742,-3.276983,6.508,-0.148,hip2,HIP30351,
62081,,,12.723957,-40.177810,6.508,0.242,hip2,HIP62081,
68380,,,13.997027,-3.549651,6.508,0.486,hip2,HIP68380,
82091,,,16.768438,-46.531918,6.508,0.087,hip2,HIP82091,
87045,,,17.785568,47.612223,6.509,0.095,hip2,HIP87045,
46874,,,9.552142,-39.129169,6.509,0.337,hip2,HIP46874,
93175,,,18.979182,19.794400,6.509,-0.048,hip2,HIP93175,
35564,,,7.339404,-52.309255,6.509,0.528,tyc2,TYC8132-02110-1,8132-02110-1
76371,,,15.598125,-44.958346,6.509,-0.082,tyc2,TYC7848-02378-2,7848-02378-2
59647,,,12.232354,-78.573887,6.509,1.234,hip2,HIP59647,
67008,,,13.732605,-59.235962,6.509,-0.027,hip2,HIP67008,
94478,,,19.228895,5.515639,6.509,0.100,hip2,HIP94478,
30517,,,6.414654,16.057230,6.510,1.063,hip2,HIP30517,
1575,,,0.328216,40.729507,6.510,1.179,hip2,HIP1575,
93315,,,19.006883,-24.942271,6.510,1.253,hip2,HIP93315,
29798,,,6.273276,17.181631,6.510,1.565,hip2,HIP29798,
30423,,,6.396366,-58.543933,6.510,0.120,hip2,HIP30423,
42142,,,8.590266,2.743440,6.510,1.023,hip2,HIP42142,
101966,,,20.664402,11.249447,6.510,0.559,hip2,HIP101966,
93466,,,19.035289,52.261137,6.510,0.983,hip2,HIP93466,
15884,,,3.410058,-51.062705,6.511,0.003,hip2,HIP15884,
83677,,,17.102678,9.733855,6.511,1.458,hip2,HIP83677,
44665,,,9.102114,-64.499921,6.511,1.361,hip2,HIP44665,
37128,,,7.629175,-38.010572,6.511,1.472,hip2,HIP37128,
25443,,,5.442005,2.935921,6.511,-0.001,hip2,HIP25443,
41940,,,8.550040,24.084906,6.511,1.032,hip2,HIP41940,
111278,,,22.543160,20.229945,6.511,0.350,hip2,HIP111278,
82526,,,16.868011,14.974201,6.512,-0.033,hip2,HIP82526,
61738,,,12.654066,-75.370569,6.512,0.098,hip2,HIP61738,
38963,,,7.972631,-51.448578,6.512,0.260,hip2,HIP38963,
27660,,,5.856417,-64.033607,6.513,0.866,hip2,HIP27660,
2142,,,0.452030,80.052148,6.513,-0.083,hip2,HIP2142,
2178,,,0.458615,16.025459,6.513,0.230,hip2,HIP2178,
51866,,,10.597035,-58.224290,6.513,0.009,hip2,HIP51866,
65969,,,13.525894,-28.112746,6.513,0.090,hip2,HIP65969,
82985,,,16.958312,-60.600092,6.513,-0.060,hip2,HIP82985,
5062,,,1.079662,51.009797,6.513,-0.081,hip2,HIP5062,
26853,,,5.701107,22.660386,6.513,1.194,hip2,HIP26853,
30594,,,6.429591,2.271720,6.513,-0.027,hip2,HIP30594,
42701,,,8.702731,-11.965974,6.513,0.160,hip2,HIP42701,
85622,,,17.496491,-5.919322,6.513,0.930,hip2,HIP85622,
92475,,,18.845985,10.976377,6.513,1.443,hip2,HIP92475,
10446,,,2.243854,28.691426,6.514,0.957,hip2,HIP10446,
112168,,,22.717612,-8.311431,6.514,0.166,hip2,HIP112168,
60549,,,12.412436,-41.384119,6.514,1.169,hip2,HIP60549,
63738,,,13.062802,-20.583424,6.514,0.532,tyc2,TYC6118-01515-2,6118-01515-2
69727,,,14.272613,-6.621518,6.514,0.275,hip2,HIP69727,
104788,,,21.228461,64.404208,6.514,0.625,hip2,HIP104788,
31889,,,6.666074,44.014104,6.514,1.222,hip2,HIP31889,
40181,,,8.207603,-36.989246,6.514,-0.095,hip2,HIP40181,
84147,,,17.203784,-25.255031,6.514,-0.037,hip2,HIP84147,
33453,,,6.955139,37.394733,6.514,1.673,hip2,HIP33453,
31650,,,6.624248,24.590845,6.514,0.101,hip2,HIP31650,
103103,,,20.890260,-30.718909,6.514,1.100,hip2,HIP103103,
105689,,,21.406420,24.528417,6.514,1.057,hip2,HIP105689,
22923,,,4.932878,5.399058,6.515,0.025,hip2,HIP22923,
75919,,,15.506328,31.285976,6.515,0.205,hip2,HIP75919,
6140,,,1.313060,37.386302,6.515,0.233,hip2,HIP6140,
48029,,,9.790554,11.568177,6.515,0.255,hip2,HIP48029,
101607,,,20.591566,6.947071,6.515,-0.055,hip2,HIP101607,
21144,,,4.532484,36.742853,6.515,1.089,hip2,HIP21144,
22938,,,4.935840,7.904800,6.515,0.415,hip2,HIP22938,
96003,,,19.520433,55.731880,6.515,1.123,hip2,HIP96003,
98960,,,20.092229,-32.999819,6.515,-0.069,hip2,HIP98960,
26463,,,5.629388,33.559155,6.516,1.306,hip2,HIP26463,
26098,,,5.565996,1.407647,6.516,-0.174,hip2,HIP26098,
65754,,,13.479388,50.718751,6.516,0.404,hip2,HIP65754,
103077,,,20.884881,-11.573762,6.516,0.661,hip2,HIP103077,
22280,,,4.797099,-30.020597,6.516,1.071,hip2,HIP22280,
49223,,,10.047062,-62.156676,6.516,1.688,hip2,HIP49223,
90597,,,18.486909,-43.845992,6.516,0.904,hip2,HIP90597,
30501,,,6.412152,25.048718,6.516,1.210,hip2,HIP30501,
73156,,,14.951003,21.555485,6.516,0.015,hip2,HIP73156,
76048,,,15.530623,-32.881061,6.516,0.065,hip2,HIP76048,
113904,,,23.066888,6.616320,6.516,0.417,hip2,HIP113904,
111296,,,22.546360,15.863222,6.516,1.190,hip2,HIP111296,
1821,,,0.384542,-15.942617,6.516,1.595,hip2,HIP1821,
101558,,,20.582073,-38.089862,6.516,0.264,hip2,HIP101558,
104296,,,21.129028,-45.379452,6.516,0.245,hip2,HIP104296,
107797,,,21.836936,-16.844900,6.516,1.420,hip2,HIP107797,
84934,,,17.358675,28.758099,6.517,0.724,hip2,HIP84934,
30372,,,6.386957,-34.996820,6.517,-0.073,hip2,HIP30372,
79420,,,16.208944,75.210594,6.517,1.283,hip2,HIP79420,
37938,,,7.775955,-40.059529,6.517,-0.124,hip2,HIP37938,
18990,,,4.069070,-16.588578,6.517,1.266,hip2,HIP18990,
89178,,,18.199486,-28.901518,6.517,-0.016,hip2,HIP89178,
68516,,,14.026900,17.668593,6.517,1.215,hip2,HIP68516,
9149,,,1.964825,-65.424684,6.518,0.906,hip2,HIP9149,
92233,,,18.797001,-77.868613,6.518,0.593,hip2,HIP92233,
8480,,,1.822045,-31.072423,6.518,1.222,hip2,HIP8480,
54319,,,11.112226,17.737426,6.518,1.555,hip2,HIP54319,
73589,,,15.041857,31.683804,6.518,1.400,hip2,HIP73589,
97787,,,19.870995,10.351621,6.518,-0.027,hip2,HIP97787,
26233,,,5.589407,-4.494175,6.518,-0.142,hip2,HIP26233,
88675,,,18.102559,-51.743889,6.518,0.172,hip2,HIP88675,
18275,,,3.909426,-52.690331,6.519,0.158,hip2,HIP18275,
34937,,,7.229788,-31.083643,6.519,-0.172,hip2,HIP34937,
60804,,,12.461686,8.610371,6.519,0.935,hip2,HIP60804,
37514,,,7.699456,-38.528394,6.519,-0.087,hip2,HIP37514,
41926,,,8.547849,-31.502704,6.519,0.780,hip2,HIP41926,
86501,,,17.677088,43.470528,6.520,1.199,hip2,HIP86501,
94646,,,19.259269,18.516328,6.520,1.743,hip2,HIP94646,
60421,,,12.388583,-11.812092,6.520,1.640,hip2,HIP60421,
65835,,,13.495218,-23.281327,6.520,1.248,tyc2,TYC6713-00024-1,6713-00024-1
103191,,,20.906221,28.522010,6.520,-0.147,hip2,HIP103191,
93309,,,19.005295,40.684037,6.520,1.463,hip2,HIP93309,
15585,,,3.345882,-26.606562,6.520,0.542,hip2,HIP15585,
26091,,,5.564441,-29.849235,6.520,-0.016,hip2,HIP26091,
29839,,,6.282901,7.052584,6.520,-0.116,hip2,HIP29839,
25580,,,5.466923,33.764212,6.521,0.510,hip2,HIP25580,
88981,,,18.162048,-13.934427,6.521,1.428,hip2,HIP88981,
67620,,,13.855646,-24.390473,6.521,0.655,tyc2,TYC6720-01406-1,6720-01406-1
109375,,,22.158038,-23.659117,6.521,0.921,hip2,HIP109375,
22737,,,4.891803,-66.675439,6.521,1.640,hip2,HIP22737,
61172,,,12.534557,-32.533732,6.521,0.172,hip2,HIP61172,
68763,,,14.074167,-14.971656,6.521,1.081,hip2,HIP68763,
82989,,,16.958913,13.883943,6.521,0.930,hip2,HIP82989,
90970,,,18.556400,30.892106,6.521,-0.102,hip2,HIP90970,
29509,,,6.216546,6.016290,6.521,1.621,hip2,HIP29509,
52537,,,10.742339,-70.855256,6.521,0.227,hip2,HIP52537,
53849,,,11.015927,-15.792592,6.521,1.172,hip2,HIP53849,
99158,,,20.130650,9.399764,6.521,0.463,hip2,HIP99158,
42069,,,8.574720,-51.093148,6.522,-0.156,hip2,HIP42069,
8957,,,1.922137,-60.312386,6.522,0.409,hip2,HIP8957,
97849,,,19.885107,-14.603081,6.522,0.149,hip2,HIP97849,
83013,,,16.963940,42.512550,6.522,1.280,hip2,HIP83013,
15323,,,3.294477,31.127186,6.522,0.574,hip2,HIP15323,
66923,,,13.715178,-50.790198,6.522,1.671,hip2,HIP66923,
28489,,,6.014176,-42.870479,6.522,-0.159,hip2,HIP28489,
40941,,,8.355636,-1.601961,6.522,0.023,hip2,HIP40941,
69340,,,14.192022,1.362323,6.522,0.479,hip2,HIP69340,
71577,,,14.638246,-49.901093,6.522,0.031,hip2,HIP71577,
53589,,,10.963387,-59.732195,6.523,0.840,hip2,HIP53589,
1803,,,0.380987,-12.209585,6.523,0.659,hip2,HIP1803,
32222,,,6.726870,-73.117969,6.523,0.960,hip2,HIP32222,
105017,,,21.271421,44.238196,6.523,0.979,hip2,HIP105017,
52273,,,10.680988,-35.741731,6.523,0.917,hip2,HIP52273,
10832,,,2.323545,-41.848435,6.524,1.162,hip2,HIP10832,
88972,,,18.160459,38.458915,6.524,0.876,hip2,HIP88972,
115945,,,23.490832,-1.791159,6.524,1.125,hip2,HIP115945,
64231,,,13.163948,62.229142,6.524,-0.009,hip2,HIP64231,
91172,,,18.599900,-29.699080,6.524,1.272,hip2,HIP91172,
102440,,,20.757841,18.090058,6.524,1.419,hip2,HIP102440,
69655,,,14.255924,-53.509930,6.524,1.576,hip2,HIP69655,
33864,,,7.029783,-35.547937,6.524,-0.154,hip2,HIP33864,
53492,,,10.942901,25.500263,6.524,1.036,hip2,HIP53492,
115839,,,23.468093,-11.449699,6.524,0.902,hip2,HIP115839,
36325,,,7.477748,27.552880,6.524,1.223,hip2,HIP36325,
10830,,,2.322990,48.955287,6.525,0.427,hip2,HIP10830,
43590,,,8.877417,-36.545337,6.525,0.549,hip2,HIP43590,
102585,,,20.789102,45.579989,6.525,1.606,hip2,HIP102585,
51697,,,10.562168,53.497454,6.525,-0.007,hip2,HIP51697,
15807,,,3.394165,4.882111,6.525,0.851,hip2,HIP15807,
95576,,,19.440682,62.557053,6.525,1.413,hip2,HIP95576,
75818,,,15.488693,-38.634827,6.525,0.351,hip2,HIP75818,
79203,,,16.165365,-18.340452,6.525,0.447,hip2,HIP79203,
93666,,,19.073375,-5.684843,6.525,2.300,hip2,HIP93666,
103154,,,20.899548,-6.889407,6.525,0.361,hip2,HIP103154,
75125,,,15.351916,24.958066,6.525,1.257,hip2,HIP75125,
88929,,,18.152828,30.469193,6.526,1.194,hip2,HIP88929,
111753,,,22.638168,45.182952,6.526,0.771,hip2,HIP111753,
38959,,,7.971259,43.977362,6.526,1.043,hip2,HIP38959,
10309,,,2.213884,79.691480,6.526,0.240,hip2,HIP10309,
34276,,,7.105813,-43.610781,6.526,-0.008,hip2,HIP34276,
41572,,,8.476683,-23.070986,6.526,0.060,hip2,HIP41572,
89246,,,18.211840,41.146946,6.526,1.038,hip2,HIP89246,
118214,,,23.979563,46.413178,6.526,-0.093,hip2,HIP118214,
107690,,,21.815114,-56.274006,6.527,-0.077,hip2,HIP107690,
109445,,,22.172785,14.629919,6.527,1.080,hip2,HIP109445,
103079,,,20.885381,29.649254,6.527,1.085,hip2,HIP103079,
8688,,,1.862803,-15.647484,6.527,1.608,hip2,HIP8688,
30988,,,6.503282,-19.214836,6.527,1.683,hip2,HIP30988,
77397,,,15.800498,31.735722,6.527,1.517,hip2,HIP77397,
111539,,,22.596895,-17.460314,6.527,1.420,hip2,HIP111539,
101623,,,20.596615,-44.337643,6.527,0.958,hip2,HIP101623,
25505,,,5.454277,2.341205,6.527,0.965,hip2,HIP25505,
51290,,,10.476816,45.212263,6.527,1.330,hip2,HIP51290,
29913,,,6.297705,-52.733034,6.527,1.456,hip2,HIP29913,
31603,,,6.614243,-41.557155,6.527,1.147,hip2,HIP31603,
114742,,,23.243450,24.102885,6.527,1.167,hip2,HIP114742,
4844,,,1.038464,51.034971,6.528,0.122,hip2,HIP4844,
41939,,,8.549587,-34.634046,6.528,0.951,hip2,HIP41939,
88754,,,18.118415,49.710393,6.528,-0.020,hip2,HIP88754,
12389,,,2.658805,-64.281769,6.528,-0.073,hip2,HIP12389,
26054,,,5.557613,32.801319,6.528,0.094,hip2,HIP26054,
97819,,,19.877531,-54.976450,6.528,0.100,hip2,HIP97819,
100672,,,20.411598,1.368612,6.528,1.605,hip2,HIP100672,
39329,,,8.040861,-44.666997,6.528,-0.049,hip2,HIP39329,
92319,,,18.815452,24.055885,6.528,-0.071,hip2,HIP92319,
31662,,,6.626922,10.853373,6.529,1.351,hip2,HIP31662,
35946,,,7.410309,-71.470757,6.529,0.120,hip2,HIP35946,
67004,,,13.731741,-5.498900,6.529,0.053,hip2,HIP67004,
4911,,,1.050409,47.376196,6.529,0.248,hip2,HIP4911,
9690,,,2.077742,65.103566,6.529,0.003,hip2,HIP9690,
97877,,,19.889611,4.400393,6.529,0.015,hip2,HIP97877,
113640,,,23.015208,38.707863,6.529,-0.116,hip2,HIP113640,
41464,,,8.457656,-55.011240,6.529,-0.010,hip2,HIP41464,
44574,,,9.081978,32.376987,6.529,0.241,hip2,HIP44574,
115245,,,23.342927,62.213266,6.529,1.605,hip2,HIP115245,
7443,,,1.597389,-39.947007,6.530,0.415,hip2,HIP7443,
10854,,,2.327989,-4.345581,6.530,0.082,hip2,HIP10854,
94934,,,19.317708,33.388894,6.530,-0.191,hip2,HIP94934,
49929,,,10.193941,13.355204,6.530,0.468,hip2,HIP49929,
56050,,,11.487540,-63.553941,6.530,0.320,hip2,HIP56050,
50552,,,10.325658,-5.105976,6.530,0.894,hip2,HIP50552,
108969,,,22.076254,32.941763,6.531,1.121,hip2,HIP108969,
6025,,,1.290040,31.744609,6.531,1.132,hip2,HIP6025,
93234,,,18.990772,-18.566388,6.531,0.962,hip2,HIP93234,
104481,,,21.166182,2.943600,6.531,0.375,hip2,HIP104481,
37705,,,7.735457,2.405443,6.531,0.211,hip2,HIP37705,
29138,,,6.146397,8.669458,6.531,-0.065,hip2,HIP29138,
59031,,,12.103082,-73.556777,6.531,1.838,hip2,HIP59031,
109272,,,22.137857,49.797001,6.531,1.579,hip2,HIP109272,
47664,,,9.718610,54.363785,6.531,0.121,hip2,HIP47664,
37119,,,7.627446,-14.440765,6.532,-0.018,hip2,HIP37119,
59010,,,12.099953,-3.131543,6.532,0.997,hip2,HIP59010,
69958,,,14.315535,54.863774,6.532,0.183,hip2,HIP69958,
58119,,,11.920584,36.756490,6.532,1.581,hip2,HIP58119,
37289,,,7.656721,-16.847255,6.532,1.470,hip2,HIP37289,
44979,,,9.162499,-49.424313,6.533,0.170,hip2,HIP44979,
81499,,,16.646590,-8.618585,6.533,1.806,hip2,HIP81499,
50728,,,10.357971,-23.710877,6.533,0.193,hip2,HIP50728,
84556,,,17.284872,-44.778587,6.533,0.187,hip2,HIP84556,
64682,,,13.257157,-69.679197,6.533,1.210,hip2,HIP64682,
34956,,,7.232775,71.816539,6.533,1.119,hip2,HIP34956,
74625,,,15.247676,68.945723,6.533,0.030,hip2,HIP74625,
55164,,,11.294134,-34.737307,6.533,0.408,hip2,HIP55164,
70966,,,14.515730,-40.845111,6.533,1.441,hip2,HIP70966,
28118,,,5.942897,-23.215383,6.534,1.068,hip2,HIP28118,
50904,,,10.394935,29.615887,6.534,1.090,hip2,HIP50904,
81259,,,16.597049,-71.894168,6.534,0.024,hip2,HIP81259,
54030,,,11.054468,-31.960785,6.534,1.616,hip2,HIP54030,
116187,,,23.541398,23.843675,6.534,1.492,hip2,HIP116187,
56809,,,11.645806,45.108416,6.534,0.538,tyc2,TYC3452-01883-1,3452-01883-1
63849,,,13.085194,-47.116827,6.534,0.414,hip2,HIP63849,
83688,,,17.103619,10.453862,6.534,0.896,hip2,HIP83688,
14757,,,3.176486,-23.738623,6.534,0.912,hip2,HIP14757,
71235,,,14.568071,46.786471,6.534,0.062,hip2,HIP71235,
98086,,,19.933784,-81.349838,6.534,1.402,hip2,HIP98086,
11020,,,2.365399,57.242920,6.534,0.569,hip2,HIP11020,
18657,,,3.994440,38.820389,6.534,0.113,hip2,HIP18657,
15925,,,3.419276,41.257286,6.535,0.047,hip2,HIP15925,
112603,,,22.805915,-61.684356,6.535,1.059,hip2,HIP112603,
35887,,,7.398455,-30.217021,6.535,-0.198,hip2,HIP35887,
46075,,,9.395812,-37.756964,6.535,0.193,hip2,HIP46075,
54388,,,11.127699,23.323738,6.535,0.164,hip2,HIP54388,
29326,,,6.183825,18.130470,6.535,1.350,hip2,HIP29326,
18169,,,3.885657,-6.633739,6.535,-0.088,hip2,HIP18169,
82418,,,16.843357,-50.044939,6.535,0.325,hip2,HIP82418,
108119,,,21.904844,19.718152,6.535,0.938,hip2,HIP108119,
50459,,,10.302925,27.415455,6.535,-0.024,hip2,HIP50459,
82241,,,16.802465,13.590338,6.535,0.877,hip2,HIP82241,
9207,,,1.974077,-33.066738,6.536,1.006,hip2,HIP9207,
48219,,,9.830934,-36.268473,6.536,1.008,hip2,HIP48219,
2663,,,0.562180,-35.000823,6.536,0.617,hip2,HIP2663,
89630,,,18.291266,-18.463447,6.537,0.043,hip2,HIP89630,
97029,,,19.719656,38.671713,6.537,1.220,hip2,HIP97029,
37675,,,7.729977,-40.309328,6.537,-0.131,hip2,HIP37675,
14626,,,3.148384,62.384597,6.537,0.231,hip2,HIP14626,
39834,,,8.138712,-23.617797,6.537,-0.077,hip2,HIP39834,
75243,,,15.374824,-74.399425,6.537,0.075,hip2,HIP75243,
112368,,,22.759622,30.443406,6.537,0.933,hip2,HIP112368,
36553,,,7.519110,11.203013,6.537,1.278,hip2,HIP36553,
102276,,,20.723388,35.587809,6.537,1.251,hip2,HIP102276,
82944,,,16.950296,-71.111557,6.537,0.260,hip2,HIP82944,
110266,,,22.335066,56.918002,6.537,-0.057,hip2,HIP110266,
9685,,,2.076401,-54.881629,6.537,0.386,hip2,HIP9685,
26079,,,5.562305,-54.902315,6.537,0.550,hip2,HIP26079,
54749,,,11.209664,-21.749351,6.537,1.381,hip2,HIP54749,
37811,,,7.752594,20.316049,6.538,0.007,hip2,HIP37811,
79372,,,16.199426,-54.352896,6.538,0.020,hip2,HIP79372,
49329,,,10.069021,3.201283,6.538,0.398,hip2,HIP49329,
75810,,,15.486704,16.395470,6.538,0.955,hip2,HIP75810,
42071,,,8.574924,-27.098199,6.538,1.429,hip2,HIP42071,
27116,,,5.750361,12.888364,6.538,0.234,hip2,HIP27116,
63647,,,13.044571,59.716330,6.538,0.055,hip2,HIP63647,
10562,,,2.266026,47.812058,6.539,1.029,hip2,HIP10562,
24507,,,5.256912,-73.588489,6.539,0.150,hip2,HIP24507,
84883,,,17.347944,-10.696355,6.539,0.326,hip2,HIP84883,
57137,,,11.715148,-79.306363,6.539,0.894,hip2,HIP57137,
85019,,,17.377196,-35.910933,6.539,0.541,hip2,HIP85019,
,,,10.750985,-59.684431,6.539,0.521,tyc2,TYC8626-02809-1,8626-02809-1
103929,,,21.057231,50.351803,6.539,0.986,hip2,HIP103929,
10795,,,2.316099,23.167836,6.539,0.376,hip2,HIP10795,
1830,,,0.386831,-31.035782,6.539,-0.060,hip2,HIP1830,
38306,,,7.848172,0.079543,6.539,1.237,hip2,HIP38306,
28642,,,6.048192,43.378404,6.540,1.205,hip2,HIP28642,
23908,,,5.137016,-15.095359,6.540,0.889,hip2,HIP23908,
35253,,,7.284268,26.689804,6.540,0.883,hip2,HIP35253,
37773,,,7.745522,-66.072049,6.540,0.949,hip2,HIP37773,
16672,,,3.575994,-31.874798,6.540,1.404,hip2,HIP16672,
101900,,,20.650052,56.004949,6.540,0.403,hip2,HIP101900,
79867,,,16.302725,68.554436,6.541,1.343,hip2,HIP79867,
14318,,,3.077959,15.856246,6.541,1.400,hip2,HIP14318,
51852,,,10.594128,-18.569006,6.541,0.199,hip2,HIP51852,
56816,,,11.646978,64.346963,6.541,0.154,hip2,HIP56816,
54745,,,11.209036,35.814448,6.541,0.600,hip2,HIP54745,
94336,,,19.201396,49.855751,6.541,0.616,tyc2,TYC3550-01848-1,3550-01848-1
92036,,,18.759893,21.984678,6.541,0.017,hip2,HIP92036,
78870,,,16.099953,-6.139740,6.541,1.034,hip2,HIP78870,
109977,,,22.274905,27.804040,6.542,0.982,hip2,HIP109977,
21324,,,4.577259,-24.040544,6.542,1.137,hip2,HIP21324,
86537,,,17.684860,24.513121,6.542,1.204,hip2,HIP86537,
106067,,,21.484369,-31.238531,6.542,0.036,hip2,HIP106067,
31523,,,6.600030,4.498048,6.542,-0.053,hip2,HIP31523,
31790,,,6.647058,4.700610,6.542,-0.069,hip2,HIP31790,
71295,,,14.580755,-20.439378,6.542,0.139,hip2,HIP71295,
42353,,,8.634776,9.574635,6.542,-0.010,hip2,HIP42353,
85317,,,17.434680,58.651862,6.542,0.139,hip2,HIP85317,
87434,,,17.866912,46.643856,6.542,1.060,hip2,HIP87434,
55953,,,11.466296,-35.328849,6.542,1.614,hip2,HIP55953,
40342,,,8.236428,17.675919,6.543,0.331,hip2,HIP40342,
102804,,,20.827136,50.127070,6.543,1.624,hip2,HIP102804,
16156,,,3.469861,-35.853418,6.543,0.126,hip2,HIP16156,
52660,,,10.768246,6.373272,6.543,1.121,hip2,HIP52660,
85688,,,17.511169,38.882171,6.543,0.510,hip2,HIP85688,
91677,,,18.695128,-14.564242,6.543,0.757,hip2,HIP91677,
102901,,,20.846432,-32.054450,6.543,1.513,hip2,HIP102901,
44481,,,9.063089,38.742175,6.543,1.356,hip2,HIP44481,
46365,,,9.454070,-9.223702,6.543,0.053,hip2,HIP46365,
85307,,,17.432733,-1.651904,6.543,0.457,hip2,HIP85307,
92156,,,18.783074,46.314960,6.543,0.068,hip2,HIP92156,
41599,,,8.481130,-42.587499,6.543,-0.175,hip2,HIP41599,
79787,,,16.283052,-53.695959,6.543,0.793,hip2,HIP79787,
112300,,,22.746979,52.517192,6.543,1.541,hip2,HIP112300,
68739,,,14.070714,-5.381385,6.543,1.321,hip2,HIP68739,
31266,,,6.557412,-20.923894,6.544,0.817,hip2,HIP31266,
95109,,,19.348417,22.198807,6.544,-0.063,hip2,HIP95109,
103851,,,21.043119,-9.995655,6.544,1.521,hip2,HIP103851,
728,,,0.150044,28.247556,6.544,0.242,hip2,HIP728,
107462,,,21.765682,25.583434,6.544,-0.081,hip2,HIP107462,
45037,,,9.173061,-23.176709,6.544,0.001,hip2,HIP45037,
56830,,,11.650117,-24.720509,6.545,0.821,hip2,HIP56830,
94604,,,19.252197,83.462729,6.545,0.108,hip2,HIP94604,
47623,,,9.710927,-72.190825,6.545,0.010,hip2,HIP47623,
30762,,,6.464160,47.404918,6.545,-0.036,hip2,HIP30762,
68888,,,14.104937,-8.891666,6.545,0.018,hip2,HIP68888,
55019,,,11.264916,-47.920834,6.545,-0.022,hip2,HIP55019,
105662,,,21.402205,-22.747071,6.545,1.026,hip2,HIP105662,
108058,,,21.893341,-10.311616,6.545,-0.120,hip2,HIP108058,
11593,,,2.490257,55.536232,6.545,0.091,hip2,HIP11593,
29348,,,6.187121,60.453527,6.545,1.698,hip2,HIP29348,
34331,,,7.116664,-26.656763,6.545,-0.175,hip2,HIP34331,
90981,,,18.558179,-58.708532,6.545,0.688,hip2,HIP90981,
31850,,,6.658742,24.599943,6.546,0.523,hip2,HIP31850,
62046,,,12.717831,61.155372,6.546,1.268,hip2,HIP62046,
42951,,,8.755768,-2.601030,6.546,0.521,hip2,HIP42951,
17759,,,3.801822,24.988485,6.546,1.701,hip2,HIP17759,
20467,,,4.385488,-35.544840,6.546,1.242,hip2,HIP20467,
63933,,,13.102859,29.029253,6.546,0.090,hip2,HIP63933,
66060,,,13.542922,-29.565282,6.546,0.438,hip2,HIP66060,
88947,,,18.156251,-36.672518,6.546,-0.059,hip2,HIP88947,
96428,,,19.604355,14.391173,6.546,1.045,hip2,HIP96428,
104508,,,21.169443,-43.382692,6.546,-0.079,hip2,HIP104508,
104634,,,21.194810,-14.472378,6.546,0.316,hip2,HIP104634,
34,,,0.006631,26.918238,6.547,0.514,hip2,HIP34,
35609,,,7.348082,-22.850440,6.547,-0.137,hip2,HIP35609,
50739,,,10.359969,-22.528512,6.547,0.068,hip2,HIP50739,
79441,,,16.212618,26.670660,6.547,0.391,hip2,HIP79441,
98953,,,20.090647,-12.665046,6.547,0.050,hip2,HIP98953,
114152,,,23.118053,35.636465,6.547,1.158,hip2,HIP114152,
25810,,,5.512519,39.826003,6.547,0.986,hip2,HIP25810,
89347,,,18.231173,2.393492,6.547,1.545,hip2,HIP89347,
1402,,,0.292414,-19.051086,6.548,0.386,hip2,HIP1402,
7597,,,1.631126,-3.440652,6.548,1.568,hip2,HIP7597,
9983,,,2.142652,44.459544,6.548,0.965,hip2,HIP9983,
100434,,,20.367515,41.132146,6.548,1.016,hip2,HIP100434,
8210,,,1.761814,8.559298,6.548,-0.026,hip2,HIP8210,
32404,,,6.765055,12.693568,6.548,0.344,hip2,HIP32404,
78476,,,16.019644,-63.776529,6.548,0.567,hip2,HIP78476,
6971,,,1.495220,-25.617780,6.548,1.141,hip2,HIP6971,
13176,,,2.824147,37.326419,6.548,0.422,hip2,HIP13176,
23033,,,4.952655,59.120364,6.548,1.663,hip2,HIP23033,
78710,,,16.068389,-59.176172,6.548,1.366,hip2,HIP78710,
33577,,,6.976776,-56.394766,6.549,0.389,hip2,HIP33577,
33754,,,7.010928,-9.202971,6.549,0.142,hip2,HIP33754,
43338,,,8.829150,-21.048303,6.549,0.256,hip2,HIP43338,
52799,,,10.794426,-64.547186,6.549,-0.002,hip2,HIP52799,
116624,,,23.634161,-15.094837,6.549,1.078,hip2,HIP116624,
36489,,,7.507944,-50.609014,6.549,-0.021,hip2,HIP36489,
96159,,,19.552157,5.029394,6.549,1.851,hip2,HIP96159,
,,,7.668610,5.231089,6.549,-0.020,tyc2,TYC0187-01206-1,0187-01206-1
26057,,,5.557978,42.108965,6.549,-0.015,hip2,HIP26057,
48351,,,9.856025,-6.182059,6.549,0.577,hip2,HIP48351,
83365,,,17.038081,31.884065,6.549,1.134,hip2,HIP83365,
84444,,,17.264097,-33.737001,6.549,-0.015,hip2,HIP84444,
88274,,,18.026169,-85.214476,6.549,0.437,hip2,HIP88274,
11427,,,2.456546,10.198818,6.550,0.450,hip2,HIP11427,
42075,,,8.575542,-32.598396,6.550,0.752,hip2,HIP42075,
110504,,,22.385283,55.963236,6.550,2.215,hip2,HIP110504,
45121,,,9.192423,-57.968423,6.550,-0.134,hip2,HIP45121,
24955,,,5.344636,66.746819,6.550,0.921,hip2,HIP24955,
40354,,,8.239168,13.048340,6.550,1.034,hip2,HIP40354,
89683,,,18.302145,23.296936,6.550,1.698,hip2,HIP89683,
100013,,,20.290326,39.593539,6.550,-0.066,hip2,HIP100013,
67589,,,13.849833,68.315442,6.550,1.179,hip2,HIP67589,
72217,,,14.769699,-21.175715,6.550,0.603,hip2,HIP72217,
46891,,,9.555088,28.368018,6.550,0.128,hip2,HIP46891,
56410,,,11.565660,36.815737,6.550,1.057,hip2,HIP56410,
25365,,,5.425300,-0.543938,6.551,-0.038,hip2,HIP25365,
18748,,,4.015781,23.201576,6.551,0.103,hip2,HIP18748,
27512,,,5.826147,-44.875408,6.551,1.262,hip2,HIP27512,
33868,,,7.030420,-11.300934,6.551,0.016,hip2,HIP33868,
98785,,,20.062315,-22.595652,6.551,0.503,hip2,HIP98785,
20039,,,4.297735,80.535761,6.551,0.947,hip2,HIP20039,
87670,,,17.907429,75.171215,6.551,0.972,hip2,HIP87670,
104483,,,21.166285,45.502555,6.551,-0.144,hip2,HIP104483,
110311,,,22.343402,-57.509762,6.551,1.404,hip2,HIP110311,
116941,,,23.704079,44.991757,6.551,1.500,hip2,HIP116941,
48324,,,9.850548,13.066257,6.551,1.624,hip2,HIP48324,
42516,,,8.668456,20.007817,6.551,0.980,hip2,HIP42516,
90163,,,18.399243,38.739177,6.552,1.429,hip2,HIP90163,
94124,,,19.160102,-36.164778,6.552,0.000,hip2,HIP94124,
114005,,,23.088226,1.307179,6.552,0.928,hip2,HIP114005,
112324,,,22.751028,58.147383,6.552,0.430,hip2,HIP112324,
4164,,,0.886776,-24.776973,6.552,0.439,hip2,HIP4164,
32322,,,6.747766,-27.342381,6.552,0.550,hip2,HIP32322,
14264,,,3.065764,47.848495,6.552,0.301,hip2,HIP14264,
25322,,,5.416509,73.707200,6.552,1.738,hip2,HIP25322,
14791,,,3.183557,64.896302,6.553,0.163,hip2,HIP14791,
40211,,,8.212758,-29.910851,6.553,0.057,hip2,HIP40211,
48327,,,9.851031,-23.017305,6.553,3.435,hip2,HIP48327,
86130,,,17.602250,28.185019,6.553,1.367,hip2,HIP86130,
49701,,,10.146016,-10.884787,6.553,0.020,hip2,HIP49701,
55846,,,11.445923,3.013103,6.553,0.785,tyc2,TYC0267-01191-1,0267-01191-1
106590,,,21.587752,-23.454278,6.553,1.098,hip2,HIP106590,
3992,,,0.855086,3.385174,6.553,1.069,hip2,HIP3992,
10069,,,2.159673,-24.345683,6.553,0.289,hip2,HIP10069,
20933,,,4.488841,27.404294,6.553,-0.016,hip2,HIP20933,
71333,,,14.588077,-60.015579,6.553,1.256,hip2,HIP71333,
7444,,,1.597907,41.076419,6.553,1.122,hip2,HIP7444,
24348,,,5.225359,62.691130,6.553,0.204,hip2,HIP24348,
69065,,,14.137298,-63.208036,6.553,1.013,hip2,HIP69065,
103347,,,20.938400,-3.561710,6.554,-0.078,hip2,HIP103347,
71510,,,14.624580,2.277415,6.554,0.560,hip2,HIP71510,
40291,,,8.228070,-33.569552,6.554,1.141,hip2,HIP40291,
44825,,,9.134503,32.540456,6.554,0.375,hip2,HIP44825,
3056,,,0.646874,-25.107766,6.554,1.482,hip2,HIP3056,
96771,,,19.670331,60.507131,6.554,0.212,hip2,HIP96771,
25732,,,5.494887,-0.802417,6.554,0.250,hip2,HIP25732,
30874,,,6.481211,0.127969,6.555,-0.039,hip2,HIP30874,
75790,,,15.482969,-28.866810,6.555,0.608,hip2,HIP75790,
17026,,,3.650017,20.915848,6.555,0.151,hip2,HIP17026,
83114,,,16.984048,69.186347,6.555,0.725,hip2,HIP83114,
96316,,,19.583676,52.502101,6.555,1.122,hip2,HIP96316,
79385,,,16.201819,39.055576,6.555,1.262,hip2,HIP79385,
9862,,,2.114434,-19.138781,6.555,1.143,hip2,HIP9862,
61719,,,12.650613,22.659545,6.555,1.096,hip2,HIP61719,
103681,,,21.009069,-5.477314,6.555,0.056,hip2,HIP103681,
106419,,,21.554895,-52.737739,6.555,1.481,hip2,HIP106419,
51248,,,10.467725,48.787044,6.555,0.610,hip2,HIP51248,
114367,,,23.162426,-67.876160,6.555,0.394,hip2,HIP114367,
45888,,,9.356559,45.370150,6.555,1.305,hip2,HIP45888,
31290,,,6.561847,33.024036,6.556,0.057,hip2,HIP31290,
20661,,,4.427015,15.941080,6.556,0.509,hip2,HIP20661,
64375,,,13.194235,-26.551726,6.556,0.193,hip2,HIP64375,
76603,,,15.644464,-8.791424,6.556,0.505,hip2,HIP76603,
77729,,,15.870247,-29.886344,6.556,0.991,hip2,HIP77729,
10633,,,2.281033,57.055248,6.556,0.281,hip2,HIP10633,
74775,,,15.281966,-46.202292,6.556,0.514,hip2,HIP74775,
1603,,,0.334769,48.865485,6.556,0.051,hip2,HIP1603,
,,,16.900997,-41.791641,6.556,0.099,tyc2,TYC7876-02254-1,7876-02254-1
89010,,,18.166656,-32.719271,6.556,1.025,hip2,HIP89010,
23724,,,5.100258,35.936420,6.556,0.184,hip2,HIP23724,
48375,,,9.861444,-11.340410,6.556,1.610,hip2,HIP48375,
10512,,,2.257865,-9.466515,6.556,-0.005,hip2,HIP10512,
94372,,,19.207783,-21.658328,6.556,1.129,hip2,HIP94372,
71406,,,14.601911,23.250293,6.556,1.063,hip2,HIP71406,
96546,,,19.628006,35.022561,6.556,1.559,hip2,HIP96546,
105425,,,21.354612,-49.937854,6.557,1.327,hip2,HIP105425,
25480,,,5.449768,-2.360647,6.557,-0.163,hip2,HIP25480,
98701,,,20.046891,31.958801,6.557,1.205,hip2,HIP98701,
114096,,,23.108808,19.910841,6.557,0.544,hip2,HIP114096,
76456,,,15.614825,29.991322,6.557,0.433,hip2,HIP76456,
114550,,,23.203453,-80.912672,6.557,1.498,hip2,HIP114550,
61257,,,12.553394,-52.082813,6.557,-0.024,hip2,HIP61257,
91369,,,18.634578,-14.004762,6.557,0.189,hip2,HIP91369,
13008,,,2.786428,-22.485654,6.557,0.398,hip2,HIP13008,
33774,,,7.013816,-33.465720,6.557,1.052,hip2,HIP33774,
26836,,,5.698543,23.326273,6.557,-0.051,hip2,HIP26836,
87529,,,17.882158,-35.018879,6.558,0.000,hip2,HIP87529,
95520,,,19.429658,58.027310,6.558,-0.139,hip2,HIP95520,
16226,,,3.484390,3.248686,6.558,0.790,hip2,HIP16226,
40639,,,8.296153,-36.067595,6.558,1.446,hip2,HIP40639,
113189,,,22.920798,-36.388581,6.558,1.313,hip2,HIP113189,
116146,,,23.532656,-1.085924,6.558,1.177,hip2,HIP116146,
96856,,,19.687402,22.452781,6.558,1.481,hip2,HIP96856,
72135,,,14.755235,-51.314891,6.558,1.591,hip2,HIP72135,
3576,,,0.761583,-16.424205,6.558,0.314,hip2,HIP3576,
29788,,,6.271899,-59.212734,6.558,0.593,hip2,HIP29788,
116948,,,23.705815,64.515403,6.558,1.878,hip2,HIP116948,
2237,,,0.472547,-20.334777,6.558,0.594,hip2,HIP2237,
40655,,,8.298831,-59.166763,6.558,0.397,hip2,HIP40655,
98661,,,20.039474,22.151486,6.558,0.127,hip2,HIP98661,
56170,,,11.514762,47.929101,6.558,0.879,hip2,HIP56170,
91552,,,18.670052,38.367179,6.558,0.220,hip2,HIP91552,
71857,,,14.698400,21.123689,6.559,0.928,hip2,HIP71857,
86463,,,17.666028,-0.639213,6.559,0.122,hip2,HIP86463,
88815,,,18.130104,-64.550037,6.559,1.266,hip2,HIP88815,
96111,,,19.541250,-30.869388,6.559,1.551,hip2,HIP96111,
50391,,,10.288945,-46.834943,6.559,0.329,hip2,HIP50391,
110807,,,22.449767,56.433550,6.559,-0.092,hip2,HIP110807,
29545,,,6.225902,18.680386,6.559,-0.085,hip2,HIP29545,
17098,,,3.662544,56.383041,6.559,0.078,hip2,HIP17098,
40433,,,8.256464,-50.449205,6.559,1.520,hip2,HIP40433,
36977,,,7.600450,-55.887733,6.559,1.182,hip2,HIP36977,
17832,,,3.815809,23.857272,6.559,0.377,hip2,HIP17832,
30426,,,6.396571,-19.785412,6.560,-0.126,hip2,HIP30426,
32500,,,6.782922,-87.024974,6.560,0.429,hip2,HIP32500,
36986,,,7.602061,-22.160477,6.560,0.968,hip2,HIP36986,
9655,,,2.070121,-11.859762,6.560,1.498,hip2,HIP9655,
20558,,,4.404020,12.158041,6.560,1.408,hip2,HIP20558,
23957,,,5.148933,3.218788,6.560,0.141,hip2,HIP23957,
58512,,,11.999279,34.034670,6.560,0.243,hip2,HIP58512,
98017,,,19.918472,30.194896,6.561,-0.081,hip2,HIP98017,
79788,,,16.283112,-20.104070,6.561,1.270,hip2,HIP79788,
106064,,,21.483312,17.905908,6.561,1.393,hip2,HIP106064,
116428,,,23.592242,-7.464471,6.561,0.874,hip2,HIP116428,
80840,,,16.508338,-7.514458,6.561,0.371,hip2,HIP80840,
106065,,,21.483355,-53.705850,6.561,1.140,hip2,HIP106065,
33081,,,6.889471,-24.684352,6.561,0.091,hip2,HIP33081,
50516,,,10.316873,24.712121,6.561,1.388,hip2,HIP50516,
91132,,,18.589253,-20.840439,6.561,0.280,hip2,HIP91132,
108952,,,22.073287,-29.916538,6.561,1.603,hip2,HIP108952,
43128,,,8.784826,-45.074766,6.561,-0.120,hip2,HIP43128,
102040,,,20.679185,19.934778,6.562,0.611,hip2,HIP102040,
24832,,,5.323257,33.985431,6.562,0.256,hip2,HIP24832,
46058,,,9.392182,25.182838,6.562,0.856,hip2,HIP46058,
43486,,,8.857732,-42.504557,6.562,0.043,hip2,HIP43486,
65621,,,13.454076,-40.162691,6.562,0.974,hip2,HIP65621,
5485,,,1.169989,-8.906040,6.562,1.029,hip2,HIP5485,
29525,,,6.220127,10.627866,6.562,0.663,hip2,HIP29525,
59489,,,12.200270,28.536463,6.562,0.428,hip2,HIP59489,
92296,,,18.810969,-6.004389,6.562,0.242,hip2,HIP92296,
37723,,,7.737241,12.860116,6.563,1.392,hip2,HIP37723,
89943,,,18.351985,49.725409,6.563,1.086,hip2,HIP89943,
23268,,,5.006449,39.654660,6.563,1.677,hip2,HIP23268,
55597,,,11.389268,-64.954643,6.563,0.054,tyc2,TYC8967-01170-2,8967-01170-2
93238,,,18.991465,-70.468368,6.563,0.305,hip2,HIP93238,
116060,,,23.516985,-6.288009,6.563,1.259,hip2,HIP116060,
2734,,,0.582058,13.371269,6.563,1.136,hip2,HIP2734,
2213,,,0.466244,19.514081,6.563,0.990,hip2,HIP2213,
10379,,,2.228225,58.560587,6.563,0.554,hip2,HIP10379,
9951,,,2.134916,-41.880392,6.564,0.205,hip2,HIP9951,
58112,,,11.918261,46.476839,6.564,0.117,hip2,HIP58112,
128,,,0.027584,73.611877,6.564,0.182,hip2,HIP128,
35725,,,7.370391,38.996034,6.564,1.217,hip2,HIP35725,
24114,,,5.179054,-25.910527,6.564,1.246,hip2,HIP24114,
23695,,,5.092252,19.806753,6.564,0.219,hip2,HIP23695,
57939,,,11.882171,37.732809,6.564,0.754,hip2,HIP57939,
2937,,,0.621716,-54.393810,6.564,0.995,hip2,HIP2937,
31359,,,6.575777,55.353029,6.564,1.554,hip2,HIP31359,
48895,,,9.973921,27.759068,6.564,0.362,hip2,HIP48895,
90865,,,18.536495,52.115532,6.564,-0.061,hip2,HIP90865,
3649,,,0.778463,59.574541,6.564,1.081,hip2,HIP3649,
80719,,,16.480274,-8.128673,6.564,0.410,hip2,HIP80719,
87105,,,17.797794,34.277882,6.565,-0.144,hip2,HIP87105,
116962,,,23.708724,61.679396,6.565,1.250,hip2,HIP116962,
7363,,,1.580987,-23.699713,6.565,1.306,hip2,HIP7363,
76165,,,15.556748,-40.490699,6.565,1.016,hip2,HIP76165,
110316,,,22.344311,50.980815,6.565,1.195,hip2,HIP110316,
45170,,,9.204875,14.996037,6.565,0.712,tyc2,TYC0825-01543-1,0825-01543-1
108632,,,22.007420,33.005788,6.565,0.463,hip2,HIP108632,
15655,,,3.359285,-47.776629,6.565,0.989,hip2,HIP15655,
36304,,,7.473051,-37.810055,6.565,0.061,hip2,HIP36304,
105228,,,21.315089,-28.765659,6.565,0.966,hip2,HIP105228,
39949,,,8.158487,-59.541598,6.566,-0.110,hip2,HIP39949,
50013,,,10.210583,-19.152808,6.566,0.494,hip2,HIP50013,
60880,,,12.477268,26.226973,6.566,0.215,hip2,HIP60880,
75736,,,15.472412,-88.132814,6.566,0.303,hip2,HIP75736,
106320,,,21.534128,-84.809997,6.566,1.405,hip2,HIP106320,
57001,,,11.685723,-29.196822,6.566,0.651,hip2,HIP57001,
66522,,,13.635518,14.301962,6.566,0.274,hip2,HIP66522,
115120,,,23.317324,45.136771,6.566,0.174,hip2,HIP115120,
117551,,,23.839478,51.621707,6.566,0.403,hip2,HIP117551,
16712,,,3.583621,60.041377,6.566,0.433,hip2,HIP16712,
81691,,,16.687984,1.245484,6.566,1.019,hip2,HIP81691,
77350,,,15.790455,-40.194106,6.566,0.880,hip2,HIP77350,
67620,,,13.855750,-24.389772,6.566,0.703,hip2,HIP67620,
54380,,,11.126151,-48.640038,6.567,1.486,hip2,HIP54380,
83090,,,16.978212,-14.869610,6.567,0.391,hip2,HIP83090,
17881,,,3.825009,80.322436,6.567,1.228,hip2,HIP17881,
70320,,,14.387600,-47.416951,6.567,1.257,hip2,HIP70320,
79208,,,16.166443,-62.967007,6.567,0.231,hip2,HIP79208,
80682,,,16.472547,67.044012,6.567,1.517,hip2,HIP80682,
36740,,,7.556897,37.187883,6.567,1.231,hip2,HIP36740,
34860,,,7.213633,27.225061,6.567,0.501,hip2,HIP34860,
58057,,,11.907238,-37.749074,6.567,0.528,hip2,HIP58057,
106527,,,21.576102,22.754651,6.567,0.513,hip2,HIP106527,
99200,,,20.139022,-66.354676,6.567,1.587,hip2,HIP99200,
25973,,,5.542689,57.221617,6.568,0.587,hip2,HIP25973,
68413,,,14.004853,-61.480943,6.568,0.333,hip2,HIP68413,
33447,,,6.954102,-22.202874,6.568,-0.187,hip2,HIP33447,
34608,,,7.168552,21.248135,6.568,0.880,hip2,HIP34608,
44984,,,9.162903,11.564528,6.568,0.355,hip2,HIP44984,
12784,,,2.738636,17.764015,6.568,1.143,hip2,HIP12784,
92456,,,18.841993,-13.572243,6.568,1.662,hip2,HIP92456,
14649,,,3.155583,20.761151,6.569,1.241,hip2,HIP14649,
107749,,,21.827805,41.148801,6.569,0.381,hip2,HIP107749,
3903,,,0.834377,-43.394944,6.569,0.286,hip2,HIP3903,
37934,,,7.774295,62.830671,6.569,0.262,hip2,HIP37934,
94913,,,19.314148,0.339001,6.569,1.050,hip2,HIP94913,
3611,,,0.770845,55.305391,6.569,0.181,hip2,HIP3611,
2954,,,0.625122,3.135497,6.569,1.339,hip2,HIP2954,
19601,,,4.200072,-17.274601,6.569,0.968,hip2,HIP19601,
85235,,,17.416917,67.306696,6.569,0.759,hip2,HIP85235,
41011,,,8.369306,74.820254,6.569,1.021,hip2,HIP41011,
34250,,,7.100336,59.801857,6.569,1.190,hip2,HIP34250,
16425,,,3.525077,40.760036,6.569,0.243,hip2,HIP16425,
22003,,,4.730076,32.865569,6.569,0.311,hip2,HIP22003,
47231,,,9.627090,60.213760,6.569,0.921,hip2,HIP47231,
42123,,,8.586800,-39.970555,6.570,0.578,hip2,HIP42123,
101570,,,20.585095,-71.188809,6.570,1.305,hip2,HIP101570,
13257,,,2.843138,36.948642,6.570,0.617,hip2,HIP13257,
35669,,,7.359620,-5.897194,6.570,-0.104,hip2,HIP35669,
86751,,,17.726442,-32.662762,6.570,1.571,hip2,HIP86751,
117445,,,23.813711,2.214499,6.570,0.461,hip2,HIP117445,
101268,,,20.526741,34.330501,6.570,0.422,hip2,HIP101268,
17950,,,3.837807,-1.522635,6.570,0.435,hip2,HIP17950,
38403,,,7.867748,45.933098,6.570,0.213,hip2,HIP38403,
1352,,,0.281659,49.461929,6.571,1.775,hip2,HIP1352,
101011,,,20.478774,-15.741496,6.571,0.999,hip2,HIP101011,
10396,,,2.231543,-9.064680,6.571,1.415,hip2,HIP10396,
113445,,,22.976346,9.357218,6.571,0.640,hip2,HIP113445,
12964,,,2.779182,-21.639563,6.571,0.387,hip2,HIP12964,
108259,,,21.932112,-30.605872,6.571,0.927,hip2,HIP108259,
44056,,,8.971752,18.308326,6.571,0.021,hip2,HIP44056,
66475,,,13.628594,50.714829,6.571,1.555,hip2,HIP66475,
40366,,,8.241572,-40.825881,6.572,-0.148,hip2,HIP40366,
5477,,,1.168716,-57.694140,6.572,0.888,hip2,HIP5477,
,,,14.415162,-46.528741,6.572,1.719,tyc2,TYC8277-03279-1,8277-03279-1
111072,,,22.501813,49.356485,6.572,1.166,hip2,HIP111072,
28609,,,6.038086,1.694064,6.572,-0.042,hip2,HIP28609,
30706,,,6.452107,-37.895616,6.572,0.394,hip2,HIP30706,
48054,,,9.795545,-49.943283,6.572,0.127,hip2,HIP48054,
111247,,,22.538524,54.036997,6.572,1.043,hip2,HIP111247,
90223,,,18.409197,-49.652514,6.572,0.593,hip2,HIP90223,
93892,,,19.119176,0.641005,6.572,0.043,hip2,HIP93892,
115522,,,23.401117,-21.774223,6.572,0.433,hip2,HIP115522,
5240,,,1.116687,56.935236,6.572,1.188,hip2,HIP5240,
61208,,,12.542470,-21.212005,6.572,1.110,hip2,HIP61208,
114237,,,23.136776,44.561842,6.573,0.168,hip2,HIP114237,
22152,,,4.766774,76.611373,6.573,0.512,hip2,HIP22152,
19718,,,4.225346,8.890355,6.574,0.155,hip2,HIP19718,
101383,,,20.547868,43.191575,6.574,-0.112,hip2,HIP101383,
9165,,,1.966497,-2.059501,6.574,0.174,hip2,HIP9165,
52032,,,10.631188,34.078610,6.574,1.364,hip2,HIP52032,
45874,,,9.354269,15.371366,6.574,-0.003,hip2,HIP45874,
16725,,,3.586748,73.346988,6.574,0.024,hip2,HIP16725,
9094,,,1.952729,-10.241837,6.574,0.817,hip2,HIP9094,
97569,,,19.831505,-66.813093,6.574,1.482,hip2,HIP97569,
83499,,,17.065770,-37.844155,6.574,0.263,hip2,HIP83499,
76591,,,15.642404,-39.160642,6.574,-0.069,hip2,HIP76591,
695,,,0.142463,63.204049,6.575,0.998,hip2,HIP695,
76198,,,15.564649,17.137478,6.575,0.341,hip2,HIP76198,
29739,,,6.263060,4.283646,6.575,-0.164,hip2,HIP29739,
42348,,,8.633792,-11.743730,6.575,-0.044,hip2,HIP42348,
97484,,,19.813937,-12.319369,6.575,1.676,hip2,HIP97484,
103458,,,20.961130,-44.129373,6.575,0.537,tyc2,TYC7976-01340-1,7976-01340-1
62904,,,12.892278,19.481491,6.575,0.805,hip2,HIP62904,
77235,,,15.770248,-28.061427,6.575,0.332,hip2,HIP77235,
78120,,,15.951445,-16.034327,6.575,1.769,hip2,HIP78120,
8664,,,1.860499,-6.874120,6.575,1.233,hip2,HIP8664,
89465,,,18.257968,86.657684,6.575,1.604,hip2,HIP89465,
18691,,,4.004313,-51.564982,6.576,1.651,hip2,HIP18691,
113621,,,23.011779,31.082964,6.576,-0.040,hip2,HIP113621,
40878,,,8.341433,53.574353,6.576,0.300,hip2,HIP40878,
67103,,,13.753640,55.880222,6.576,0.486,hip2,HIP67103,
75294,,,15.383829,-15.134076,6.576,1.603,hip2,HIP75294,
68913,,,14.108222,16.970199,6.576,1.606,hip2,HIP68913,
105733,,,21.415404,49.323158,6.577,0.003,hip2,HIP105733,
35080,,,7.255392,-0.161293,6.577,0.901,hip2,HIP35080,
49343,,,10.073164,-39.975859,6.577,1.311,hip2,HIP49343,
64530,,,13.226650,36.887581,6.577,1.616,hip2,HIP64530,
47039,,,9.586632,-35.823745,6.577,0.417,hip2,HIP47039,
45813,,,9.341513,52.450961,6.578,0.085,hip2,HIP45813,
53798,,,11.007106,51.502140,6.578,1.007,hip2,HIP53798,
19298,,,4.136973,43.191185,6.578,-0.011,hip2,HIP19298,
101473,,,20.564918,10.059718,6.578,0.103,hip2,HIP101473,
20281,,,4.346956,9.224789,6.578,0.148,hip2,HIP20281,
66521,,,13.635452,-58.414581,6.578,1.113,hip2,HIP66521,
71251,,,14.571028,57.065824,6.578,0.526,hip2,HIP71251,
37660,,,7.727531,-25.503839,6.578,0.065,hip2,HIP37660,
48589,,,9.909413,-58.421274,6.578,-0.173,hip2,HIP48589,
116781,,,23.667451,37.652838,6.578,0.355,hip2,HIP116781,
99102,,,20.119846,50.229617,6.579,0.130,hip2,HIP99102,
107710,,,21.818923,66.792193,6.579,0.391,hip2,HIP107710,
104441,,,21.156198,-36.705615,6.579,0.520,hip2,HIP104441,
11644,,,2.503798,-25.186518,6.579,0.294,hip2,HIP11644,
71727,,,14.672025,-45.793785,6.579,-0.112,hip2,HIP71727,
29468,,,6.208944,-61.474077,6.579,-0.066,hip2,HIP29468,
29508,,,6.216500,10.287431,6.579,-0.071,hip2,HIP29508,
52929,,,10.824672,63.810000,6.579,1.287,hip2,HIP52929,
39625,,,8.097123,-0.573323,6.579,1.058,hip2,HIP39625,
,,,8.950968,-59.226596,6.579,-0.076,tyc2,TYC8594-03178-1,8594-03178-1
103343,,,20.936884,51.075013,6.579,-0.097,hip2,HIP103343,
50606,,,10.337467,53.779270,6.579,0.580,hip2,HIP50606,
89878,,,18.340369,28.983539,6.579,-0.096,hip2,HIP89878,
104041,,,21.078231,2.942260,6.579,1.051,hip2,HIP104041,
17214,,,3.687153,-11.802490,6.579,0.377,hip2,HIP17214,
27592,,,5.842748,56.918948,6.579,0.129,hip2,HIP27592,
81483,,,16.642372,48.862343,6.580,1.540,hip2,HIP81483,
113311,,,22.947621,11.848345,6.580,0.170,hip2,HIP113311,
62084,,,12.724556,-58.902741,6.580,1.092,hip2,HIP62084,
109408,,,22.166061,-48.107508,6.580,1.380,hip2,HIP109408,
40007,,,8.170310,25.844556,6.580,1.420,hip2,HIP40007,
72617,,,14.847439,-53.368241,6.580,0.052,hip2,HIP72617,
66251,,,13.578560,76.546708,6.580,1.573,hip2,HIP66251,
87114,,,17.799081,36.555163,6.580,1.655,hip2,HIP87114,
91286,,,18.620174,11.421525,6.580,-0.011,hip2,HIP91286,
106103,,,21.492915,6.581387,6.580,1.179,hip2,HIP106103,
36351,,,7.481295,46.314777,6.580,1.202,hip2,HIP36351,
75678,,,15.461320,62.275744,6.580,0.134,hip2,HIP75678,
60353,,,12.375593,5.305574,6.580,0.567,hip2,HIP60353,
58706,,,12.041274,-71.489008,6.581,1.163,hip2,HIP58706,
72508,,,14.825658,51.374498,6.581,0.401,hip2,HIP72508,
68224,,,13.966349,-25.998090,6.581,1.274,hip2,HIP68224,
43246,,,8.810412,-1.044833,6.581,1.142,hip2,HIP43246,
32918,,,6.859045,-48.292729,6.581,1.207,hip2,HIP32918,
39371,,,8.048811,-48.325014,6.582,-0.152,hip2,HIP39371,
69012,,,14.128211,-49.867866,6.582,0.660,hip2,HIP69012,
21966,,,4.721600,59.521235,6.582,0.239,hip2,HIP21966,
6751,,,1.448208,3.535686,6.582,-0.060,hip2,HIP6751,
32418,,,6.767563,-39.540275,6.582,-0.125,hip2,HIP32418,
23585,,,5.071159,45.779504,6.582,0.223,hip2,HIP23585,
45999,,,9.380798,-9.838763,6.582,0.246,hip2,HIP45999,
41426,,,8.449398,-52.704840,6.582,0.419,hip2,HIP41426,
112362,,,22.758988,-25.236941,6.583,0.181,hip2,HIP112362,
40160,,,8.201684,-43.400450,6.583,1.704,hip2,HIP40160,
24560,,,5.269600,-11.352564,6.583,0.670,hip2,HIP24560,
105562,,,21.380173,40.932611,6.583,1.191,hip2,HIP105562,
89264,,,18.215624,-50.558641,6.583,0.351,hip2,HIP89264,
28951,,,6.110889,63.453817,6.583,1.011,hip2,HIP28951,
30627,,,6.436001,-3.515850,6.583,1.039,hip2,HIP30627,
1269,,,0.265242,61.000197,6.584,0.838,hip2,HIP1269,
34489,,,7.147057,-24.043800,6.584,-0.189,hip2,HIP34489,
81198,,,16.585492,-45.244216,6.584,1.346,hip2,HIP81198,
88627,,,18.095361,12.003857,6.584,0.276,hip2,HIP88627,
74044,,,15.132264,-61.128659,6.584,0.432,hip2,HIP74044,
29881,,,6.292587,14.058684,6.584,-0.036,hip2,HIP29881,
83925,,,17.152875,-68.846677,6.584,-0.050,hip2,HIP83925,
88876,,,18.144052,-21.449557,6.584,0.755,hip2,HIP88876,
85786,,,17.529823,-33.703082,6.584,1.191,hip2,HIP85786,
40177,,,8.206164,14.004131,6.584,0.155,hip2,HIP40177,
79887,,,16.306538,-73.043362,6.584,0.012,hip2,HIP79887,
13036,,,2.791987,44.272215,6.584,0.637,hip2,HIP13036,
46546,,,9.492551,-62.360949,6.584,0.109,hip2,HIP46546,
102496,,,20.771827,-36.120025,6.584,0.433,hip2,HIP102496,
70038,,,14.331459,-6.746110,6.585,0.915,hip2,HIP70038,
41060,,,8.378905,60.631241,6.585,0.969,hip2,HIP41060,
70452,,,14.411360,-11.669648,6.585,0.417,hip2,HIP70452,
43100,,,8.777777,28.765166,6.585,0.051,hip2,HIP43100,
73850,,,15.092750,-30.551068,6.585,0.489,hip2,HIP73850,
95453,,,19.417087,-4.884555,6.585,0.340,hip2,HIP95453,
8143,,,1.745464,-6.766175,6.585,0.864,hip2,HIP8143,
113603,,,23.009553,45.374818,6.585,0.299,hip2,HIP113603,
74336,,,15.193004,-45.277495,6.585,1.039,hip2,HIP74336,
6823,,,1.463023,40.335825,6.585,-0.030,hip2,HIP6823,
30480,,,6.407381,-63.428647,6.585,0.660,hip2,HIP30480,
108588,,,21.997110,23.940932,6.585,0.400,hip2,HIP108588,
34107,,,7.072271,1.488503,6.585,0.010,hip2,HIP34107,
47115,,,9.601453,-64.950347,6.586,0.092,hip2,HIP47115,
91820,,,18.721270,39.300082,6.586,1.590,hip2,HIP91820,
51444,,,10.506227,-57.077388,6.586,-0.099,hip2,HIP51444,
17735,,,3.797962,33.599883,6.587,0.035,hip2,HIP17735,
115098,,,23.312786,-47.435375,6.587,-0.042,hip2,HIP115098,
1639,,,0.341923,48.968641,6.587,0.564,hip2,HIP1639,
30575,,,6.426323,-2.991446,6.587,0.110,hip2,HIP30575,
67104,,,13.753741,10.325414,6.587,1.226,hip2,HIP67104,
105637,,,21.396776,37.351498,6.587,1.472,hip2,HIP105637,
111041,,,22.495569,35.725725,6.587,0.057,hip2,HIP111041,
32040,,,6.693825,35.931991,6.587,0.509,hip2,HIP32040,
25911,,,5.530000,85.938715,6.587,0.360,hip2,HIP25911,
38196,,,7.825644,12.814295,6.587,0.984,hip2,HIP38196,
42302,,,8.624904,-33.745582,6.588,0.320,hip2,HIP42302,
57092,,,11.704117,-75.227303,6.588,0.528,hip2,HIP57092,
113852,,,23.055925,58.563876,6.588,0.898,hip2,HIP113852,
2889,,,0.610443,-65.124425,6.588,1.260,hip2,HIP2889,
33875,,,7.032017,5.557165,6.588,-0.028,hip2,HIP33875,
68937,,,14.111569,-14.204845,6.588,1.573,hip2,HIP68937,
106346,,,21.538076,48.443873,6.588,-0.001,hip2,HIP106346,
83202,,,17.003961,-44.988468,6.588,0.403,hip2,HIP83202,
98038,,,19.922081,-6.734638,6.588,0.391,hip2,HIP98038,
113750,,,23.036477,44.572902,6.588,0.959,hip2,HIP113750,
81800,,,16.707692,49.936703,6.588,0.541,hip2,HIP81800,
36779,,,7.564313,51.314201,6.588,1.348,hip2,HIP36779,
50509,,,10.316325,46.760855,6.588,1.190,hip2,HIP50509,
101489,,,20.566645,4.898686,6.588,1.016,hip2,HIP101489,
45764,,,9.332162,74.016757,6.589,1.050,hip2,HIP45764,
6717,,,1.440922,-0.398986,6.589,1.241,hip2,HIP6717,
16531,,,3.547629,-61.016988,6.589,1.037,hip2,HIP16531,
99985,,,20.283459,8.963201,6.589,0.310,hip2,HIP99985,
76407,,,15.604937,-65.613142,6.589,0.334,hip2,HIP76407,
107297,,,21.732811,22.815394,6.589,1.295,hip2,HIP107297,
42549,,,8.672808,19.669970,6.589,1.020,hip2,HIP42549,
50693,,,10.352216,-17.984888,6.589,0.402,hip2,HIP50693,
11121,,,2.385167,-37.576063,6.589,1.592,hip2,HIP11121,
40675,,,8.304009,15.677932,6.589,1.018,hip2,HIP40675,
97144,,,19.744799,8.726580,6.590,0.940,hip2,HIP97144,
25714,,,5.490459,77.977546,6.590,0.181,hip2,HIP25714,
28180,,,5.953990,-53.425693,6.590,1.480,hip2,HIP28180,
79337,,,16.191596,9.712053,6.590,0.268,hip2,HIP79337,
82147,,,16.782091,-68.102045,6.590,0.182,hip2,HIP82147,
91533,,,18.667204,30.849388,6.590,0.900,hip2,HIP91533,
12189,,,2.616788,24.647257,6.590,0.510,hip2,HIP12189,
113994,,,23.085110,16.563349,6.590,0.886,hip2,HIP113994,
5186,,,1.106302,62.761467,6.590,0.214,hip2,HIP5186,
112305,,,22.748047,39.201075,6.590,1.498,hip2,HIP112305,
22534,,,4.849049,-53.459900,6.590,0.483,hip2,HIP22534,
15979,,,3.429959,53.921623,6.591,0.298,hip2,HIP15979,
93012,,,18.948528,-62.801918,6.591,1.535,hip2,HIP93012,
65796,,,13.487484,-1.364284,6.591,1.122,hip2,HIP65796,
41389,,,8.444394,24.534364,6.591,0.349,hip2,HIP41389,
98630,,,20.032095,31.117559,6.591,-0.076,hip2,HIP98630,
87043,,,17.785385,-59.994246,6.591,0.321,hip2,HIP87043,
114904,,,23.274181,61.962951,6.591,0.164,hip2,HIP114904,
54315,,,11.111535,-13.002653,6.591,0.311,hip2,HIP54315,
36608,,,7.528530,-35.887824,6.591,-0.076,hip2,HIP36608,
38686,,,7.920519,-30.917711,6.591,1.474,hip2,HIP38686,
10893,,,2.336910,64.336936,6.591,-0.023,hip2,HIP10893,
53260,,,10.892617,-56.420514,6.592,1.392,hip2,HIP53260,
13629,,,2.925433,2.018300,6.592,-0.038,hip2,HIP13629,
54703,,,11.199405,-26.806152,6.592,0.924,hip2,HIP54703,
10096,,,2.163453,-40.866446,6.592,0.430,hip2,HIP10096,
43673,,,8.897434,-40.447551,6.592,0.960,hip2,HIP43673,
90476,,,18.461692,59.549018,6.592,0.979,hip2,HIP90476,
29635,,,6.244984,-73.626565,6.593,-0.038,hip2,HIP29635,
46566,,,9.496630,55.745335,6.593,0.394,hip2,HIP46566,
92928,,,18.933330,-80.727864,6.593,0.041,hip2,HIP92928,
37375,,,7.672505,-11.752518,6.593,1.245,hip2,HIP37375,
6789,,,1.456475,-22.338027,6.593,1.122,hip2,HIP6789,
7362,,,1.580920,-3.523809,6.593,1.341,hip2,HIP7362,
7557,,,1.622829,74.300962,6.593,0.008,hip2,HIP7557,
8626,,,1.854702,64.854960,6.593,2.215,hip2,HIP8626,
86677,,,17.709771,-4.849737,6.593,1.865,hip2,HIP86677,
36624,,,7.532129,38.896124,6.593,0.077,hip2,HIP36624,
66722,,,13.677132,-44.330185,6.594,0.053,hip2,HIP66722,
79164,,,16.157224,55.828919,6.594,1.076,hip2,HIP79164,
94975,,,19.327056,-51.572504,6.594,0.068,hip2,HIP94975,
29185,,,6.156510,-49.563014,6.594,0.501,hip2,HIP29185,
98897,,,20.082939,23.210367,6.594,0.168,hip2,HIP98897,
19434,,,4.161955,3.322845,6.594,0.443,hip2,HIP19434,
62653,,,12.838119,22.863569,6.594,1.002,hip2,HIP62653,
101339,,,20.538999,2.132804,6.594,1.514,hip2,HIP101339,
35751,,,7.374527,0.700952,6.594,0.995,hip2,HIP35751,
85268,,,17.423373,52.790807,6.594,0.619,hip2,HIP85268,
115907,,,23.483554,-44.498036,6.594,1.177,hip2,HIP115907,
72823,,,14.885177,-38.256943,6.595,0.023,hip2,HIP72823,
118027,,,23.940988,83.191101,6.595,0.064,hip2,HIP118027,
54038,,,11.057602,70.030821,6.595,1.280,hip2,HIP54038,
46081,,,9.397159,-35.247506,6.595,0.052,hip2,HIP46081,
50316,,,10.274479,28.682703,6.595,0.635,hip2,HIP50316,
101934,,,20.656424,45.666913,6.595,-0.073,hip2,HIP101934,
1670,,,0.348503,10.976968,6.595,0.056,hip2,HIP1670,
43623,,,8.884818,-16.952348,6.595,1.082,hip2,HIP43623,
96095,,,19.537253,-44.546467,6.596,0.526,hip2,HIP96095,
55795,,,11.431671,-13.751314,6.596,1.720,hip2,HIP55795,
102125,,,20.695484,-75.350411,6.596,0.620,hip2,HIP102125,
117173,,,23.756046,10.179854,6.596,0.168,hip2,HIP117173,
93974,,,19.133881,24.726030,6.596,-0.024,hip2,HIP93974,
24332,,,5.221542,37.337637,6.596,0.542,hip2,HIP24332,
107488,,,21.771276,43.060749,6.596,0.278,hip2,HIP107488,
114131,,,23.114650,-43.520358,6.596,0.462,tyc2,TYC8012-01248-2,8012-01248-2
24003,,Mago,5.160172,69.639556,6.596,1.101,hip2,HIP24003,
41475,,,8.459241,-20.843921,6.596,0.043,hip2,HIP41475,
93733,,,19.086068,49.923153,6.596,1.348,hip2,HIP93733,
108933,,,22.068533,44.345125,6.596,0.078,hip2,HIP108933,
7222,,,1.550975,-9.014679,6.596,-0.040,hip2,HIP7222,
101768,,,20.625759,31.521988,6.596,0.371,hip2,HIP101768,
16917,,,3.628931,56.739386,6.596,0.245,hip2,HIP16917,
107929,,,21.866790,55.791935,6.596,0.007,hip2,HIP107929,
25301,,,5.412445,36.199967,6.597,1.645,hip2,HIP25301,
37617,,,7.718604,-49.992960,6.597,0.077,hip2,HIP37617,
10356,,,2.224924,5.012834,6.597,0.356,hip2,HIP10356,
99270,,,20.151059,-47.067773,6.597,1.463,hip2,HIP99270,
67537,,,13.838720,-39.900834,6.597,0.992,hip2,HIP67537,
13241,,,2.840559,31.972999,6.597,0.032,hip2,HIP13241,
32923,,,6.859278,-6.966524,6.597,0.030,hip2,HIP32923,
40144,,,8.198155,-35.773029,6.597,1.530,hip2,HIP40144,
99624,,,20.217896,-0.330799,6.597,1.532,hip2,HIP99624,
40656,,,8.299517,-30.003706,6.597,1.040,hip2,HIP40656,
47911,,,9.765385,63.653417,6.597,0.367,hip2,HIP47911,
98012,,,19.918087,-33.046249,6.597,1.487,hip2,HIP98012,
24960,,,5.345484,2.544730,6.598,1.041,hip2,HIP24960,
25180,,,5.386661,-26.705490,6.598,0.505,hip2,HIP25180,
48839,,,9.962194,-1.941771,6.598,0.700,hip2,HIP48839,
12300,,,2.640208,-37.990394,6.598,0.521,hip2,HIP12300,
101133,,,20.499965,45.928194,6.598,1.137,hip2,HIP101133,
105390,,,21.347226,32.452331,6.598,0.802,hip2,HIP105390,
108553,,,21.989684,57.658548,6.598,0.022,hip2,HIP108553,
53037,,,10.851672,-18.332230,6.598,0.092,hip2,HIP53037,
27705,,,5.866552,-29.449400,6.598,1.473,hip2,HIP27705,
51974,,,10.619873,-11.748538,6.598,0.291,hip2,HIP51974,
2101,,,0.444292,56.641207,6.598,0.021,hip2,HIP2101,
99894,,Chechia,20.268341,4.580919,6.598,0.867,hip2,HIP99894,
56388,,,11.560093,2.499072,6.598,1.601,hip2,HIP56388,
70451,,,14.411345,-44.311034,6.598,1.047,hip2,HIP70451,
114453,,,23.179617,-29.524995,6.598,0.282,hip2,HIP114453,
21053,,,4.512982,16.148751,6.599,0.428,hip2,HIP21053,
87880,,,17.952072,-23.939240,6.599,1.984,hip2,HIP87880,
105526,,,21.372586,77.090326,6.599,0.088,hip2,HIP105526,
15534,,,3.335258,69.731330,6.599,-0.010,hip2,HIP15534,
53811,,,11.010092,-53.111868,6.599,1.280,hip2,HIP53811,
36320,,,7.476208,-10.043757,6.599,-0.101,hip2,HIP36320,
31241,,,6.552844,-38.625145,6.599,0.999,hip2,HIP31241,
69585,,,14.243240,13.975255,6.599,1.348,hip2,HIP69585,
80948,,,16.529051,-64.473374,6.599,-0.042,hip2,HIP80948,
115756,,,23.452075,-66.580855,6.599,1.455,hip2,HIP115756,
23818,,,5.119383,-19.392524,6.599,0.648,hip2,HIP23818,
93743,,,19.088494,-1.512227,6.599,0.359,hip2,HIP93743,
83834,,,17.133527,31.206237,6.600,1.285,hip2,HIP83834,
37184,,,7.640007,-39.991958,6.600,-0.047,hip2,HIP37184,
6714,,,1.439878,20.070902,6.600,0.947,hip2,HIP6714,
107299,,,21.733099,-57.325119,6.600,0.484,hip2,HIP107299,
50196,,,10.247304,-41.726152,6.600,0.176,hip2,HIP50196,
97454,,,19.808476,10.694114,6.600,0.932,hip2,HIP97454,
20089,,,4.306845,9.487201,6.600,0.165,hip2,HIP20089,
16077,,,3.450888,18.756548,6.601,0.188,hip2,HIP16077,
41306,,,8.427602,-17.439403,6.601,1.234,hip2,HIP41306,
50705,,,10.354047,-13.786516,6.601,0.099,hip2,HIP50705,
87427,,,17.866240,15.326274,6.601,0.997,hip2,HIP87427,
5315,,,1.133217,1.994094,6.601,0.847,hip2,HIP5315,
117893,,,23.913689,74.410109,6.601,0.018,hip2,HIP117893,
4475,,,0.955426,61.421933,6.601,0.940,hip2,HIP4475,
56500,,,11.583036,-4.361180,6.601,1.167,hip2,HIP56500,
25053,,,5.364164,-13.755702,6.601,-0.082,hip2,HIP25053,
77785,,,15.882411,-65.152517,6.601,0.186,hip2,HIP77785,
115709,,,23.443177,-21.740832,6.601,1.036,hip2,HIP115709,
99352,,,20.165725,20.914789,6.602,0.394,hip2,HIP99352,
87865,,,17.948857,-40.305648,6.602,1.411,hip2,HIP87865,
104279,,,21.125800,-0.163832,6.602,1.548,hip2,HIP104279,
69650,,,14.254726,52.535932,6.602,0.096,hip2,HIP69650,
21666,,,4.651191,-51.672796,6.602,1.321,hip2,HIP21666,
29884,,,6.292968,46.423926,6.602,0.263,hip2,HIP29884,
34177,,,7.087887,-50.360138,6.602,1.424,hip2,HIP34177,
41547,,,8.472161,-8.816181,6.602,1.197,hip2,HIP41547,
64527,,,13.225541,72.799132,6.602,0.088,hip2,HIP64527,
74500,,,15.224701,-25.309164,6.602,0.691,hip2,HIP74500,
65798,,,13.487800,-45.537764,6.602,-0.042,hip2,HIP65798,
5939,,,1.273468,48.082256,6.603,-0.040,hip2,HIP5939,
65682,,,13.467190,-26.402225,6.603,1.608,hip2,HIP65682,
106306,,,21.530596,23.845162,6.603,1.064,hip2,HIP106306,
41266,,,8.419252,-55.472835,6.603,-0.047,hip2,HIP41266,
39198,,,8.017624,-6.419083,6.603,0.838,hip2,HIP39198,
113283,,,22.939952,-31.565179,6.603,1.094,hip2,HIP113283,
1499,,,0.311562,-8.052651,6.603,0.674,hip2,HIP1499,
58810,,,12.062371,-74.214086,6.603,1.198,hip2,HIP58810,
84704,,,17.314661,6.085432,6.603,0.388,hip2,HIP84704,
110661,,,22.417591,51.255817,6.603,1.681,hip2,HIP110661,
30741,,,6.459866,32.563110,6.603,1.264,hip2,HIP30741,
56716,,,11.628420,77.595694,6.603,1.610,hip2,HIP56716,
63297,,,12.971910,64.925504,6.603,1.150,hip2,HIP63297,
100379,,,20.357906,-66.749697,6.603,0.505,hip2,HIP100379,
46709,,,9.521941,-47.952533,6.604,0.267,hip2,HIP46709,
26571,,,5.649268,26.618094,6.604,0.980,hip2,HIP26571,
40293,,,8.228254,23.137759,6.604,0.116,hip2,HIP40293,
60517,,,12.405952,-47.372931,6.604,-0.049,hip2,HIP60517,
80399,,,16.411044,-29.703413,6.604,0.567,tyc2,TYC6806-00919-1,6806-00919-1
92608,,,18.869985,-41.709121,6.604,1.426,hip2,HIP92608,
115121,,,23.317579,-28.387871,6.604,1.535,hip2,HIP115121,
95370,,,19.401681,36.451903,6.604,1.074,hip2,HIP95370,
100239,,,20.330087,37.132531,6.604,-0.004,hip2,HIP100239,
27924,,,5.908958,11.763301,6.604,0.029,hip2,HIP27924,
68808,,,14.087225,-16.335985,6.604,0.104,hip2,HIP68808,
67778,,,13.885679,40.338002,6.605,1.550,hip2,HIP67778,
8641,,,1.857318,-39.835875,6.605,1.094,hip2,HIP8641,
80964,,,16.532352,9.414520,6.605,0.429,hip2,HIP80964,
17099,,,3.662628,-40.352234,6.605,0.141,hip2,HIP17099,
32019,,,6.689138,28.196644,6.605,1.090,hip2,HIP32019,
83014,,,16.963950,-39.115734,6.605,1.799,hip2,HIP83014,
91394,,,18.639943,-3.193721,6.606,0.553,hip2,HIP91394,
87224,,,17.821958,1.961226,6.606,1.236,hip2,HIP87224,
89370,,,18.237877,-63.689541,6.606,1.414,hip2,HIP89370,
107445,,,21.762346,35.857284,6.606,0.997,hip2,HIP107445,
5042,,,1.075725,-33.532788,6.606,1.071,hip2,HIP5042,
10361,,,2.225975,53.058592,6.606,1.661,hip2,HIP10361,
100365,,,20.354299,15.104317,6.606,0.031,hip2,HIP100365,
28370,,,5.993819,-1.444054,6.606,-0.059,hip2,HIP28370,
50447,,,10.300330,73.073679,6.606,0.336,hip2,HIP50447,
46143,,,9.410322,-70.075780,6.606,1.275,hip2,HIP46143,
107962,,,21.872566,-3.174633,6.606,-0.055,hip2,HIP107962,
26592,,,5.652422,41.358853,6.606,1.000,hip2,HIP26592,
18547,,,3.967535,34.814049,6.607,0.228,hip2,HIP18547,
9723,,,2.084389,55.622361,6.607,0.303,hip2,HIP9723,
34238,,,7.097671,70.731940,6.607,1.568,hip2,HIP34238,
9706,,,2.080831,7.735665,6.607,1.114,hip2,HIP9706,
11212,,,2.405582,-25.847498,6.607,1.321,hip2,HIP11212,
65417,,,13.408483,12.431746,6.607,1.062,hip2,HIP65417,
100876,,,20.453942,20.476505,6.607,1.030,hip2,HIP100876,
65135,,,13.347536,43.990119,6.607,0.424,hip2,HIP65135,
116991,,,23.718063,51.939345,6.608,1.034,hip2,HIP116991,
16835,,,3.611053,29.224044,6.608,0.271,hip2,HIP16835,
92301,,,18.812614,-18.601156,6.608,0.902,hip2,HIP92301,
10848,,,2.327017,39.834981,6.608,-0.082,hip2,HIP10848,
111138,,,22.514930,-26.073569,6.608,1.083,hip2,HIP111138,
55936,,,11.463996,45.185253,6.608,1.530,hip2,HIP55936,
57809,,,11.853656,-43.933034,6.608,-0.027,hip2,HIP57809,
69881,,,14.300158,-7.541817,6.608,0.723,hip2,HIP69881,
3,,,0.000334,38.859286,6.608,-0.019,hip2,HIP3,
85086,,,17.389629,57.011685,6.608,0.293,hip2,HIP85086,
113705,,,23.028767,3.531038,6.608,0.970,hip2,HIP113705,
28973,,,6.114415,-11.173597,6.609,-0.152,hip2,HIP28973,
53157,,,10.875587,52.503731,6.609,1.114,hip2,HIP53157,
57808,,,11.853610,-61.846155,6.609,0.255,hip2,HIP57808,
100933,,,20.464383,65.755829,6.609,0.147,hip2,HIP100933,
94130,,,19.161044,-39.827185,6.609,1.064,hip2,HIP94130,
46963,,,9.572116,46.902118,6.609,0.234,hip2,HIP46963,
65628,,,13.455160,-74.691722,6.609,-0.056,hip2,HIP65628,
70661,,,14.453135,-66.568011,6.609,0.102,hip2,HIP70661,
94054,,,19.147852,-55.720144,6.609,1.101,hip2,HIP94054,
19509,,,4.179413,-35.273724,6.609,1.070,hip2,HIP19509,
31107,,,6.527607,11.792292,6.609,-0.119,hip2,HIP31107,
2846,,,0.600888,-14.972891,6.609,1.063,hip2,HIP2846,
9494,,,2.035908,75.502190,6.610,-0.030,hip2,HIP9494,
35567,,,7.339717,-56.294796,6.610,0.111,hip2,HIP35567,
76824,,,15.685251,-39.982664,6.610,0.446,hip2,HIP76824,
86815,,,17.738832,-72.221189,6.610,0.472,hip2,HIP86815,
57507,,,11.787774,-30.285957,6.610,0.681,hip2,HIP57507,
76075,,,15.537537,-23.880168,6.610,1.486,hip2,HIP76075,
79522,,,16.227396,-1.475140,6.610,0.997,hip2,HIP79522,
28138,,,5.946946,-31.976278,6.610,1.070,hip2,HIP28138,
80708,,,16.478431,0.055094,6.610,1.378,hip2,HIP80708,
10233,,,2.192631,-17.743003,6.611,1.622,hip2,HIP10233,
35278,,,7.288277,6.680995,6.611,-0.109,hip2,HIP35278,
65381,,,13.399196,-20.924538,6.611,1.101,hip2,HIP65381,
92972,,,18.940897,-31.689002,6.611,1.223,hip2,HIP92972,
103822,,,21.039155,39.509032,6.611,1.510,hip2,HIP103822,
32746,,,6.828972,37.512730,6.611,1.553,hip2,HIP32746,
86446,,,17.663323,49.779843,6.611,0.014,hip2,HIP86446,
89920,,,18.348664,-37.487631,6.611,1.315,hip2,HIP89920,
17862,,,3.822705,24.381064,6.612,-0.027,hip2,HIP17862,
50887,,,10.391203,-0.902162,6.612,0.918,hip2,HIP50887,
64751,,,13.270652,19.051716,6.612,0.972,hip2,HIP64751,
22552,,,4.853709,68.168796,6.612,2.100,hip2,HIP22552,
32477,,,6.778249,-54.695062,6.612,0.858,hip2,HIP32477,
10623,,,2.279242,83.561519,6.612,0.951,hip2,HIP10623,
19590,,,4.198917,-8.837502,6.612,0.950,hip2,HIP19590,
59346,,,12.174221,-7.774031,6.612,0.218,hip2,HIP59346,
96789,,,19.674535,20.477089,6.612,0.323,hip2,HIP96789,
50069,,,10.222866,-56.586699,6.612,1.450,hip2,HIP50069,
118081,,,23.952815,-20.833609,6.612,0.979,hip2,HIP118081,
53387,,,10.919883,-20.664972,6.612,1.098,hip2,HIP53387,
17436,,,3.735100,-40.660086,6.612,1.059,hip2,HIP17436,
28634,,,6.045865,47.809304,6.612,0.567,hip2,HIP28634,
59021,,,12.101458,-32.960759,6.612,0.623,hip2,HIP59021,
55044,,,11.267744,52.773023,6.613,0.437,hip2,HIP55044,
116106,,,23.525389,-4.086937,6.613,0.531,hip2,HIP116106,
56508,,Formosa,11.584386,20.441548,6.613,1.010,hip2,HIP56508,
62915,,,12.893922,-4.224509,6.613,1.094,hip2,HIP62915,
56429,,,11.569424,11.023919,6.613,0.188,hip2,HIP56429,
30722,,,6.454383,14.889228,6.613,0.105,hip2,HIP30722,
69904,,,14.306613,-33.220454,6.613,0.284,hip2,HIP69904,
70042,,,14.332608,-73.968442,6.613,-0.046,hip2,HIP70042,
31962,,,6.679848,-47.621545,6.613,-0.143,hip2,HIP31962,
92157,,,18.783084,-50.094535,6.613,0.291,hip2,HIP92157,
111075,,,22.502332,31.215821,6.613,0.063,hip2,HIP111075,
111379,,,22.564756,61.778094,6.613,0.175,hip2,HIP111379,
21258,,,4.560692,-8.255651,6.613,-0.062,hip2,HIP21258,
99188,,,20.135992,-52.577748,6.613,0.682,hip2,HIP99188,
100128,,,20.312117,-61.906603,6.613,0.015,hip2,HIP100128,
83053,,,16.970979,-65.204412,6.614,0.359,hip2,HIP83053,
60561,,,12.414444,-72.603873,6.614,-0.001,hip2,HIP60561,
89840,,,18.333810,-48.765175,6.614,0.149,hip2,HIP89840,
29791,,,6.272521,1.080356,6.614,-0.058,hip2,HIP29791,
33006,,,6.877676,-42.504399,6.614,0.416,hip2,HIP33006,
26034,,,5.554314,32.289406,6.614,-0.031,hip2,HIP26034,
42981,,,8.759678,4.664565,6.614,1.228,hip2,HIP42981,
24441,,,5.243596,-0.562832,6.614,1.820,hip2,HIP24441,
38292,,,7.845143,-44.579978,6.614,0.899,hip2,HIP38292,
81803,,,16.708085,-37.079148,6.614,0.776,hip2,HIP81803,
39094,,,7.997609,36.082095,6.614,1.561,hip2,HIP39094,
96988,,,19.713631,29.331650,6.615,0.337,hip2,HIP96988,
43850,,,8.931801,-15.439431,6.615,1.393,hip2,HIP43850,
45543,,,9.282515,-11.102943,6.615,1.172,hip2,HIP45543,
95149,,,19.358250,-34.983224,6.615,0.628,hip2,HIP95149,
39348,,,8.043284,57.273771,6.615,0.649,hip2,HIP39348,
85530,,,17.478885,-82.779596,6.615,-0.095,hip2,HIP85530,
110487,,,22.380633,36.658917,6.616,1.052,hip2,HIP110487,
60041,,,12.312986,-88.414945,6.616,-0.068,hip2,HIP60041,
100779,,,20.433652,19.865448,6.616,1.037,hip2,HIP100779,
17558,,,3.760309,38.676219,6.616,1.195,hip2,HIP17558,
42523,,,8.669854,19.971168,6.616,0.006,hip2,HIP42523,
98152,,,19.946971,-30.570164,6.616,0.184,hip2,HIP98152,
56553,,,11.595388,10.911328,6.616,0.139,hip2,HIP56553,
85138,,,17.399340,-65.702104,6.617,-0.074,hip2,HIP85138,
26104,,,5.567355,-7.023652,6.617,1.116,hip2,HIP26104,
67195,,,13.770530,30.897248,6.617,0.491,hip2,HIP67195,
38349,,,7.854262,37.082154,6.617,1.510,hip2,HIP38349,
81939,,,16.738168,-27.456219,6.617,0.097,hip2,HIP81939,
30977,,,6.501555,9.029719,6.617,0.121,hip2,HIP30977,
17298,,,3.702755,-45.957921,6.617,0.522,hip2,HIP17298,
16695,,,3.580304,6.417733,6.617,0.642,hip2,HIP16695,
59488,,,12.200213,-64.510403,6.617,0.266,hip2,HIP59488,
69127,,,14.150166,-10.334599,6.617,1.003,hip2,HIP69127,
42368,,,8.638967,-6.662312,6.618,0.447,hip2,HIP42368,
43152,,,8.789299,-17.052853,6.618,0.679,hip2,HIP43152,
84481,,,17.271082,-15.223741,6.618,1.790,hip2,HIP84481,
26332,,,5.608382,25.940102,6.618,0.452,hip2,HIP26332,
29140,,,6.146589,-6.821392,6.618,0.876,hip2,HIP29140,
40561,,,8.281731,-21.320668,6.618,0.018,hip2,HIP40561,
72489,,,14.821958,-14.148956,6.618,0.170,tyc2,TYC5590-00994-2,5590-00994-2
92799,,,18.909011,-49.879006,6.618,0.085,hip2,HIP92799,
74391,,,15.203344,-19.106424,6.618,1.507,hip2,HIP74391,
100332,,,20.347742,-35.673723,6.618,1.311,hip2,HIP100332,
31736,,,6.639697,-23.580301,6.619,0.664,hip2,HIP31736,
47242,,,9.629428,-3.170608,6.619,0.986,hip2,HIP47242,
76651,,,15.652646,57.924417,6.619,1.102,hip2,HIP76651,
71239,,,14.568883,-42.099229,6.619,0.078,hip2,HIP71239,
112714,,,22.825584,10.478702,6.619,0.289,hip2,HIP112714,
79235,,,16.171092,-26.909046,6.619,0.073,hip2,HIP79235,
96274,,,19.576094,-23.858812,6.619,1.677,hip2,HIP96274,
58799,,,12.060172,-39.008965,6.620,0.500,hip2,HIP58799,
98772,,,20.060781,22.941097,6.620,1.028,hip2,HIP98772,
22812,,,4.907767,-3.225913,6.620,0.458,hip2,HIP22812,
108127,,,21.906119,12.751092,6.620,0.004,hip2,HIP108127,
104965,,,21.261415,-57.631318,6.620,0.308,hip2,HIP104965,
106755,,,21.624755,4.682458,6.620,0.327,hip2,HIP106755,
114981,,,23.287942,45.164318,6.620,1.077,hip2,HIP114981,
84036,,,17.179370,12.467017,6.620,0.086,hip2,HIP84036,
91041,,,18.572102,20.466425,6.620,0.125,hip2,HIP91041,
73249,,,14.970394,-11.154740,6.620,0.012,hip2,HIP73249,
115915,,,23.484916,23.048290,6.620,1.088,hip2,HIP115915,
17223,,,3.689554,-19.584397,6.621,0.092,hip2,HIP17223,
79785,,,16.282993,-21.304070,6.621,0.010,hip2,HIP79785,
66524,,,13.635851,-50.349885,6.621,-0.076,hip2,HIP66524,
110314,,,22.344104,58.409853,6.621,0.990,hip2,HIP110314,
113784,,,23.042797,-36.420806,6.621,0.938,hip2,HIP113784,
398,,,0.081935,58.532174,6.621,0.025,hip2,HIP398,
3497,,,0.744241,-65.649520,6.621,0.615,tyc2,TYC8847-00598-1,8847-00598-1
103261,,,20.918962,-1.373090,6.621,0.286,hip2,HIP103261,
36869,,,7.579506,2.725512,6.621,0.233,hip2,HIP36869,
41463,,,8.457465,-14.935216,6.621,-0.153,hip2,HIP41463,
253,,,0.052172,-24.145138,6.621,1.176,hip2,HIP253,
52436,,,10.719290,-61.168540,6.621,-0.011,hip2,HIP52436,
82723,,,16.908765,-49.710790,6.621,1.466,hip2,HIP82723,
36735,,,7.556059,-68.768499,6.622,0.030,hip2,HIP36735,
117133,,,23.746769,55.799693,6.622,0.992,hip2,HIP117133,
41833,,,8.528142,18.987784,6.622,1.496,hip2,HIP41833,
82737,,,16.911171,-11.792433,6.622,0.144,hip2,HIP82737,
2358,,,0.502416,4.860076,6.622,0.453,hip2,HIP2358,
66800,,,13.691907,-23.449812,6.622,0.057,hip2,HIP66800,
94184,,,19.174329,-30.006960,6.622,0.464,hip2,HIP94184,
44042,,,8.968951,1.541606,6.622,0.064,hip2,HIP44042,
74690,,,15.264079,50.938568,6.622,0.854,hip2,HIP74690,
11474,,,2.466647,1.960880,6.622,0.971,hip2,HIP11474,
74695,,,15.264881,6.464886,6.622,1.308,hip2,HIP74695,
101911,,,20.651629,-4.929505,6.622,1.016,hip2,HIP101911,
39958,,,8.159775,29.093095,6.623,0.804,hip2,HIP39958,
60210,,,12.346874,15.540969,6.623,1.025,hip2,HIP60210,
65309,,,13.384862,47.001955,6.623,1.552,hip2,HIP65309,
50,,,0.009525,-53.097663,6.623,0.616,hip2,HIP50,
100784,,,20.434404,40.401704,6.623,-0.100,hip2,HIP100784,
112222,,,22.728525,10.939786,6.623,0.501,hip2,HIP112222,
8271,,,1.776463,17.412693,6.623,0.256,hip2,HIP8271,
43573,,,8.873929,-32.509303,6.623,1.451,hip2,HIP43573,
66254,,,13.578781,-33.310825,6.624,1.250,hip2,HIP66254,
107409,,,21.755186,-49.498877,6.624,1.148,hip2,HIP107409,
16450,,,3.531646,48.735218,6.624,-0.025,hip2,HIP16450,
76291,,,15.584620,1.669279,6.624,0.281,hip2,HIP76291,
78574,,,16.044215,47.240360,6.624,1.143,tyc2,TYC3491-00136-1,3491-00136-1
18729,,,4.012121,-71.166881,6.624,0.080,hip2,HIP18729,
74769,,,15.281068,-47.864497,6.624,0.927,hip2,HIP74769,
27293,,,5.783349,51.520967,6.624,0.898,hip2,HIP27293,
37996,,,7.787394,-36.073666,6.624,1.083,hip2,HIP37996,
97709,,,19.857456,4.088647,6.624,1.345,hip2,HIP97709,
4382,,,0.935867,13.951968,6.624,0.962,hip2,HIP4382,
13004,,,2.786021,60.570761,6.624,0.528,hip2,HIP13004,
42462,,,8.656826,8.017670,6.624,1.080,hip2,HIP42462,
54021,,,11.051712,-60.910734,6.625,2.033,hip2,HIP54021,
97573,,,19.832168,27.085171,6.625,0.937,hip2,HIP97573,
9237,,,1.979432,-11.300740,6.625,1.128,hip2,HIP9237,
3730,,,0.798536,20.925311,6.625,0.521,hip2,HIP3730,
33823,,,7.021395,32.414606,6.625,0.270,hip2,HIP33823,
50218,,,10.251768,31.468075,6.625,0.858,hip2,HIP50218,
44148,,,8.990804,13.074408,6.625,1.462,hip2,HIP44148,
81208,,,16.587180,-35.724582,6.625,-0.049,hip2,HIP81208,
111801,,,22.645751,-28.748185,6.626,1.034,hip2,HIP111801,
36582,,,7.523827,-36.153273,6.626,-0.119,hip2,HIP36582,
71494,,,14.620119,-53.060749,6.626,1.447,hip2,HIP71494,
79081,,,16.142936,-39.092800,6.626,-0.071,hip2,HIP79081,
45170,,,9.204963,14.995441,6.626,0.731,hip2,HIP45170,
55645,,,11.399040,-57.880394,6.626,1.504,hip2,HIP55645,
58450,,,11.985938,-10.475971,6.626,1.450,hip2,HIP58450,
87297,,,17.837499,25.290968,6.626,0.125,hip2,HIP87297,
38925,,,7.965220,-40.784361,6.626,0.979,hip2,HIP38925,
77042,,,15.732022,-60.287205,6.626,1.020,hip2,HIP77042,
22774,,,4.898834,1.569389,6.626,0.042,hip2,HIP22774,
96572,,,19.632411,49.284062,6.627,0.990,hip2,HIP96572,
107952,,,21.870271,79.551739,6.627,1.581,hip2,HIP107952,
45305,,,9.234193,-14.694802,6.627,0.958,hip2,HIP45305,
66594,,,13.650642,18.265372,6.627,1.217,hip2,HIP66594,
113249,,,22.932875,62.432280,6.627,1.820,hip2,HIP113249,
16411,,,3.522424,27.571882,6.628,0.031,hip2,HIP16411,
21619,,,4.641524,26.939423,6.628,0.344,hip2,HIP21619,
47159,,,9.609373,-24.702956,6.628,0.389,hip2,HIP47159,
50389,,,10.288248,41.467478,6.628,1.565,hip2,HIP50389,
92934,,,18.934389,17.995354,6.628,-0.071,hip2,HIP92934,
6915,,,1.484198,7.294227,6.628,0.352,hip2,HIP6915,
16042,,,3.443156,28.715341,6.628,0.882,hip2,HIP16042,
74915,,,15.309391,-47.879121,6.628,0.093,hip2,HIP74915,
72298,,,14.784825,0.970958,6.629,0.012,hip2,HIP72298,
114408,,,23.169996,-66.857730,6.629,0.956,hip2,HIP114408,
90604,,,18.487997,-38.851266,6.629,-0.019,hip2,HIP90604,
24520,,,5.260778,-52.182230,6.629,1.213,hip2,HIP24520,
84856,,,17.342888,-19.333399,6.629,0.578,hip2,HIP84856,
110055,,,22.291197,49.126935,6.629,1.046,hip2,HIP110055,
91662,,,18.691860,-48.094407,6.630,1.220,hip2,HIP91662,
96297,,,19.579538,63.434180,6.630,1.326,hip2,HIP96297,
105169,,,21.304500,-75.346666,6.630,0.032,hip2,HIP105169,
78562,,,16.041276,-56.854168,6.630,0.526,hip2,HIP78562,
92788,,,18.908085,-45.486259,6.630,-0.081,hip2,HIP92788,
51475,,,10.514287,-26.483802,6.630,0.534,hip2,HIP51475,
66121,,,13.554071,-77.569019,6.630,0.455,hip2,HIP66121,
4801,,,1.027389,-16.265351,6.631,1.184,hip2,HIP4801,
109514,,,22.184666,48.677392,6.631,-0.046,hip2,HIP109514,
410,,,0.083648,27.674800,6.631,0.946,hip2,HIP410,
69778,,,14.281990,-77.664215,6.631,1.375,hip2,HIP69778,
1444,,,0.299620,-13.455639,6.631,0.599,hip2,HIP1444,
68184,,,13.958916,61.492335,6.631,1.040,hip2,HIP68184,
110116,,,22.305666,76.488008,6.631,0.012,hip2,HIP110116,
86747,,,17.725859,-57.022124,6.631,-0.017,hip2,HIP86747,
64797,,,13.280741,17.017816,6.631,0.926,hip2,HIP64797,
99666,,,20.225661,-47.713130,6.631,1.249,hip2,HIP99666,
40330,,,8.234757,-44.575868,6.631,0.180,hip2,HIP40330,
51130,,,10.445541,-47.659680,6.631,0.295,hip2,HIP51130,
59389,,,12.183672,-68.260934,6.631,1.352,hip2,HIP59389,
112355,,,22.758221,-88.818207,6.632,0.292,hip2,HIP112355,
90729,,,18.511567,20.815687,6.632,0.795,hip2,HIP90729,
22081,,,4.749420,-63.229708,6.632,1.077,hip2,HIP22081,
36140,,,7.444636,-23.712625,6.632,-0.002,hip2,HIP36140,
60791,,,12.459208,41.355083,6.632,0.559,hip2,HIP60791,
19746,,,4.233258,37.967136,6.632,1.029,hip2,HIP19746,
26120,,,5.570807,-2.881661,6.632,-0.158,hip2,HIP26120,
16165,,,3.471731,44.377254,6.632,1.645,hip2,HIP16165,
92602,,,18.868985,-21.921411,6.632,0.144,hip2,HIP92602,
6858,,,1.470104,44.049264,6.633,-0.060,hip2,HIP6858,
38615,,,7.907092,-28.105362,6.633,0.081,hip2,HIP38615,
50684,,,10.350559,2.289725,6.633,-0.094,hip2,HIP50684,
89408,,,18.245553,29.207890,6.633,0.579,hip2,HIP89408,
69107,,,14.146163,59.337699,6.633,1.023,hip2,HIP69107,
83508,,,17.066894,-25.697945,6.633,-0.083,hip2,HIP83508,
112895,,,22.862500,-59.881347,6.633,1.132,hip2,HIP112895,
54179,,,11.082659,-59.858902,6.633,0.186,hip2,HIP54179,
88814,,,18.130097,13.071091,6.633,0.053,hip2,HIP88814,
96292,,,19.578865,43.945858,6.633,-0.034,hip2,HIP96292,
71724,,,14.671572,-40.841642,6.634,-0.069,hip2,HIP71724,
15218,,,3.269803,-30.827493,6.634,-0.035,hip2,HIP15218,
55846,,,11.446040,3.012659,6.634,0.778,hip2,HIP55846,
53737,,,10.994785,11.705758,6.634,0.443,hip2,HIP53737,
88770,,,18.122496,2.481596,6.634,1.481,hip2,HIP88770,
99024,,,20.103387,-4.078125,6.634,1.156,hip2,HIP99024,
31944,,,6.675387,61.922484,6.634,0.156,hip2,HIP31944,
102032,,,20.676635,-26.645087,6.635,0.594,hip2,HIP102032,
40263,,,8.222720,-1.165898,6.635,0.918,hip2,HIP40263,
60418,,,12.387597,-4.974433,6.635,1.189,hip2,HIP60418,
66613,,,13.654145,51.804199,6.635,1.378,hip2,HIP66613,
88533,,,18.078661,40.084125,6.635,0.509,hip2,HIP88533,
68414,,,14.005246,-46.127256,6.635,0.240,hip2,HIP68414,
99926,,,20.274013,-35.198597,6.635,0.381,hip2,HIP99926,
13429,,,2.881847,-65.455255,6.635,1.008,hip2,HIP13429,
15048,,,3.231908,18.973311,6.635,1.487,hip2,HIP15048,
25569,,,5.465194,48.226728,6.635,1.489,hip2,HIP25569,
81663,,,16.682338,-8.309626,6.636,1.147,hip2,HIP81663,
69773,,,14.280207,-8.884438,6.636,1.212,hip2,HIP69773,
106550,,,21.579414,18.328902,6.636,1.254,hip2,HIP106550,
59676,,,12.237641,-5.716876,6.636,0.277,hip2,HIP59676,
115141,,,23.323271,62.739781,6.636,2.288,hip2,HIP115141,
7593,,,1.629778,64.739356,6.636,0.776,hip2,HIP7593,
116422,,,23.591279,1.313198,6.636,1.151,hip2,HIP116422,
45824,,,9.343522,0.181752,6.637,1.570,hip2,HIP45824,
12453,,,2.672481,49.560277,6.637,0.087,hip2,HIP12453,
78367,,,15.999401,-40.653091,6.637,1.499,hip2,HIP78367,
50870,,,10.387431,5.694407,6.637,0.448,hip2,HIP50870,
92649,,,18.878247,-30.734019,6.637,-0.028,hip2,HIP92649,
15800,,,3.393419,0.910311,6.637,1.154,hip2,HIP15800,
33165,,,6.903624,-23.928348,6.637,-0.056,hip2,HIP33165,
76427,,,15.609367,-0.561479,6.637,0.728,hip2,HIP76427,
94027,,,19.143173,14.435263,6.637,-0.031,hip2,HIP94027,
13275,,,2.847996,35.393904,6.637,1.476,hip2,HIP13275,
59801,,,12.262973,-23.353805,6.637,0.460,hip2,HIP59801,
3236,,,0.686652,9.355308,6.637,0.528,hip2,HIP3236,
34763,,,7.196345,16.976424,6.637,1.423,hip2,HIP34763,
66405,,,13.614049,-34.467755,6.638,1.026,hip2,HIP66405,
41336,,,8.433633,-10.516576,6.638,0.176,hip2,HIP41336,
83223,,,17.008160,6.583813,6.638,0.233,hip2,HIP83223,
113821,,,23.049101,-47.848288,6.638,-0.046,hip2,HIP113821,
60912,,,12.483503,-83.802688,6.638,0.003,hip2,HIP60912,
91066,,,18.575767,-24.222389,6.638,0.515,hip2,HIP91066,
99927,,,20.274221,27.776067,6.638,-0.066,hip2,HIP99927,
116993,,,23.718239,53.152599,6.638,-0.017,hip2,HIP116993,
52622,,,10.761402,-47.459816,6.638,1.571,hip2,HIP52622,
20985,,,4.500640,10.262405,6.638,1.038,hip2,HIP20985,
89846,,,18.334760,-7.981305,6.638,0.401,hip2,HIP89846,
32801,,,6.837967,-17.291923,6.638,0.030,hip2,HIP32801,
111282,,,22.544268,13.044493,6.638,0.344,hip2,HIP111282,
101070,,,20.489210,20.087714,6.638,0.233,hip2,HIP101070,
34270,,,7.103973,-68.837577,6.638,1.039,hip2,HIP34270,
49724,,,10.152126,63.952425,6.638,1.640,hip2,HIP49724,
75210,,,15.369797,-37.635568,6.638,-0.062,hip2,HIP75210,
85467,,,17.465226,-47.026217,6.638,0.184,hip2,HIP85467,
93374,,,19.018175,19.309613,6.638,1.114,hip2,HIP93374,
30357,,,6.385103,56.976526,6.639,1.075,hip2,HIP30357,
41928,,,8.548272,-47.605526,6.639,0.130,hip2,HIP41928,
104202,,,21.111052,3.802996,6.639,0.880,hip2,HIP104202,
74999,,,15.324744,-71.792021,6.639,1.682,hip2,HIP74999,
96396,,,19.598875,50.238529,6.639,1.034,hip2,HIP96396,
36334,,,7.478770,47.920931,6.639,1.474,hip2,HIP36334,
116482,,,23.602683,-26.876317,6.639,0.274,hip2,HIP116482,
102195,,,20.706201,35.456214,6.639,-0.159,hip2,HIP102195,
87564,,,17.888394,-65.488443,6.639,1.086,hip2,HIP87564,
73483,,,15.017296,-64.575898,6.639,0.298,hip2,HIP73483,
92396,,,18.828911,31.629462,6.639,-0.014,hip2,HIP92396,
25059,,,5.365363,-17.603647,6.640,1.206,hip2,HIP25059,
90610,,,18.489441,-25.256589,6.640,0.002,hip2,HIP90610,
64867,,,13.295740,-47.589924,6.640,-0.005,hip2,HIP64867,
24881,,,5.333977,44.425430,6.640,1.331,hip2,HIP24881,
57192,,,11.726960,-80.483464,6.640,0.084,hip2,HIP57192,
23712,,,5.098170,26.429958,6.640,0.113,hip2,HIP23712,
70538,,,14.429937,-26.852105,6.640,0.941,hip2,HIP70538,
75415,,,15.408603,37.347093,6.640,0.600,hip2,HIP75415,
27353,,,5.792962,25.568640,6.641,1.193,hip2,HIP27353,
102670,,,20.805099,-44.196702,6.641,1.161,hip2,HIP102670,
114686,,,23.233151,19.633917,6.641,1.151,hip2,HIP114686,
103458,,,20.961247,-44.127000,6.641,0.587,hip2,HIP103458,
107271,,,21.727718,7.528794,6.641,1.114,hip2,HIP107271,
36152,,,7.447347,21.535710,6.641,0.464,hip2,HIP36152,
93132,,,18.972361,-24.876852,6.641,0.055,hip2,HIP93132,
101838,,,20.637706,44.332699,6.641,-0.133,hip2,HIP101838,
57749,,,11.843677,-27.277954,6.641,0.980,hip2,HIP57749,
25622,,,5.473820,0.020360,6.642,-0.061,hip2,HIP25622,
39773,,,8.128278,-49.010485,6.642,-0.080,hip2,HIP39773,
69722,,,14.271756,-33.241330,6.642,0.294,hip2,HIP69722,
76985,,,15.719595,13.667754,6.642,0.873,hip2,HIP76985,
91061,,,18.575250,51.782328,6.642,1.472,hip2,HIP91061,
50485,,,10.309143,43.048634,6.642,0.925,hip2,HIP50485,
105646,,,21.398850,-25.202428,6.642,1.123,hip2,HIP105646,
65372,,,13.397830,-49.822734,6.643,0.959,hip2,HIP65372,
113783,,,23.042597,31.781544,6.643,0.342,hip2,HIP113783,
27192,,,5.763758,40.507243,6.643,0.256,hip2,HIP27192,
54400,,,11.131880,-30.174247,6.643,0.606,hip2,HIP54400,
65530,,,13.433435,63.260739,6.643,0.739,hip2,HIP65530,
65723,,,13.473953,40.729786,6.643,0.927,hip2,HIP65723,
81404,,,16.626046,5.277556,6.643,1.150,hip2,HIP81404,
42871,,,8.736153,36.918539,6.643,0.469,hip2,HIP42871,
44245,,,9.010556,-51.555585,6.643,-0.148,hip2,HIP44245,
62743,,,12.856370,-10.338211,6.643,1.030,hip2,HIP62743,
5636,,,1.206469,-30.801963,6.643,0.468,hip2,HIP5636,
73980,,,15.118941,-71.904935,6.643,1.592,hip2,HIP73980,
64954,,,13.314210,3.687670,6.644,0.056,hip2,HIP64954,
76233,,,15.572462,-5.695107,6.644,0.577,hip2,HIP76233,
109810,,,22.241438,7.976176,6.644,-0.039,hip2,HIP109810,
41504,,,8.464918,-26.132945,6.644,0.110,hip2,HIP41504,
43920,,,8.947144,-17.433390,6.644,0.413,hip2,HIP43920,
67206,,,13.771668,-62.451592,6.644,0.118,hip2,HIP67206,
1948,,,0.410596,14.315520,6.644,1.161,hip2,HIP1948,
67481,,,13.828936,8.408611,6.644,0.131,hip2,HIP67481,
40086,,,8.188342,54.540466,6.645,0.940,hip2,HIP40086,
98402,,,19.994202,31.826488,6.645,0.000,hip2,HIP98402,
117762,,,23.882309,36.954475,6.645,0.571,hip2,HIP117762,
35317,,,7.295180,38.876336,6.645,0.995,hip2,HIP35317,
51141,,,10.447032,-73.167992,6.645,1.725,hip2,HIP51141,
73587,,,15.041669,-7.840398,6.645,0.180,hip2,HIP73587,
102878,,,20.843615,18.051256,6.645,0.036,hip2,HIP102878,
5985,,,1.283015,-2.278818,6.645,0.563,hip2,HIP5985,
30760,,,6.463504,-62.149987,6.646,0.088,hip2,HIP30760,
51883,,,10.600561,80.494638,6.646,0.963,hip2,HIP51883,
114810,,,23.256515,-56.691806,6.646,0.290,hip2,HIP114810,
31032,,,6.511300,-40.448157,6.646,-0.112,hip2,HIP31032,
92866,,,18.923209,-37.386602,6.646,1.122,hip2,HIP92866,
109691,,,22.219448,18.279901,6.646,1.374,hip2,HIP109691,
71629,,,14.649912,-59.140789,6.646,0.512,hip2,HIP71629,
117939,,,23.923060,25.955019,6.646,1.488,hip2,HIP117939,
85405,,,17.452746,-15.853340,6.646,1.146,hip2,HIP85405,
105561,,,21.379678,38.634321,6.646,0.028,hip2,HIP105561,
86510,,,17.679047,-67.854122,6.646,0.999,hip2,HIP86510,
21257,,,4.560577,16.323380,6.646,0.188,hip2,HIP21257,
48742,,,9.942044,32.384608,6.646,0.429,hip2,HIP48742,
110907,,,22.469763,27.018887,6.646,0.986,hip2,HIP110907,
37405,,,7.680286,4.072042,6.647,1.457,hip2,HIP37405,
63839,,,13.083914,-64.441543,6.647,0.006,hip2,HIP63839,
105046,,,21.277627,-1.607718,6.647,0.981,hip2,HIP105046,
80060,,,16.341178,-12.911115,6.647,0.385,hip2,HIP80060,
41154,,,8.397050,-28.970307,6.647,0.016,hip2,HIP41154,
67555,,,13.842949,-19.897916,6.647,0.510,hip2,HIP67555,
76894,,,15.700492,-64.180279,6.647,1.524,hip2,HIP76894,
96801,,,19.677661,23.717973,6.647,-0.009,hip2,HIP96801,
,,,1.966029,23.603111,6.647,0.411,tyc2,TYC1757-01963-1,1757-01963-1
16697,,,3.581215,-25.582907,6.647,0.985,hip2,HIP16697,
3175,,,0.674599,-16.516597,6.647,0.910,hip2,HIP3175,
12720,,,2.724696,-2.531494,6.647,0.981,hip2,HIP12720,
5575,,,1.191379,10.291923,6.647,0.891,hip2,HIP5575,
9163,,,1.966453,47.095537,6.647,1.203,hip2,HIP9163,
32431,,,6.769549,23.371115,6.648,0.839,hip2,HIP32431,
4786,,,1.024178,49.544227,6.648,1.099,hip2,HIP4786,
29487,,,6.212391,-2.504812,6.648,0.051,hip2,HIP29487,
36837,,,7.574682,-26.116782,6.648,-0.007,hip2,HIP36837,
24906,,,5.338414,19.578262,6.649,-0.026,hip2,HIP24906,
95584,,,19.441833,20.259010,6.649,0.012,hip2,HIP95584,
66385,,,13.611082,49.486684,6.649,1.175,hip2,HIP66385,
73865,,,15.096591,-25.789437,6.649,-0.020,hip2,HIP73865,
29699,,,6.256571,-11.904476,6.649,0.119,hip2,HIP29699,
28988,,,6.117174,-45.091622,6.650,1.162,hip2,HIP28988,
53345,,,10.909840,29.630192,6.650,0.556,hip2,HIP53345,
98226,,,19.961455,-38.058618,6.650,0.416,hip2,HIP98226,
30414,,,6.395212,-16.467213,6.650,0.307,hip2,HIP30414,
30314,,,6.375265,-60.218808,6.650,0.614,hip2,HIP30314,
41905,,,8.544587,-47.042131,6.650,1.293,hip2,HIP41905,
31526,,,6.600630,56.386207,6.650,0.398,hip2,HIP31526,
66326,,,13.592603,10.205090,6.651,1.043,hip2,HIP66326,
1268,,,0.265260,-75.911609,6.651,0.983,hip2,HIP1268,
28985,,,6.116267,-6.202637,6.651,0.228,hip2,HIP28985,
37634,,,7.722557,4.945801,6.651,1.356,hip2,HIP37634,
114174,,,23.121667,46.068153,6.651,-0.059,hip2,HIP114174,
6401,,,1.370163,43.584135,6.651,-0.131,hip2,HIP6401,
36371,,,7.486481,12.760067,6.651,0.227,hip2,HIP36371,
38209,,,7.828000,-19.505484,6.651,1.234,hip2,HIP38209,
51907,,,10.604826,-10.583326,6.651,0.296,hip2,HIP51907,
61179,,,12.535786,-56.129558,6.651,1.680,hip2,HIP61179,
95054,,,19.340610,-31.817619,6.651,1.680,hip2,HIP95054,
5646,,,1.208541,2.471833,6.652,0.454,hip2,HIP5646,
51047,,,10.429166,35.425571,6.652,1.089,hip2,HIP51047,
17689,,,3.788851,-29.901588,6.652,0.509,hip2,HIP17689,
71538,,,14.631916,-48.023532,6.652,-0.010,hip2,HIP71538,
47779,,,9.741668,18.863627,6.652,1.158,hip2,HIP47779,
100491,,,20.378096,-78.960805,6.652,0.021,hip2,HIP100491,
108258,,,21.932069,-46.927819,6.652,0.481,hip2,HIP108258,
26495,,,5.635252,-27.210747,6.652,1.574,hip2,HIP26495,
44888,,,9.145700,-16.277157,6.653,1.100,hip2,HIP44888,
19222,,,4.119645,74.000518,6.653,0.977,hip2,HIP19222,
116181,,,23.540215,34.952367,6.653,-0.045,hip2,HIP116181,
31092,,,6.524860,-21.405604,6.653,0.256,hip2,HIP31092,
34814,,,7.206717,-27.474737,6.653,0.190,hip2,HIP34814,
75971,,,15.515393,8.579100,6.653,0.380,hip2,HIP75971,
34413,,,7.134289,-11.923284,6.653,2.550,hip2,HIP34413,
98169,,,19.950116,20.998345,6.653,0.075,hip2,HIP98169,
20613,,,4.415681,-34.757195,6.654,0.445,hip2,HIP20613,
42606,,,8.683789,-9.052005,6.654,0.017,hip2,HIP42606,
114937,,,23.280514,-41.194433,6.654,1.070,hip2,HIP114937,
39513,,,8.075699,-17.665526,6.654,1.576,hip2,HIP39513,
87286,,,17.835379,-64.305140,6.654,0.334,hip2,HIP87286,
95219,,,19.372448,-8.201020,6.654,-0.045,hip2,HIP95219,
86946,,,17.766235,39.322503,6.654,1.390,hip2,HIP86946,
10826,,,2.322441,-2.977647,6.654,1.087,tyc2,TYC4693-01144-1,4693-01144-1
41293,,,8.425076,-58.133229,6.654,-0.023,hip2,HIP41293,
73154,,,14.950539,-51.447208,6.654,1.707,hip2,HIP73154,
96195,,,19.560120,38.761919,6.654,0.113,hip2,HIP96195,
109788,,,22.238459,17.189566,6.654,1.288,hip2,HIP109788,
58520,,,12.001443,-78.192921,6.654,0.241,hip2,HIP58520,
66857,,,13.701758,65.273083,6.654,0.135,hip2,HIP66857,
6687,,,1.431202,-3.927327,6.654,1.348,hip2,HIP6687,
25712,,,5.490390,-7.260882,6.654,-0.112,hip2,HIP25712,
40556,,,8.281375,-64.187099,6.654,-0.070,hip2,HIP40556,
24943,,,5.343592,-43.534050,6.654,1.688,hip2,HIP24943,
112432,,,22.774504,-49.685120,6.654,1.162,hip2,HIP112432,
7339,,,1.576078,68.947858,6.654,0.686,hip2,HIP7339,
63491,,,13.009336,-33.051181,6.654,0.298,hip2,HIP63491,
75324,,,15.390279,-46.140393,6.655,0.945,hip2,HIP75324,
38303,,,7.847530,4.459396,6.655,0.944,hip2,HIP38303,
78946,,,16.116548,47.505023,6.655,-0.025,hip2,HIP78946,
34855,,,7.212872,-57.490695,6.655,0.023,hip2,HIP34855,
98753,,,20.058167,36.025159,6.655,0.148,hip2,HIP98753,
85987,,,17.574233,16.504378,6.655,0.224,hip2,HIP85987,
98458,,,20.004266,26.187904,6.656,1.132,hip2,HIP98458,
89288,,,18.219442,-4.011663,6.656,0.276,hip2,HIP89288,
99294,,,20.156214,56.026873,6.656,0.938,hip2,HIP99294,
53113,,,10.866292,-55.138355,6.656,1.482,hip2,HIP53113,
10273,,,2.204378,2.745522,6.656,1.039,hip2,HIP10273,
64797,,,13.280847,17.017188,6.656,0.876,tyc2,TYC1451-01151-1,1451-01151-1
91898,,,18.734764,38.533046,6.656,1.615,hip2,HIP91898,
27390,,,5.800577,12.418426,6.656,-0.083,hip2,HIP27390,
85810,,,17.533656,34.270994,6.656,0.639,hip2,HIP85810,
46879,,,9.553128,45.513853,6.657,1.141,hip2,HIP46879,
102414,,,20.753645,-27.247298,6.657,0.946,hip2,HIP102414,
74441,,,15.213110,10.702468,6.657,1.274,hip2,HIP74441,
86400,,,17.654728,3.555478,6.657,0.959,hip2,HIP86400,
42291,,,8.622285,-40.147744,6.657,0.598,hip2,HIP42291,
112533,,,22.793252,-65.560235,6.657,1.208,hip2,HIP112533,
34725,,,7.190327,-17.331136,6.657,-0.033,hip2,HIP34725,
54266,,,11.101621,-59.949888,6.657,-0.137,hip2,HIP54266,
16779,,,3.599236,-5.124944,6.657,1.091,hip2,HIP16779,
44142,,,8.990091,45.738521,6.657,0.011,hip2,HIP44142,
39947,,,8.158369,-51.842833,6.658,0.598,hip2,HIP39947,
98730,,,20.053496,4.730246,6.658,1.540,hip2,HIP98730,
70501,,,14.421563,-13.353170,6.658,1.223,hip2,HIP70501,
89731,,,18.311601,-25.604716,6.659,1.346,hip2,HIP89731,
19030,,,4.076937,55.066563,6.659,0.466,hip2,HIP19030,
30141,,,6.343103,-23.637804,6.659,1.132,hip2,HIP30141,
9656,,,2.070316,51.967831,6.659,-0.037,hip2,HIP9656,
93053,,,18.954815,62.396873,6.659,0.927,hip2,HIP93053,
117681,,,23.865810,77.599599,6.659,0.430,hip2,HIP117681,
72677,,,14.859712,-17.790055,6.659,0.483,hip2,HIP72677,
95987,,,19.518114,2.011758,6.659,1.452,hip2,HIP95987,
21010,,,4.505546,28.131772,6.660,0.722,hip2,HIP21010,
74895,,,15.306283,0.939452,6.660,1.600,hip2,HIP74895,
86728,,,17.721929,-57.723955,6.660,2.450,hip2,HIP86728,
33854,,,7.028178,4.818099,6.660,0.053,hip2,HIP33854,
18939,,,4.059413,-25.847882,6.660,1.631,hip2,HIP18939,
36934,,,7.592663,-26.628694,6.660,0.098,hip2,HIP36934,
56519,,,11.587204,-60.894505,6.660,0.363,hip2,HIP56519,
93097,,,18.965910,77.050981,6.660,0.421,hip2,HIP93097,
61513,,,12.603407,-52.417693,6.660,1.630,hip2,HIP61513,
33891,,,7.035203,-3.754829,6.660,1.570,hip2,HIP33891,
45744,,,9.326091,-11.314996,6.660,0.086,hip2,HIP45744,
79229,,,16.169414,-24.582337,6.660,0.024,hip2,HIP79229,
114844,,,23.262856,28.247905,6.660,0.833,hip2,HIP114844,
24196,,,5.194818,0.514570,6.660,-0.072,hip2,HIP24196,
73608,,,15.045805,-3.031328,6.660,0.201,hip2,HIP73608,
17493,,,3.747352,-48.061118,6.661,1.011,hip2,HIP17493,
27346,,,5.792293,63.598800,6.661,1.010,hip2,HIP27346,
5193,,,1.107369,-35.660623,6.661,0.137,hip2,HIP5193,
63750,,,13.065123,-3.663047,6.661,0.296,hip2,HIP63750,
39353,,,8.043757,-36.401249,6.661,0.257,hip2,HIP39353,
84827,,,17.336878,-70.044887,6.661,0.598,hip2,HIP84827,
117571,,,23.843231,-47.377015,6.661,1.025,hip2,HIP117571,
41640,,,8.490990,-27.332145,6.661,-0.098,hip2,HIP41640,
108378,,,21.956719,66.139076,6.661,1.614,hip2,HIP108378,
103792,,,21.031947,57.071856,6.662,-0.112,hip2,HIP103792,
116228,,,23.549011,46.123684,6.662,1.670,hip2,HIP116228,
1892,,,0.398143,60.961634,6.662,0.380,hip2,HIP1892,
24189,,,5.193290,-37.395305,6.662,1.653,hip2,HIP24189,
30547,,,6.421802,1.501524,6.662,-0.032,hip2,HIP30547,
46704,,,9.521502,27.387300,6.662,0.080,hip2,HIP46704,
79133,,,16.152513,-56.057937,6.662,1.389,hip2,HIP79133,
114327,,,23.154540,65.211414,6.662,-0.040,hip2,HIP114327,
114863,,,23.266063,24.770940,6.662,0.415,hip2,HIP114863,
26077,,,5.561971,32.748958,6.662,1.580,hip2,HIP26077,
74206,,,15.164254,-23.985907,6.662,1.577,hip2,HIP74206,
85149,,,17.400629,38.582696,6.662,0.716,hip2,HIP85149,
86819,,,17.739990,-22.194905,6.662,0.330,hip2,HIP86819,
39730,,,8.121120,-17.368809,6.662,1.246,hip2,HIP39730,
91466,,,18.654966,-34.166282,6.662,0.006,hip2,HIP91466,
101467,,,20.563488,41.772821,6.662,0.994,hip2,HIP101467,
44064,,,8.974274,35.802656,6.663,0.012,hip2,HIP44064,
82706,,,16.905472,-41.819864,6.663,0.150,hip2,HIP82706,
108268,,,21.934284,-52.463666,6.663,0.925,hip2,HIP108268,
28656,,,6.051196,57.018425,6.663,0.953,hip2,HIP28656,
107777,,,21.834024,52.697319,6.663,0.340,hip2,HIP107777,
36745,,,7.557589,-50.584268,6.663,-0.087,hip2,HIP36745,
70518,,,14.424974,-19.969952,6.663,0.136,hip2,HIP70518,
94714,,,19.272887,-75.800052,6.663,0.169,hip2,HIP94714,
115902,,,23.482685,75.225431,6.663,0.011,hip2,HIP115902,
90437,,,18.452462,-8.040431,6.663,1.054,hip2,HIP90437,
48023,,,9.789501,23.647692,6.663,1.093,hip2,HIP48023,
57498,,,11.785512,61.401960,6.663,0.242,hip2,HIP57498,
26870,,,5.704894,2.367186,6.664,-0.032,hip2,HIP26870,
102370,,,20.742522,69.751901,6.664,0.973,hip2,HIP102370,
116539,,,23.618153,-31.871131,6.664,1.253,hip2,HIP116539,
32771,,,6.832693,-45.450259,6.664,1.501,hip2,HIP32771,
51656,,,10.553495,-13.404230,6.664,1.416,hip2,HIP51656,
103189,,,20.906180,40.702957,6.664,-0.081,hip2,HIP103189,
111397,,,22.568117,-32.142097,6.664,-0.071,hip2,HIP111397,
83274,,,17.019342,27.196672,6.664,0.427,hip2,HIP83274,
38216,,,7.829246,-20.207315,6.664,0.579,hip2,HIP38216,
31977,,,6.682656,-71.775093,6.665,1.110,hip2,HIP31977,
101493,,,20.567211,34.679018,6.665,-0.120,hip2,HIP101493,
26925,,,5.714910,18.980389,6.665,-0.015,hip2,HIP26925,
79834,,,16.295380,1.496717,6.665,1.128,hip2,HIP79834,
68752,,,14.072638,-9.257659,6.665,0.029,hip2,HIP68752,
82822,,,16.925706,-21.569498,6.665,0.117,hip2,HIP82822,
52484,,,10.730301,18.313093,6.665,1.310,hip2,HIP52484,
69704,,,14.267335,45.566111,6.665,1.041,hip2,HIP69704,
80051,,,16.340156,52.039044,6.665,0.085,hip2,HIP80051,
65839,,,13.496423,1.095593,6.665,0.284,hip2,HIP65839,
87924,,,17.961368,-39.101747,6.665,0.007,hip2,HIP87924,
,,,20.014456,20.005272,6.665,1.425,tyc2,TYC1625-01943-1,1625-01943-1
32256,,,6.736057,-54.730760,6.665,-0.076,hip2,HIP32256,
42653,,,8.693032,-44.991938,6.665,-0.106,hip2,HIP42653,
59742,,,12.251783,-29.237193,6.665,1.086,hip2,HIP59742,
48630,,,9.916706,-16.193919,6.665,0.807,hip2,HIP48630,
6888,,,1.478754,-33.763890,6.665,0.303,hip2,HIP6888,
71931,,,14.711792,14.708594,6.666,0.366,hip2,HIP71931,
105607,,,21.389719,37.406482,6.666,0.510,hip2,HIP105607,
12346,,,2.649525,62.591567,6.666,-0.015,hip2,HIP12346,
54349,,,11.119003,-32.586917,6.666,0.363,hip2,HIP54349,
96601,,,19.638276,20.783473,6.666,1.037,hip2,HIP96601,
31058,,,6.517528,39.754690,6.666,0.004,hip2,HIP31058,
105214,,,21.312310,-61.352772,6.666,0.666,tyc2,TYC9102-01092-1,9102-01092-1
110896,,,22.467641,44.120549,6.666,1.653,hip2,HIP110896,
24951,,,5.344213,46.963805,6.666,0.582,hip2,HIP24951,
108513,,,21.983234,19.020384,6.666,1.013,hip2,HIP108513,
78991,,,16.123639,-48.422399,6.666,0.147,hip2,HIP78991,
6429,,,1.376338,-0.449644,6.666,1.079,hip2,HIP6429,
22381,,,4.817990,-56.666631,6.666,1.680,hip2,HIP22381,
67232,,,13.776832,-62.909611,6.666,0.194,hip2,HIP67232,
75272,,,15.379219,-29.341907,6.666,1.011,hip2,HIP75272,
77362,,,15.792212,59.568675,6.666,1.394,hip2,HIP77362,
40015,,,8.172277,69.724792,6.666,0.567,hip2,HIP40015,
47521,,,9.687990,55.866575,6.666,1.150,hip2,HIP47521,
30886,,,6.483380,11.019242,6.667,0.293,hip2,HIP30886,
106643,,,21.601413,15.082210,6.667,0.940,hip2,HIP106643,
22319,,,4.807681,2.715139,6.667,0.846,hip2,HIP22319,
40597,,,8.288463,4.219154,6.667,0.631,hip2,HIP40597,
87210,,,17.817302,54.194298,6.667,0.224,hip2,HIP87210,
74537,,,15.230804,-1.351387,6.667,0.742,tyc2,TYC5001-00567-1,5001-00567-1
49052,,,10.009606,-56.946165,6.667,0.979,hip2,HIP49052,
101318,,,20.535847,22.824348,6.667,0.864,hip2,HIP101318,
105548,,,21.376645,2.918533,6.667,0.651,hip2,HIP105548,
54765,,,11.212347,54.894292,6.667,0.098,hip2,HIP54765,
98163,,,19.949362,-57.925547,6.667,1.535,hip2,HIP98163,
21386,,,4.590025,85.527006,6.668,0.529,hip2,HIP21386,
23611,,,5.076922,32.320437,6.668,0.277,hip2,HIP23611,
26166,,,5.578711,5.660866,6.668,-0.137,hip2,HIP26166,
50340,,,10.279425,-20.669646,6.668,0.477,hip2,HIP50340,
113331,,,22.951900,-3.245254,6.668,0.218,hip2,HIP113331,
35642,,,7.354665,-8.877543,6.668,0.532,hip2,HIP35642,
15816,,,3.395724,-32.707093,6.668,1.372,hip2,HIP15816,
103640,,,20.998568,-13.051635,6.668,0.177,hip2,HIP103640,
109349,,,22.152555,2.734067,6.668,0.076,hip2,HIP109349,
83566,,,17.078758,-25.645142,6.668,0.264,hip2,HIP83566,
27164,,,5.758220,31.324869,6.668,1.100,hip2,HIP27164,
84700,,,17.314384,-62.874519,6.668,1.087,hip2,HIP84700,
41303,,,8.427054,-8.956069,6.669,0.956,hip2,HIP41303,
47007,,,9.580760,-12.129123,6.669,0.623,hip2,HIP47007,
47793,,,9.743710,-48.548886,6.669,-0.093,hip2,HIP47793,
52865,,,10.811537,-47.749969,6.669,0.946,hip2,HIP52865,
55958,,,11.467243,11.973128,6.669,1.599,hip2,HIP55958,
64449,,,13.209986,18.751770,6.669,0.859,hip2,HIP64449,
30863,,,6.479740,-0.572407,6.669,0.784,hip2,HIP30863,
49908,,,10.189823,49.455464,6.669,1.326,hip2,HIP49908,
100288,,,20.341078,-29.197216,6.669,0.179,hip2,HIP100288,
96903,,,19.697949,27.382152,6.669,-0.039,hip2,HIP96903,
106143,,,21.499876,-19.147720,6.669,0.413,hip2,HIP106143,
7676,,,1.647220,-25.022214,6.669,-0.078,hip2,HIP7676,
1009,,,0.209468,44.707248,6.669,1.112,hip2,HIP1009,
62600,,,12.827236,48.740048,6.669,1.135,hip2,HIP62600,
23949,,,5.147341,19.859894,6.670,0.903,hip2,HIP23949,
42444,,,8.654145,-12.737457,6.670,0.032,hip2,HIP42444,
58264,,,11.948947,-13.754210,6.670,0.592,hip2,HIP58264,
65855,,,13.499347,6.013388,6.670,0.956,hip2,HIP65855,
99679,,,20.227923,24.238931,6.670,0.304,hip2,HIP99679,
91882,,,18.730970,10.901143,6.670,1.668,hip2,HIP91882,
101206,,,20.514645,49.213229,6.670,0.051,hip2,HIP101206,
114378,,,23.165882,14.426761,6.670,0.607,hip2,HIP114378,
21756,,,4.671589,-58.944335,6.670,0.677,hip2,HIP21756,
49477,,,10.102018,-52.187978,6.670,0.997,hip2,HIP49477,
10884,,,2.334568,30.188174,6.670,1.223,hip2,HIP10884,
56654,,,11.616639,-22.948205,6.670,1.259,hip2,HIP56654,
114998,,,23.291210,-16.172186,6.670,-0.137,hip2,HIP114998,
42997,,,8.763193,-44.248028,6.670,-0.088,hip2,HIP42997,
58830,,,12.066765,-10.296151,6.670,0.315,hip2,HIP58830,
2058,,,0.434357,20.146835,6.670,-0.036,hip2,HIP2058,
8883,,,1.906151,8.781042,6.670,1.681,hip2,HIP8883,
83435,,,17.052929,14.511773,6.671,0.770,hip2,HIP83435,
52795,,,10.793870,-15.261928,6.671,-0.019,hip2,HIP52795,
34497,,,7.147898,33.933917,6.671,1.487,hip2,HIP34497,
31996,,,6.685949,8.984771,6.671,0.645,hip2,HIP31996,
88812,,,18.129883,9.848921,6.671,-0.008,hip2,HIP88812,
18440,,,3.942099,-10.853184,6.672,0.498,hip2,HIP18440,
35113,,,7.260491,45.409541,6.672,1.152,hip2,HIP35113,
106355,,,21.540832,23.394576,6.672,-0.066,hip2,HIP106355,
87382,,,17.853899,40.072439,6.672,0.541,hip2,HIP87382,
94336,,,19.201300,49.853889,6.672,0.621,tyc2,TYC3550-01848-2,3550-01848-2
22196,,,4.774146,42.348389,6.672,0.704,hip2,HIP22196,
62179,,,12.743054,-57.286894,6.672,0.077,hip2,HIP62179,
107112,,,21.696173,-25.101528,6.672,1.185,hip2,HIP107112,
25886,,,5.526591,14.928916,6.672,-0.061,hip2,HIP25886,
23910,,,5.137427,-35.718286,6.672,1.087,hip2,HIP23910,
96739,,,19.665415,-39.432775,6.672,0.247,hip2,HIP96739,
114139,,,23.116097,-30.048141,6.672,0.435,hip2,HIP114139,
95055,,,19.340842,-1.309884,6.673,0.438,hip2,HIP95055,
96399,,,19.599225,-53.007964,6.673,1.395,hip2,HIP96399,
52913,,,10.821473,-4.023926,6.673,0.211,hip2,HIP52913,
95385,,,19.403543,-62.998246,6.673,0.455,hip2,HIP95385,
108471,,,21.974254,14.022332,6.673,1.378,hip2,HIP108471,
98500,,,20.011155,-49.608675,6.673,1.386,hip2,HIP98500,
118133,,,23.962833,11.474401,6.673,0.040,hip2,HIP118133,
105815,,,21.430151,-23.822060,6.673,1.019,hip2,HIP105815,
5531,,,1.180655,67.780038,6.674,0.553,hip2,HIP5531,
114377,,,23.165474,67.242031,6.674,0.021,hip2,HIP114377,
18413,,,3.936625,59.641500,6.674,0.698,hip2,HIP18413,
53005,,,10.843502,23.406243,6.674,0.333,hip2,HIP53005,
28086,,,5.937350,51.804007,6.674,0.159,hip2,HIP28086,
34688,,,7.184183,-3.897995,6.674,1.158,hip2,HIP34688,
72524,,,14.828157,48.720999,6.674,0.424,tyc2,TYC3477-01327-1,3477-01327-1
88841,,,18.135344,2.218671,6.674,0.178,hip2,HIP88841,
41603,,,8.481508,-20.950361,6.674,-0.066,hip2,HIP41603,
84238,,,17.219285,-37.952369,6.674,0.338,hip2,HIP84238,
19331,,,4.142727,-45.864857,6.675,0.386,hip2,HIP19331,
21517,,,4.620772,18.543048,6.675,0.810,hip2,HIP21517,
9981,,,2.142164,-6.678016,6.675,0.879,hip2,HIP9981,
96310,,,19.582248,33.795473,6.675,1.567,hip2,HIP96310,
78333,,,15.994806,-7.302034,6.675,0.093,hip2,HIP78333,
56904,,,11.664910,-50.486006,6.675,0.008,hip2,HIP56904,
53106,,,10.864803,-49.157441,6.676,0.513,hip2,HIP53106,
91338,,,18.630125,5.883469,6.676,-0.026,hip2,HIP91338,
13843,,,2.970151,-12.005796,6.676,1.031,hip2,HIP13843,
20372,,,4.362686,-37.781740,6.676,1.388,hip2,HIP20372,
30493,,,6.409427,-1.418203,6.676,-0.098,hip2,HIP30493,
111058,,,22.498185,52.416558,6.676,0.996,hip2,HIP111058,
32296,,,6.741750,82.115465,6.676,0.182,hip2,HIP32296,
92620,,,18.871841,14.535558,6.676,1.050,hip2,HIP92620,
112428,,,22.772515,46.215134,6.676,1.510,hip2,HIP112428,
6527,,,1.397451,17.818444,6.676,0.403,hip2,HIP6527,
24971,,,5.348118,9.724567,6.676,0.155,hip2,HIP24971,
71520,,,14.626821,-43.111314,6.676,0.958,hip2,HIP71520,
50641,,,10.342837,-31.813786,6.676,0.505,hip2,HIP50641,
108220,,,21.924290,-70.115280,6.677,0.051,hip2,HIP108220,
13040,,,2.792717,-35.550536,6.677,0.962,hip2,HIP13040,
30088,,,6.332604,-13.993028,6.677,-0.026,hip2,HIP30088,
87522,,,17.881084,-56.154758,6.677,1.146,hip2,HIP87522,
27896,,,5.902980,-50.363884,6.677,0.891,hip2,HIP27896,
58232,,,11.943779,65.242952,6.677,1.006,hip2,HIP58232,
100390,,,20.358901,22.848885,6.677,1.518,hip2,HIP100390,
103108,,,20.890662,42.410212,6.677,-0.017,hip2,HIP103108,
28595,,,6.035796,-5.136930,6.677,1.572,hip2,HIP28595,
101725,,,20.619728,-65.033251,6.677,-0.068,hip2,HIP101725,
92393,,,18.828464,15.934562,6.678,-0.029,hip2,HIP92393,
28523,,,6.020861,65.525545,6.678,0.224,hip2,HIP28523,
60259,,,12.355873,-62.281632,6.678,0.790,hip2,HIP60259,
5694,,,1.221161,34.098415,6.678,-0.144,hip2,HIP5694,
87892,,,17.953672,-55.381189,6.678,0.815,hip2,HIP87892,
24256,,,5.207137,-81.541854,6.678,1.107,hip2,HIP24256,
99623,,,20.217546,11.851002,6.678,1.192,hip2,HIP99623,
12599,,,2.700030,10.544876,6.678,1.264,hip2,HIP12599,
56120,,,11.503573,54.362333,6.678,0.937,hip2,HIP56120,
33179,,,6.905918,21.161464,6.678,1.400,hip2,HIP33179,
9362,,,2.004676,-55.012806,6.678,0.970,hip2,HIP9362,
61908,,,12.687151,-27.908183,6.678,1.603,hip2,HIP61908,
65178,,,13.357203,-43.634285,6.678,-0.024,hip2,HIP65178,
21749,,,4.669740,40.789064,6.678,0.425,hip2,HIP21749,
87642,,,17.902100,-11.337532,6.679,1.193,hip2,HIP87642,
3497,,,0.744179,-65.647718,6.679,0.655,hip2,HIP3497,
26212,,,5.586888,9.613270,6.679,-0.133,hip2,HIP26212,
80606,,,16.458214,-69.325975,6.679,-0.019,hip2,HIP80606,
87024,,,17.781440,36.087544,6.679,1.470,hip2,HIP87024,
16389,,,3.517775,-0.481148,6.679,0.119,hip2,HIP16389,
115360,,,23.366198,26.609105,6.679,0.400,hip2,HIP115360,
30276,,,6.368374,-15.663318,6.680,1.150,hip2,HIP30276,
64654,,,13.252844,18.918882,6.680,1.470,hip2,HIP64654,
96622,,,19.645378,-10.156583,6.680,0.342,hip2,HIP96622,
48735,,,9.940631,54.243793,6.680,1.600,hip2,HIP48735,
30757,,,6.462940,20.789619,6.680,1.246,hip2,HIP30757,
1030,,,0.213957,37.693663,6.680,-0.116,hip2,HIP1030,
16570,,,3.555798,47.950142,6.680,0.327,hip2,HIP16570,
26182,,,5.581658,-4.110417,6.680,-0.139,hip2,HIP26182,
83230,,,17.008990,-45.451751,6.680,1.810,hip2,HIP83230,
40699,,,8.308017,54.563886,6.680,0.272,hip2,HIP40699,
36631,,,7.533125,12.661398,6.680,1.000,hip2,HIP36631,
34929,,,7.227746,-53.667818,6.681,-0.088,hip2,HIP34929,
55149,,,11.290990,-59.105412,6.681,-0.010,hip2,HIP55149,
36922,,,7.590345,7.579970,6.681,0.046,hip2,HIP36922,
85979,,,17.572776,13.161027,6.681,0.950,hip2,HIP85979,
115550,,,23.405809,86.417745,6.681,0.550,hip2,HIP115550,
57320,,,11.753183,14.263326,6.681,1.165,hip2,HIP57320,
74385,,,15.201128,22.313498,6.681,1.620,hip2,HIP74385,
105237,,,21.316674,39.749323,6.681,-0.028,hip2,HIP105237,
54684,,,11.194557,-60.310799,6.681,-0.025,hip2,HIP54684,
37608,,,7.716374,-17.061677,6.681,0.813,hip2,HIP37608,
76602,,,15.644430,-8.794656,6.681,0.520,hip2,HIP76602,
118090,,,23.955422,61.026210,6.681,1.640,hip2,HIP118090,
42922,,,8.747479,-44.542924,6.682,0.567,hip2,HIP42922,
105476,,,21.363637,-29.166018,6.682,1.370,hip2,HIP105476,
98099,,,19.936273,-38.326492,6.682,1.705,hip2,HIP98099,
61564,,,12.614597,70.184741,6.682,1.408,hip2,HIP61564,
67596,,,13.851253,34.772536,6.682,0.116,hip2,HIP67596,
109378,,,22.158282,-7.547561,6.682,0.773,hip2,HIP109378,
36287,,,7.469838,-58.072883,6.682,0.936,hip2,HIP36287,
18911,,,4.052939,8.882629,6.683,1.064,hip2,HIP18911,
58765,,,12.051858,-48.194936,6.683,0.240,hip2,HIP58765,
80538,,,16.442245,47.957303,6.683,1.065,hip2,HIP80538,
38140,,,7.816387,4.333704,6.683,0.786,hip2,HIP38140,
86101,,,17.596516,19.843821,6.683,0.960,hip2,HIP86101,
7911,,,1.694782,-50.038600,6.683,0.127,hip2,HIP7911,
60891,,,12.479050,25.899362,6.683,0.212,hip2,HIP60891,
91406,,,18.642111,-48.720705,6.683,1.407,hip2,HIP91406,
9569,,,2.049324,11.018760,6.683,1.297,hip2,HIP9569,
50305,,,10.271125,17.740340,6.683,0.300,hip2,HIP50305,
93368,,,19.017569,-37.060854,6.683,0.004,hip2,HIP93368,
68021,,,13.929021,-31.284992,6.683,0.894,hip2,HIP68021,
29900,,,6.295620,-19.188708,6.684,-0.121,hip2,HIP29900,
107995,,,21.879683,73.702216,6.684,0.108,hip2,HIP107995,
42613,,,8.684643,-66.816333,6.684,-0.088,hip2,HIP42613,
27634,,,5.850306,65.754059,6.684,0.822,hip2,HIP27634,
,,,14.214924,-41.642867,6.684,1.517,tyc2,TYC7812-02670-1,7812-02670-1
79578,,,16.236663,-31.663037,6.684,0.646,hip2,HIP79578,
87386,,,17.857155,-53.838600,6.684,0.271,hip2,HIP87386,
112449,,,22.778788,-46.939479,6.684,0.314,hip2,HIP112449,
52401,,,10.710424,3.583025,6.684,0.507,hip2,HIP52401,
64828,,,13.289449,-11.483547,6.684,0.264,hip2,HIP64828,
99367,,,20.168841,8.443821,6.684,0.524,hip2,HIP99367,
40916,,,8.350134,-52.228017,6.684,0.147,hip2,HIP40916,
46558,,,9.494583,-26.594160,6.684,0.923,hip2,HIP46558,
36729,,,7.553701,-43.086136,6.685,0.918,hip2,HIP36729,
90780,,,18.520809,65.435854,6.685,0.341,hip2,HIP90780,
61579,,,12.618792,8.796860,6.685,0.250,hip2,HIP61579,
32146,,,6.713191,-4.140883,6.685,0.501,hip2,HIP32146,
75928,,,15.507739,36.804469,6.685,1.150,hip2,HIP75928,
48371,,,9.860786,-46.512304,6.685,-0.083,hip2,HIP48371,
33722,,,7.005810,67.330662,6.685,0.909,hip2,HIP33722,
69825,,,14.290422,-55.765147,6.685,0.201,hip2,HIP69825,
37880,,,7.764405,-24.256069,6.685,-0.149,hip2,HIP37880,
81085,,,16.561624,38.090861,6.685,0.442,hip2,HIP81085,
80042,,,16.338394,36.975639,6.685,1.527,hip2,HIP80042,
94040,,,19.145613,-18.952791,6.686,1.581,hip2,HIP94040,
17930,,,3.834282,37.874000,6.686,0.275,hip2,HIP17930,
12435,,,2.667356,-30.633532,6.686,1.039,hip2,HIP12435,
5233,,,1.115275,70.931429,6.686,0.164,hip2,HIP5233,
112803,,,22.844195,19.141214,6.686,1.104,hip2,HIP112803,
44512,,,9.069408,27.898310,6.686,0.022,hip2,HIP44512,
111718,,,22.629930,-39.857119,6.686,0.539,hip2,HIP111718,
42072,,,8.574935,47.139620,6.686,0.003,hip2,HIP42072,
48172,,,9.819149,-43.482866,6.686,1.293,hip2,HIP48172,
108039,,,21.888840,53.997210,6.686,0.390,hip2,HIP108039,
55209,,,11.305843,11.984623,6.686,0.059,hip2,HIP55209,
90187,,,18.403040,42.466952,6.686,0.097,hip2,HIP90187,
49546,,,10.116642,-71.477973,6.686,0.480,hip2,HIP49546,
108650,,,22.010907,62.487802,6.686,0.014,hip2,HIP108650,
9452,,,2.025955,23.395458,6.687,0.339,hip2,HIP9452,
72819,,,14.884367,78.176666,6.687,1.200,hip2,HIP72819,
4789,,,1.025044,69.358528,6.687,0.019,hip2,HIP4789,
69754,,,14.276203,-59.913675,6.687,1.682,hip2,HIP69754,
98377,,,19.986681,11.305565,6.687,1.078,hip2,HIP98377,
22093,,,4.754046,79.656897,6.687,0.016,hip2,HIP22093,
43513,,,8.862658,-55.808869,6.687,-0.043,hip2,HIP43513,
45306,,,9.234236,71.655925,6.687,0.962,hip2,HIP45306,
51472,,,10.513688,-86.090678,6.687,0.119,hip2,HIP51472,
87810,,,17.937799,-32.474989,6.688,0.422,hip2,HIP87810,
59433,,,12.191251,-44.282758,6.688,0.467,hip2,HIP59433,
110434,,,22.368112,15.651491,6.688,-0.019,hip2,HIP110434,
55549,,,11.378275,40.175466,6.688,0.483,hip2,HIP55549,
95905,,,19.504119,-32.091310,6.688,0.394,hip2,HIP95905,
3025,,,0.642176,-20.296598,6.688,-0.129,hip2,HIP3025,
7939,,,1.700806,61.038251,6.688,-0.026,hip2,HIP7939,
9049,,,1.942950,-32.138347,6.688,0.987,hip2,HIP9049,
17988,,,3.844985,1.563947,6.688,0.398,hip2,HIP17988,
40777,,,8.322851,-20.164279,6.688,0.028,hip2,HIP40777,
46155,,,9.412609,19.786901,6.688,0.933,hip2,HIP46155,
99216,,,20.141441,-15.031658,6.688,1.169,hip2,HIP99216,
1057,,,0.219309,16.921652,6.688,1.050,hip2,HIP1057,
18950,,,4.060944,-47.861919,6.688,0.214,hip2,HIP18950,
64556,,,13.232666,1.456557,6.688,1.383,hip2,HIP64556,
48917,,,9.979014,50.125198,6.689,-0.059,hip2,HIP48917,
25493,,,5.452306,3.855549,6.689,-0.154,hip2,HIP25493,
33669,,,6.994871,-33.475754,6.689,0.203,hip2,HIP33669,
60374,,,12.379608,-52.293012,6.689,1.010,hip2,HIP60374,
95931,,,19.509576,56.136182,6.689,0.015,hip2,HIP95931,
19,,,0.003554,38.304086,6.689,0.955,hip2,HIP19,
21135,,,4.530678,5.764496,6.689,0.006,hip2,HIP21135,
30588,,,6.428537,21.645055,6.689,0.930,hip2,HIP30588,
82038,,,16.758383,-19.136928,6.689,1.876,hip2,HIP82038,
30387,,,6.389665,-4.687468,6.689,0.063,hip2,HIP30387,
73383,,,14.995887,-43.811022,6.689,0.480,hip2,HIP73383,
70844,,,14.487512,44.262121,6.689,1.016,hip2,HIP70844,
71997,,,14.723841,-9.699668,6.689,1.023,hip2,HIP71997,
114842,,,23.262397,-29.847495,6.689,1.064,hip2,HIP114842,
9188,,,1.971804,59.626002,6.689,0.080,hip2,HIP9188,
37037,,,7.611460,-14.443620,6.689,-0.050,hip2,HIP37037,
64522,,,13.224518,67.287934,6.689,1.146,hip2,HIP64522,
9171,,,1.967723,31.134492,6.690,1.252,hip2,HIP9171,
20357,,,4.359648,14.409836,6.690,0.412,hip2,HIP20357,
94823,,,19.294429,-15.967092,6.690,0.242,hip2,HIP94823,
96252,,,19.571717,41.927239,6.690,-0.008,hip2,HIP96252,
115691,,,23.439153,61.086853,6.690,0.336,hip2,HIP115691,
58275,,,11.951396,-52.100251,6.690,1.072,hip2,HIP58275,
61283,,,12.558298,38.069070,6.690,1.044,hip2,HIP61283,
81731,,,16.693764,-27.809583,6.690,1.119,hip2,HIP81731,
30880,,,6.482314,26.967645,6.691,0.554,hip2,HIP30880,
27829,,,5.888618,20.299131,6.691,-0.057,hip2,HIP27829,
84106,,,17.194403,45.324465,6.691,1.588,hip2,HIP84106,
20916,,,4.483255,16.159154,6.691,0.536,hip2,HIP20916,
69067,,,14.137743,24.315041,6.691,1.499,hip2,HIP69067,
97489,,,19.814815,11.685105,6.691,0.912,hip2,HIP97489,
22520,,,4.845941,1.147818,6.691,0.073,hip2,HIP22520,
36690,,,7.547400,22.887644,6.691,0.998,hip2,HIP36690,
99749,,,20.239315,42.104345,6.691,-0.038,hip2,HIP99749,
22570,,,4.857508,-51.725588,6.692,0.730,hip2,HIP22570,
43251,,,8.810985,12.546940,6.692,1.642,hip2,HIP43251,
14047,,,3.014859,52.352092,6.692,0.019,hip2,HIP14047,
39084,,,7.996092,-47.303547,6.692,-0.085,hip2,HIP39084,
46890,,,9.554912,-21.392011,6.692,0.012,hip2,HIP46890,
82076,,,16.764905,-83.239824,6.692,1.571,hip2,HIP82076,
4411,,,0.941857,42.978810,6.692,1.028,hip2,HIP4411,
28447,,,6.006744,16.298979,6.692,1.540,hip2,HIP28447,
37271,,,7.653464,53.900791,6.692,0.087,hip2,HIP37271,
60089,,,12.322291,14.541757,6.692,1.119,hip2,HIP60089,
66005,,,13.532730,-65.321819,6.692,0.290,hip2,HIP66005,
30518,,,6.414654,29.707094,6.693,-0.055,hip2,HIP30518,
21837,,,4.695010,-12.475822,6.693,0.127,hip2,HIP21837,
73637,,,15.051842,44.644429,6.693,0.449,hip2,HIP73637,
50149,,,10.237140,-39.103682,6.693,0.961,hip2,HIP50149,
82867,,,16.935122,50.038905,6.693,1.633,hip2,HIP82867,
80527,,,16.439225,2.507799,6.694,0.091,hip2,HIP80527,
116427,,,23.592006,32.197862,6.694,0.926,hip2,HIP116427,
93603,,,19.061799,21.268352,6.694,0.323,hip2,HIP93603,
81639,,,16.677180,-35.687159,6.694,0.173,hip2,HIP81639,
88356,,,18.042965,30.555289,6.694,0.450,hip2,HIP88356,
13536,,,2.905517,-55.879360,6.694,0.374,hip2,HIP13536,
23614,,,5.077208,27.696123,6.694,0.238,hip2,HIP23614,
60123,,,12.330731,28.464375,6.694,0.183,hip2,HIP60123,
,,,18.835194,33.351848,6.694,-0.031,tyc2,TYC2642-02930-1,2642-02930-1
6099,,,1.305187,67.816439,6.694,0.020,hip2,HIP6099,
44437,,,9.054059,6.815945,6.694,1.040,hip2,HIP44437,
112950,,,22.875797,3.552238,6.694,0.171,hip2,HIP112950,
10031,,,2.152137,71.552589,6.694,0.551,hip2,HIP10031,
7439,,,1.597354,33.835654,6.694,0.990,hip2,HIP7439,
30025,,,6.318409,12.746742,6.694,-0.120,hip2,HIP30025,
38784,,,7.938575,80.265325,6.695,0.719,hip2,HIP38784,
104204,,,21.111530,-20.180223,6.695,1.280,hip2,HIP104204,
110412,,,22.364675,40.666424,6.695,1.300,hip2,HIP110412,
10963,,,2.353824,-19.915347,6.695,0.979,hip2,HIP10963,
9924,,,2.129438,18.029414,6.695,0.220,hip2,HIP9924,
10657,,,2.286239,23.767931,6.695,1.025,hip2,HIP10657,
43746,,,8.910625,-11.377460,6.695,1.657,hip2,HIP43746,
107336,,,21.739966,-4.730885,6.695,0.068,hip2,HIP107336,
1464,,,0.304708,-21.138456,6.695,-0.008,hip2,HIP1464,
19986,,,4.286752,50.865825,6.695,1.720,hip2,HIP19986,
63203,,,12.949457,67.242834,6.695,1.408,hip2,HIP63203,
39355,,,8.044710,-49.950578,6.695,0.374,hip2,HIP39355,
86939,,,17.764922,38.881465,6.695,0.993,hip2,HIP86939,
10805,,,2.317904,57.135502,6.695,0.464,hip2,HIP10805,
45758,,,9.330889,5.216084,6.695,0.259,hip2,HIP45758,
60313,,,12.367251,16.744798,6.695,0.061,hip2,HIP60313,
34589,,,7.164497,-16.234727,6.696,0.312,hip2,HIP34589,
69628,,,14.250447,-61.706768,6.696,0.233,hip2,HIP69628,
17448,,,3.738648,32.288250,6.696,0.118,tyc2,TYC2359-01258-2,2359-01258-2
31147,,,6.535317,6.035653,6.696,-0.040,hip2,HIP31147,
75161,,,15.359528,-44.938172,6.696,0.009,hip2,HIP75161,
109822,,,22.243951,-15.817665,6.696,0.890,hip2,HIP109822,
966,,,0.198924,-42.172035,6.696,1.041,hip2,HIP966,
98510,,,20.012446,36.589735,6.696,-0.077,hip2,HIP98510,
45980,,,9.376841,-39.775421,6.696,1.125,hip2,HIP45980,
75482,,,15.419775,-47.217425,6.696,1.520,hip2,HIP75482,
92352,,,18.822408,43.734290,6.696,0.810,hip2,HIP92352,
115930,,,23.488033,-54.501440,6.696,1.072,hip2,HIP115930,
13567,,,2.913097,-0.048319,6.697,1.044,hip2,HIP13567,
73500,,,15.022951,-71.490762,6.697,-0.078,hip2,HIP73500,
17631,,,3.778018,32.290208,6.697,0.036,hip2,HIP17631,
75288,,,15.382513,-26.688776,6.697,1.118,hip2,HIP75288,
48975,,,9.990616,-44.955438,6.697,-0.059,hip2,HIP48975,
42342,,,8.632246,-74.573894,6.697,0.265,hip2,HIP42342,
103641,,,20.998639,40.258311,6.697,0.584,hip2,HIP103641,
15135,,,3.252100,73.868218,6.697,1.465,hip2,HIP15135,
19504,,,4.178413,18.423329,6.697,0.427,hip2,HIP19504,
105312,,,21.329446,-26.352011,6.697,0.737,hip2,HIP105312,
74893,,,15.305609,26.840196,6.697,0.566,hip2,HIP74893,
48830,,,9.961019,-16.522060,6.698,0.314,hip2,HIP48830,
108814,,,22.044026,15.986536,6.698,-0.047,hip2,HIP108814,
1146,,,0.239113,-62.771979,6.698,1.697,hip2,HIP1146,
67674,,,13.864394,10.135979,6.698,1.512,hip2,HIP67674,
98213,,,19.958063,38.458247,6.698,0.025,hip2,HIP98213,
116851,,,23.685272,-24.160453,6.698,1.592,hip2,HIP116851,
67408,,,13.815401,-35.703737,6.698,0.561,hip2,HIP67408,
107820,,,21.843171,-8.982451,6.698,1.281,hip2,HIP107820,
1063,,,0.220178,62.040924,6.698,0.226,hip2,HIP1063,
100145,,,20.314075,26.991275,6.698,1.653,hip2,HIP100145,
46396,,,9.460673,-35.007360,6.698,0.207,hip2,HIP46396,
92779,,,18.906089,10.808313,6.698,1.311,hip2,HIP92779,
99465,,,20.187719,-43.662283,6.699,0.860,hip2,HIP99465,
111610,,,22.610822,-48.306047,6.699,1.552,hip2,HIP111610,
56194,,,11.519522,48.789636,6.699,0.937,hip2,HIP56194,
81653,,,16.679833,-72.299677,6.699,0.800,hip2,HIP81653,
104469,,,21.162235,-44.209810,6.699,1.145,hip2,HIP104469,
61486,,,12.597991,-12.069191,6.699,0.360,hip2,HIP61486,
92219,,,18.794477,49.074829,6.699,0.057,hip2,HIP92219,
108232,,,21.926153,-70.068224,6.699,0.262,hip2,HIP108232,
111355,,,22.559613,40.819015,6.699,1.238,hip2,HIP111355,
8347,,,1.794116,-20.845062,6.699,1.389,hip2,HIP8347,
70800,,,14.479450,25.853911,6.699,1.551,hip2,HIP70800,
75884,,,15.499551,-52.302813,6.699,-0.023,hip2,HIP75884,
116102,,,23.525033,28.666201,6.699,0.985,hip2,HIP116102,
29581,,,6.233473,33.244296,6.700,1.661,hip2,HIP29581,
47301,,,9.639424,-64.402496,6.700,-0.007,hip2,HIP47301,
91647,,,18.689181,-50.472550,6.700,0.877,hip2,HIP91647,
56379,,,11.557085,-70.194789,6.700,0.009,hip2,HIP56379,
87069,,,17.792187,18.889351,6.700,0.080,hip2,HIP87069,
83173,,,16.998532,-73.422456,6.700,-0.069,hip2,HIP83173,
52120,,,10.648472,16.127477,6.700,0.407,hip2,HIP52120,
77606,,,15.843030,-26.289554,6.700,1.507,hip2,HIP77606,
103213,,,20.911089,46.231191,6.700,0.067,hip2,HIP103213,
103728,,,21.018981,-13.530005,6.700,0.852,hip2,HIP103728,
36858,,,7.577729,80.896690,6.701,0.965,hip2,HIP36858,
49413,,,10.086865,-42.172294,6.701,1.055,hip2,HIP49413,
77354,,,15.790789,1.546039,6.701,1.163,hip2,HIP77354,
96644,,,19.648948,-28.607207,6.701,-0.073,hip2,HIP96644,
2553,,,0.540774,43.494817,6.701,-0.006,hip2,HIP2553,
91135,,,18.589913,-19.268506,6.701,1.770,hip2,HIP91135,
37261,,,7.651974,-18.678404,6.701,-0.073,hip2,HIP37261,
87485,,,17.875329,16.900596,6.701,0.440,hip2,HIP87485,
22754,,,4.894364,61.481828,6.701,0.203,hip2,HIP22754,
40581,,,8.286002,-3.363697,6.702,-0.061,hip2,HIP40581,
108484,,,21.976375,-44.062489,6.702,0.897,hip2,HIP108484,
109591,,,22.200497,47.095619,6.702,-0.024,hip2,HIP109591,
56558,,,11.595939,-72.842061,6.702,1.161,hip2,HIP56558,
58331,,,11.962602,-8.548766,6.702,0.568,hip2,HIP58331,
69207,,,14.169120,68.863393,6.702,1.240,hip2,HIP69207,
31006,,,6.507018,41.401722,6.702,-0.012,hip2,HIP31006,
37372,,,7.672086,-78.387571,6.702,0.186,hip2,HIP37372,
94156,,,19.165653,35.661008,6.702,1.311,hip2,HIP94156,
107339,,,21.740396,46.862773,6.702,0.413,hip2,HIP107339,
89601,,,18.284680,1.005801,6.702,0.312,hip2,HIP89601,
4207,,,0.894799,-4.525580,6.702,0.991,hip2,HIP4207,
35830,,,7.388778,-36.340167,6.703,-0.131,hip2,HIP35830,
40386,,,8.245196,-73.807280,6.703,0.212,hip2,HIP40386,
92879,,,18.925101,14.385019,6.703,0.353,hip2,HIP92879,
116687,,,23.646975,62.134969,6.703,0.517,hip2,HIP116687,
23964,,,5.151223,49.121893,6.703,0.190,hip2,HIP23964,
71466,,,14.615527,42.831300,6.703,0.505,hip2,HIP71466,
87675,,,17.907871,3.732197,6.703,1.453,hip2,HIP87675,
88152,,,18.004492,-47.553773,6.703,-0.017,hip2,HIP88152,
24009,,,5.161172,62.479831,6.704,0.250,hip2,HIP24009,
14107,,,3.031446,38.878226,6.704,0.237,hip2,HIP14107,
107775,,,21.833871,-47.725111,6.704,1.007,hip2,HIP107775,
96985,,,19.713448,22.851677,6.704,1.057,hip2,HIP96985,
104653,,,21.199118,30.619080,6.704,0.951,hip2,HIP104653,
6560,,,1.405188,43.142119,6.704,0.035,hip2,HIP6560,
59811,,,12.265444,-54.056786,6.704,1.645,hip2,HIP59811,
94351,,,19.204363,47.374993,6.704,1.024,hip2,HIP94351,
95995,,,19.518882,58.586013,6.704,0.842,tyc2,TYC3933-00756-1,3933-00756-1
25343,,,5.420262,34.855155,6.704,1.101,hip2,HIP25343,
60338,,,12.371798,-15.555352,6.704,1.238,hip2,HIP60338,
50097,,,10.228842,50.496525,6.704,0.257,hip2,HIP50097,
57960,,,11.888002,-36.577263,6.704,0.333,hip2,HIP57960,
43557,,,8.871195,8.063493,6.704,0.640,hip2,HIP43557,
84748,,,17.323508,-44.222999,6.705,0.211,hip2,HIP84748,
113387,,,22.963367,73.133574,6.705,1.067,hip2,HIP113387,
45152,,,9.198962,50.439909,6.705,0.033,hip2,HIP45152,
55389,,,11.342029,-10.294552,6.705,1.084,hip2,HIP55389,
35468,,,7.321782,-17.524879,6.705,-0.018,hip2,HIP35468,
64876,,,13.298737,-68.495644,6.705,0.058,hip2,HIP64876,
84340,,,17.242628,26.051985,6.705,1.373,hip2,HIP84340,
1439,,,0.298975,12.771513,6.705,0.970,hip2,HIP1439,
50970,,,10.411013,-54.321944,6.705,1.510,hip2,HIP50970,
105133,,,21.297934,-48.718054,6.705,1.171,hip2,HIP105133,
109477,,,22.178426,-75.881351,6.705,1.182,hip2,HIP109477,
24532,,,5.263073,-34.926753,6.705,0.153,hip2,HIP24532,
52293,,,10.685122,-64.474407,6.706,-0.049,hip2,HIP52293,
13537,,,2.905776,-64.435569,6.706,1.396,hip2,HIP13537,
38972,,,7.975092,2.935876,6.706,0.157,hip2,HIP38972,
12754,,,2.732097,-7.912328,6.706,1.160,hip2,HIP12754,
74432,,,15.212078,19.286048,6.706,0.668,tyc2,TYC1489-01252-1,1489-01252-1
89382,,,18.240034,-70.751176,6.706,-0.025,hip2,HIP89382,
14709,,,3.167573,-63.913634,6.706,0.143,hip2,HIP14709,
90179,,,18.402374,79.222544,6.706,1.092,hip2,HIP90179,
102506,,,20.774183,-50.805491,6.706,1.162,hip2,HIP102506,
27015,,,5.730267,85.668328,6.706,0.020,hip2,HIP27015,
27380,,,5.798978,35.159280,6.706,0.742,hip2,HIP27380,
6010,,,1.287948,39.480549,6.707,0.023,hip2,HIP6010,
94521,,,19.237776,-8.719028,6.707,0.977,hip2,HIP94521,
14286,,,3.069344,61.705827,6.707,0.638,tyc2,TYC4048-00237-1,4048-00237-1
104313,,,21.131622,-48.940015,6.707,-0.015,hip2,HIP104313,
48643,,,9.918341,-57.382947,6.707,-0.119,hip2,HIP48643,
54075,,,11.065070,-19.649964,6.707,0.206,hip2,HIP54075,
6371,,,1.364428,50.121988,6.707,1.104,hip2,HIP6371,
27835,,,5.889680,-42.921357,6.707,1.370,hip2,HIP27835,
90170,,,18.399985,43.907743,6.707,1.682,hip2,HIP90170,
39433,,,8.061098,36.344904,6.707,1.434,hip2,HIP39433,
27369,,,5.796708,-72.702310,6.707,1.073,hip2,HIP27369,
13684,,,2.937762,29.164122,6.708,0.937,hip2,HIP13684,
89242,,,18.211210,2.812812,6.708,0.072,hip2,HIP89242,
90676,,,18.501422,4.065367,6.708,0.110,hip2,HIP90676,
92442,,,18.838898,-7.907608,6.708,2.995,hip2,HIP92442,
93502,,,19.042817,-10.721745,6.708,0.205,hip2,HIP93502,
111398,,,22.568507,-9.608476,6.708,1.195,hip2,HIP111398,
860,,,0.176292,59.673414,6.708,-0.017,hip2,HIP860,
9470,,,2.030668,15.067081,6.708,1.150,hip2,HIP9470,
87853,,,17.947230,-32.688871,6.708,0.070,hip2,HIP87853,
55642,,,11.398739,10.529534,6.708,0.779,tyc2,TYC0858-01221-2,0858-01221-2
72930,,,14.905763,-28.348187,6.708,1.091,hip2,HIP72930,
46526,,,9.489587,-43.190223,6.708,0.479,hip2,HIP46526,
15660,,,3.361641,-20.324615,6.708,0.027,hip2,HIP15660,
19201,,,4.115507,33.446385,6.708,-0.009,hip2,HIP19201,
27897,,,5.903317,-64.482400,6.708,0.383,hip2,HIP27897,
93705,,,19.081279,19.144235,6.709,1.430,hip2,HIP93705,
103510,,,20.970981,30.395883,6.709,1.032,hip2,HIP103510,
91732,,,18.706257,-47.760891,6.709,0.466,hip2,HIP91732,
42133,,,8.588741,19.590094,6.709,0.681,hip2,HIP42133,
52059,,,10.638216,-65.041964,6.709,-0.075,hip2,HIP52059,
77730,,,15.870326,-45.284373,6.709,0.887,hip2,HIP77730,
92891,,,18.926584,42.060176,6.709,1.294,hip2,HIP92891,
54087,,,11.067477,-54.197762,6.709,1.110,hip2,HIP54087,
58661,,,12.028972,22.094328,6.709,0.661,hip2,HIP58661,
60291,,,12.362958,-49.948974,6.709,1.467,hip2,HIP60291,
61444,,,12.591629,-61.740759,6.709,0.475,hip2,HIP61444,
110323,,,22.345090,14.032351,6.709,0.934,hip2,HIP110323,
55302,,,11.325509,32.825073,6.709,1.035,hip2,HIP55302,
40478,,,8.264685,-46.312398,6.710,0.176,hip2,HIP40478,
11930,,,2.566210,71.294415,6.710,1.245,hip2,HIP11930,
55254,,,11.316630,14.268935,6.710,0.586,hip2,HIP55254,
109281,,,22.138559,24.156975,6.710,0.842,hip2,HIP109281,
5942,,,1.274383,23.589481,6.710,0.046,hip2,HIP5942,
81991,,,16.750031,6.088786,6.710,0.890,hip2,HIP81991,
106955,,,21.661797,-42.445595,6.710,0.273,hip2,HIP106955,
51294,,,10.478454,-43.838398,6.710,0.068,hip2,HIP51294,
75842,,,15.492472,-58.351344,6.710,0.000,hip2,HIP75842,
94377,,,19.209570,16.846448,6.710,-0.010,hip2,HIP94377,
5551,,,1.186273,46.183914,6.710,1.600,hip2,HIP5551,
1725,,,0.361790,67.823025,6.711,0.981,hip2,HIP1725,
69591,,,14.244352,-65.701374,6.711,-0.024,hip2,HIP69591,
19666,,,4.213345,-23.821169,6.711,1.644,hip2,HIP19666,
59984,,,12.302661,-3.948831,6.711,0.363,hip2,HIP59984,
103635,,,20.997449,16.824365,6.711,0.376,hip2,HIP103635,
71192,,,14.559852,65.395316,6.711,0.504,hip2,HIP71192,
13765,,,2.952872,0.447805,6.711,0.320,hip2,HIP13765,
50874,,,10.388232,-13.377049,6.711,0.510,hip2,HIP50874,
3266,,,0.692909,-25.196458,6.711,1.244,hip2,HIP3266,
32106,,,6.707105,-67.843190,6.711,-0.039,hip2,HIP32106,
11138,,,2.388926,52.083134,6.712,0.216,hip2,HIP11138,
48641,,,9.918254,-69.189050,6.712,-0.070,hip2,HIP48641,
117770,,,23.883578,17.899818,6.712,1.412,hip2,HIP117770,
38737,,,7.930595,-45.980069,6.712,-0.125,hip2,HIP38737,
87834,,,17.943838,18.612416,6.712,1.002,hip2,HIP87834,
98780,,,20.061730,21.496479,6.712,1.645,hip2,HIP98780,
23090,,,4.969565,-16.780202,6.712,0.102,hip2,HIP23090,
49222,,,10.047031,-30.577586,6.712,1.189,hip2,HIP49222,
4129,,,0.881489,38.548856,6.712,0.028,hip2,HIP4129,
104430,,,21.154436,-0.234917,6.712,0.175,hip2,HIP104430,
2753,,,0.586009,36.832272,6.712,1.445,hip2,HIP2753,
21999,,,4.728986,-52.263413,6.713,0.374,hip2,HIP21999,
37399,,,7.678722,-27.945367,6.713,-0.140,hip2,HIP37399,
57636,,,11.818654,5.183738,6.713,1.152,hip2,HIP57636,
60132,,,12.332030,-26.736889,6.713,1.600,hip2,HIP60132,
46238,,,9.426965,-25.337098,6.713,-0.033,hip2,HIP46238,
114054,,,23.097923,-7.936696,6.713,-0.009,hip2,HIP114054,
90743,,,18.515638,-48.014762,6.713,0.520,hip2,HIP90743,
,,,6.413430,-52.806240,6.713,1.732,tyc2,TYC8534-02279-1,8534-02279-1
84625,,,17.300178,-24.284084,6.713,0.510,hip2,HIP84625,
2565,,,0.542935,27.580777,6.713,0.084,hip2,HIP2565,
51135,,,10.446361,-4.388336,6.713,0.920,hip2,HIP51135,
101040,,,20.483519,-17.875118,6.713,1.080,hip2,HIP101040,
4542,,,0.969411,39.475441,6.713,1.152,hip2,HIP4542,
7721,,,1.655982,-33.564775,6.713,1.152,hip2,HIP7721,
10422,,,2.238590,-76.357584,6.714,0.895,hip2,HIP10422,
59272,,,12.157874,-11.856666,6.714,0.666,hip2,HIP59272,
58287,,,11.954085,40.343890,6.714,0.513,hip2,HIP58287,
108928,,,22.066529,28.348415,6.714,1.338,hip2,HIP108928,
100103,,,20.307485,-72.979243,6.714,1.411,hip2,HIP100103,
102755,,,20.820015,35.563637,6.714,1.622,hip2,HIP102755,
36474,,,7.505160,-40.989174,6.714,0.960,hip2,HIP36474,
46609,,,9.503922,-24.274119,6.714,1.422,hip2,HIP46609,
88396,,,18.050475,-22.718486,6.714,-0.056,hip2,HIP88396,
90576,,,18.482599,-26.582059,6.714,0.095,hip2,HIP90576,
12485,,,2.677775,-69.232975,6.714,0.660,hip2,HIP12485,
33705,,,7.002711,-31.141773,6.714,0.438,hip2,HIP33705,
96353,,,19.590895,15.610569,6.714,1.134,hip2,HIP96353,
21267,,,4.562939,13.251927,6.715,0.429,hip2,HIP21267,
34229,,,7.096460,31.393281,6.715,1.638,hip2,HIP34229,
18190,,,3.891725,2.119191,6.715,-0.050,hip2,HIP18190,
65551,,,13.437980,-48.786543,6.715,0.032,hip2,HIP65551,
857,,,0.174905,57.165498,6.715,-0.074,hip2,HIP857,
6869,,,1.473414,17.079342,6.715,0.526,hip2,HIP6869,
44728,,,9.114178,38.278476,6.715,0.446,hip2,HIP44728,
85641,,,17.501566,-33.716360,6.715,0.078,hip2,HIP85641,
22743,,,4.892806,23.315655,6.715,1.036,hip2,HIP22743,
51075,,,10.435889,3.932533,6.715,0.136,hip2,HIP51075,
27314,,,5.786190,58.785513,6.716,1.313,hip2,HIP27314,
28162,,,5.951288,49.029705,6.716,0.993,hip2,HIP28162,
58208,,,11.938123,35.448141,6.716,0.400,hip2,HIP58208,
32689,,,6.819499,27.190486,6.716,0.139,hip2,HIP32689,
116161,,,23.536522,65.739138,6.716,0.230,hip2,HIP116161,
13540,,,2.906351,51.166992,6.716,1.098,hip2,HIP13540,
17000,,,3.644641,22.659721,6.716,-0.001,hip2,HIP17000,
73977,,,15.118573,2.362653,6.716,1.497,hip2,HIP73977,
74488,,,15.220773,-11.006982,6.716,0.238,hip2,HIP74488,
49633,,,10.129351,-7.630735,6.716,1.610,hip2,HIP49633,
6198,,,1.324822,80.894196,6.716,0.022,hip2,HIP6198,
39565,,,8.084256,-33.591371,6.716,0.448,hip2,HIP39565,
52447,,,10.721643,-31.759628,6.716,1.073,hip2,HIP52447,
87886,,,17.952891,-41.978405,6.716,-0.096,hip2,HIP87886,
96579,,,19.633740,35.259092,6.716,0.934,hip2,HIP96579,
106036,,,21.478406,25.921380,6.716,1.293,hip2,HIP106036,
73672,,,15.059627,-35.942799,6.717,0.224,hip2,HIP73672,
79962,,,16.321450,-35.490814,6.717,0.375,hip2,HIP79962,
84409,,,17.256200,-38.212953,6.717,-0.012,hip2,HIP84409,
94344,,,19.202716,-37.583091,6.717,1.016,hip2,HIP94344,
81620,,,16.670256,-33.743553,6.717,1.208,hip2,HIP81620,
39272,,,8.030905,-44.599920,6.717,1.337,hip2,HIP39272,
118281,,,23.991444,33.724311,6.717,0.509,tyc2,TYC2772-00917-1,2772-00917-1
5944,,,1.274817,42.939494,6.717,0.594,hip2,HIP5944,
116613,,,23.632830,46.199463,6.717,0.665,hip2,HIP116613,
94627,,,19.256189,-6.049789,6.717,0.353,hip2,HIP94627,
31552,,,6.604166,58.107262,6.717,0.496,hip2,HIP31552,
36539,,,7.516308,-10.107519,6.717,1.622,hip2,HIP36539,
74740,,,15.274600,-44.503627,6.717,1.431,hip2,HIP74740,
29135,,,6.146027,-7.936313,6.718,0.069,hip2,HIP29135,
101787,,,20.628851,-41.227509,6.718,0.434,hip2,HIP101787,
102430,,,20.755829,46.354847,6.718,-0.027,hip2,HIP102430,
76136,,,15.551307,16.012073,6.718,1.260,hip2,HIP76136,
72482,,,14.820814,-59.407337,6.718,1.495,hip2,HIP72482,
30692,,,6.449674,0.841041,6.718,0.037,hip2,HIP30692,
74141,,,15.150212,-72.307439,6.718,-0.059,hip2,HIP74141,
102377,,,20.743458,47.296937,6.718,1.355,hip2,HIP102377,
33294,,,6.925804,-22.037463,6.718,-0.174,hip2,HIP33294,
11889,,,2.555250,52.308978,6.718,0.193,hip2,HIP11889,
20472,,,4.388009,11.378007,6.718,0.000,hip2,HIP20472,
100518,,,20.382681,39.211036,6.718,-0.103,hip2,HIP100518,
103036,,,20.874975,18.027368,6.719,0.982,hip2,HIP103036,
32466,,,6.775837,-14.523756,6.719,0.077,hip2,HIP32466,
95908,,,19.504813,33.728513,6.719,1.128,hip2,HIP95908,
33731,,,7.006941,1.931521,6.719,-0.133,hip2,HIP33731,
86679,,,17.710209,29.418906,6.719,0.297,hip2,HIP86679,
58708,,,12.041366,43.084084,6.719,0.846,tyc2,TYC3019-02029-1,3019-02029-1
41452,,,8.454803,-6.409634,6.719,0.523,hip2,HIP41452,
15232,,,3.273580,66.380336,6.719,0.049,hip2,HIP15232,
44478,,,9.062502,-17.496569,6.719,1.452,hip2,HIP44478,
117507,,,23.829081,-62.839403,6.719,1.471,hip2,HIP117507,
7625,,,1.636846,62.351782,6.720,-0.015,hip2,HIP7625,
32984,,,6.871769,-5.173705,6.720,1.071,hip2,HIP32984,
78434,,,16.013025,-72.462819,6.720,1.404,hip2,HIP78434,
87381,,,17.853486,-30.556863,6.720,0.026,hip2,HIP87381,
100843,,,20.446775,81.434098,6.720,0.985,hip2,HIP100843,
27181,,,5.760947,20.695053,6.720,3.101,hip2,HIP27181,
51992,,,10.622388,56.431356,6.720,1.186,hip2,HIP51992,
13464,,,2.890107,31.644730,6.720,0.529,hip2,HIP13464,
27103,,,5.747409,-21.659225,6.720,-0.173,hip2,HIP27103,
47853,,,9.754096,23.474629,6.720,1.092,hip2,HIP47853,
17856,,,3.821959,-1.453159,6.720,1.003,hip2,HIP17856,
42957,,,8.756482,0.197770,6.720,1.008,hip2,HIP42957,
27876,,,5.899332,-19.638773,6.721,0.104,hip2,HIP27876,
28060,,,5.933025,-31.532052,6.721,-0.050,hip2,HIP28060,
53074,,,10.858417,-75.882768,6.721,0.087,hip2,HIP53074,
86850,,,17.745509,-46.042589,6.721,-0.008,hip2,HIP86850,
33728,,,7.006561,-49.135004,6.721,0.882,hip2,HIP33728,
111815,,,22.648781,-38.477299,6.721,1.423,hip2,HIP111815,
116370,,,23.580651,-42.684291,6.721,0.218,hip2,HIP116370,
67495,,,13.831230,13.191899,6.721,0.218,hip2,HIP67495,
118298,,,23.994618,-5.892913,6.721,1.043,hip2,HIP118298,
49294,,,10.061564,-25.316735,6.721,0.020,hip2,HIP49294,
424,,,0.086050,45.229079,6.721,0.068,hip2,HIP424,
80017,,,16.333468,-64.648735,6.721,0.000,hip2,HIP80017,
92713,,,18.891252,42.902622,6.721,1.599,hip2,HIP92713,
96736,,,19.664522,-15.167375,6.721,-0.050,hip2,HIP96736,
3371,,,0.714658,16.662669,6.722,1.181,hip2,HIP3371,
42808,,,8.721738,-38.883208,6.722,0.917,hip2,HIP42808,
91674,,,18.694697,40.717928,6.722,0.327,hip2,HIP91674,
25353,,,5.422263,-12.554012,6.722,1.086,hip2,HIP25353,
48192,,,9.824562,36.747429,6.722,1.570,hip2,HIP48192,
110355,,,22.351039,-62.548188,6.722,0.533,hip2,HIP110355,
28054,,,5.932394,41.323378,6.722,0.297,hip2,HIP28054,
19202,,,4.116144,-21.994033,6.722,0.240,hip2,HIP19202,
45699,,,9.316364,17.705680,6.722,0.487,hip2,HIP45699,
38795,,,7.940037,-40.736182,6.722,-0.170,hip2,HIP38795,
74537,,,15.231010,-1.350164,6.722,0.763,hip2,HIP74537,
80152,,,16.360418,-71.873831,6.722,0.020,hip2,HIP80152,
87448,,,17.868113,1.111197,6.722,1.065,hip2,HIP87448,
42485,,,8.661855,19.778486,6.722,0.248,hip2,HIP42485,
52464,,,10.724871,80.427095,6.722,0.062,hip2,HIP52464,
81814,,,16.710831,-61.785010,6.722,0.775,hip2,HIP81814,
4511,,,0.963945,-1.765971,6.723,1.003,hip2,HIP4511,
106007,,,21.470538,-11.568174,6.723,0.490,hip2,HIP106007,
39310,,,8.037648,-55.540606,6.723,-0.029,hip2,HIP39310,
49882,,,10.185691,20.696486,6.723,0.364,hip2,HIP49882,
44431,,,9.052452,-25.504201,6.723,-0.033,hip2,HIP44431,
45125,,,9.193852,-54.037051,6.723,-0.052,hip2,HIP45125,
1292,,,0.269789,-79.851041,6.723,0.749,hip2,HIP1292,
90999,,,18.563240,46.219121,6.723,-0.053,hip2,HIP90999,
1026,,,0.213323,46.095437,6.723,0.402,hip2,HIP1026,
82876,,,16.937508,-40.659934,6.724,0.045,hip2,HIP82876,
47336,,,9.646038,10.777873,6.724,0.184,hip2,HIP47336,
104385,,,21.146580,-76.212427,6.724,1.229,hip2,HIP104385,
23422,,,5.033602,-5.500971,6.724,0.365,hip2,HIP23422,
115462,,,23.389468,-55.553374,6.724,1.269,hip2,HIP115462,
6507,,,1.393040,-24.352775,6.724,0.240,hip2,HIP6507,
35910,,,7.402634,-58.492283,6.724,0.710,hip2,HIP35910,
95574,,,19.440152,-14.551193,6.724,0.054,hip2,HIP95574,
25700,,,5.488144,-62.314204,6.724,1.526,hip2,HIP25700,
85289,,,17.428027,16.383889,6.724,0.377,hip2,HIP85289,
65603,,,13.451306,64.735441,6.725,0.383,hip2,HIP65603,
5444,,,1.160873,23.794289,6.725,0.342,hip2,HIP5444,
31131,,,6.532127,-18.062282,6.725,1.452,hip2,HIP31131,
11035,,,2.368508,22.873594,6.725,0.796,hip2,HIP11035,
90281,,,18.420887,-13.978408,6.725,0.778,hip2,HIP90281,
13360,,,2.864688,44.894239,6.725,1.159,hip2,HIP13360,
33016,,,6.879729,-54.090357,6.725,1.082,hip2,HIP33016,
98682,,,20.043397,-45.196018,6.725,1.228,hip2,HIP98682,
66275,,,13.583812,12.513950,6.726,1.047,hip2,HIP66275,
26546,,,5.645509,41.839313,6.726,1.442,hip2,HIP26546,
34718,,,7.189150,-21.803295,6.726,-0.064,hip2,HIP34718,
83541,,,17.074385,-28.582024,6.726,0.814,hip2,HIP83541,
48125,,,9.811928,-26.414531,6.726,0.700,hip2,HIP48125,
95287,,,19.385621,14.921030,6.726,0.297,hip2,HIP95287,
74553,,,15.233133,43.047972,6.726,0.209,hip2,HIP74553,
99777,,,20.244338,36.752081,6.726,1.315,hip2,HIP99777,
103516,,,20.971861,23.046352,6.726,0.880,hip2,HIP103516,
104539,,,21.175572,22.454665,6.726,0.028,hip2,HIP104539,
21369,,,4.584815,57.420631,6.726,0.314,hip2,HIP21369,
3058,,,0.647014,59.826161,6.726,-0.019,hip2,HIP3058,
973,,,0.200840,-13.813137,6.726,1.074,hip2,HIP973,
23699,,,5.093810,23.061069,6.726,0.081,hip2,HIP23699,
41992,,,8.559309,-16.109626,6.727,1.036,hip2,HIP41992,
65955,,,13.522915,-42.464707,6.727,0.962,hip2,HIP65955,
95603,,,19.444883,-46.578899,6.727,1.663,hip2,HIP95603,
41315,,,8.430104,1.574441,6.727,1.160,hip2,HIP41315,
81696,,,16.688734,-48.763210,6.727,0.130,hip2,HIP81696,
13414,,,2.878761,-41.391998,6.727,0.170,hip2,HIP13414,
94733,,,19.276301,6.596690,6.727,0.111,hip2,HIP94733,
15140,,,3.253075,-64.443743,6.727,0.485,hip2,HIP15140,
16487,,,3.538218,40.920762,6.727,-0.009,hip2,HIP16487,
30497,,,6.410822,35.255102,6.727,1.190,hip2,HIP30497,
79932,,,16.314398,-57.899787,6.727,0.931,hip2,HIP79932,
105312,,,21.329342,-26.352861,6.727,0.681,tyc2,TYC6945-00785-1,6945-00785-1
115567,,,23.409696,41.112913,6.727,0.007,hip2,HIP115567,
39480,,,8.068998,33.030736,6.727,0.071,hip2,HIP39480,
96449,,,19.609006,43.706124,6.727,1.476,hip2,HIP96449,
82871,,,16.936154,77.652711,6.727,-0.004,hip2,HIP82871,
32375,,,6.757237,-52.200931,6.727,1.075,hip2,HIP32375,
47266,,,9.633699,14.347454,6.727,0.438,hip2,HIP47266,
74657,,,15.255461,-44.149443,6.727,-0.068,hip2,HIP74657,
106053,,,21.481331,11.084789,6.728,0.380,hip2,HIP106053,
41413,,,8.447435,-29.215649,6.728,-0.031,hip2,HIP41413,
25624,,,5.473999,34.697481,6.728,0.983,hip2,HIP25624,
70483,,,14.416956,-37.446959,6.728,0.114,hip2,HIP70483,
113787,,,23.043104,16.232415,6.728,1.206,hip2,HIP113787,
26971,,,5.723310,5.358654,6.728,-0.034,hip2,HIP26971,
49950,,,10.198284,-35.324736,6.728,2.269,hip2,HIP49950,
92027,,,18.757892,5.500000,6.728,0.067,tyc2,TYC0456-01022-1,0456-01022-1
19611,,,4.202578,0.735556,6.728,0.916,hip2,HIP19611,
101452,,,20.561006,45.175552,6.728,0.034,hip2,HIP101452,
68019,,,13.928922,-41.994923,6.728,1.551,hip2,HIP68019,
70685,,,14.457643,41.024965,6.728,0.369,hip2,HIP70685,
110073,,,22.296475,26.936538,6.728,1.604,hip2,HIP110073,
65532,,,13.435068,-16.858620,6.729,1.160,hip2,HIP65532,
70379,,,14.399367,-16.101899,6.729,0.091,hip2,HIP70379,
107919,,,21.864407,11.091197,6.729,0.290,hip2,HIP107919,
33534,,,6.969037,-10.315725,6.729,1.386,hip2,HIP33534,
72183,,,14.764386,13.101593,6.729,1.291,hip2,HIP72183,
30153,,,6.345017,72.145996,6.729,1.297,hip2,HIP30153,
109354,,,22.154219,44.846478,6.729,-0.036,hip2,HIP109354,
114373,,,23.164567,39.469208,6.729,0.227,hip2,HIP114373,
82510,,,16.863916,28.666300,6.729,0.479,hip2,HIP82510,
10242,,,2.195390,3.452717,6.729,0.178,hip2,HIP10242,
45264,,,9.225321,-49.094456,6.729,1.520,hip2,HIP45264,
105214,,,21.312146,-61.351721,6.729,0.689,hip2,HIP105214,
60797,,,12.460659,25.912128,6.729,0.180,hip2,HIP60797,
83774,,,17.121877,-76.223793,6.730,0.151,hip2,HIP83774,
83116,,,16.984880,-48.875125,6.730,0.347,hip2,HIP83116,
98058,,,19.927946,40.172892,6.730,1.439,hip2,HIP98058,
99818,,,20.253047,55.656512,6.730,1.041,hip2,HIP99818,
94852,,,19.300237,31.021840,6.730,0.102,hip2,HIP94852,
101645,,,20.604413,16.814692,6.730,1.400,hip2,HIP101645,
32376,,,6.757364,9.765813,6.730,0.333,hip2,HIP32376,
38748,,,7.932949,-12.608396,6.730,0.964,hip2,HIP38748,
20735,,,4.443804,-40.529425,6.731,0.078,hip2,HIP20735,
105250,,,21.318711,61.858463,6.731,0.305,hip2,HIP105250,
68398,,,14.001303,-8.161527,6.731,1.050,hip2,HIP68398,
118057,,,23.948787,55.840354,6.731,1.149,hip2,HIP118057,
98210,,,19.956867,-6.697544,6.731,1.016,hip2,HIP98210,
23684,,,5.090914,46.916388,6.731,0.888,hip2,HIP23684,
67896,,,13.905942,-17.180106,6.731,1.387,hip2,HIP67896,
41726,,,8.508278,-36.721338,6.732,1.903,hip2,HIP41726,
36775,,,7.563958,-43.113730,6.732,1.758,hip2,HIP36775,
80244,,,16.381896,-66.887315,6.732,-0.073,hip2,HIP80244,
107531,,,21.779507,13.719606,6.732,0.202,hip2,HIP107531,
33880,,,7.032482,63.676970,6.732,1.510,hip2,HIP33880,
92017,,,18.755202,-35.856630,6.732,1.181,hip2,HIP92017,
7846,,,1.681400,77.969010,6.732,-0.015,hip2,HIP7846,
20004,,,4.289193,57.178286,6.732,0.036,hip2,HIP20004,
39406,,,8.055883,-69.971617,6.732,-0.072,hip2,HIP39406,
9493,,,2.035519,28.400227,6.732,1.007,hip2,HIP9493,
29731,,,6.261489,18.297503,6.732,1.586,hip2,HIP29731,
36882,,,7.582622,3.276517,6.732,1.050,hip2,HIP36882,
40570,,,8.282800,59.189395,6.732,1.318,hip2,HIP40570,
117182,,,23.758142,20.415466,6.732,0.500,hip2,HIP117182,
30665,,,6.444223,13.101421,6.732,0.556,hip2,HIP30665,
33205,,,6.911051,15.837976,6.732,0.921,hip2,HIP33205,
38062,,,7.800950,5.409875,6.732,1.580,hip2,HIP38062,
38800,,,7.940757,56.504509,6.732,0.050,hip2,HIP38800,
47247,,,9.630543,24.670318,6.732,0.567,hip2,HIP47247,
50108,,,10.230348,-68.059829,6.732,-0.017,hip2,HIP50108,
24948,,,5.343982,71.714718,6.733,0.926,hip2,HIP24948,
84314,,,17.237291,-26.984255,6.733,0.427,hip2,HIP84314,
114608,,,23.218062,8.963449,6.733,1.624,hip2,HIP114608,
3865,,,0.827015,47.763989,6.733,0.277,hip2,HIP3865,
10141,,,2.173739,59.979958,6.733,0.334,hip2,HIP10141,
67355,,,13.805003,-6.837335,6.733,0.931,hip2,HIP67355,
9258,,,1.983517,-22.919879,6.733,0.478,hip2,HIP9258,
33643,,,6.988925,42.314781,6.733,0.121,hip2,HIP33643,
82588,,,16.883001,-0.026419,6.733,0.732,tyc2,TYC5051-01354-1,5051-01354-1
6835,,,1.466511,-22.036946,6.733,0.921,hip2,HIP6835,
13274,,,2.847835,-67.522386,6.733,1.007,hip2,HIP13274,
40093,,,8.189370,38.731499,6.733,0.593,hip2,HIP40093,
87223,,,17.821474,-30.597343,6.733,0.355,hip2,HIP87223,
84636,,,17.301965,-24.072843,6.733,0.647,hip2,HIP84636,
82503,,,16.862503,-73.722573,6.733,-0.027,hip2,HIP82503,
90111,,,18.388739,14.700066,6.733,-0.034,hip2,HIP90111,
64603,,,13.240994,-24.284272,6.734,0.400,hip2,HIP64603,
26466,,,5.630024,-34.689683,6.734,1.269,hip2,HIP26466,
35298,,,7.291817,31.698106,6.734,-0.058,hip2,HIP35298,
25746,,,5.497254,-47.076270,6.734,0.348,hip2,HIP25746,
103224,,,20.913027,-18.792829,6.734,0.297,hip2,HIP103224,
1809,,,0.382601,38.754274,6.734,1.556,hip2,HIP1809,
39639,,,8.100707,59.248736,6.734,0.110,hip2,HIP39639,
97101,,,19.733832,9.517624,6.734,1.260,hip2,HIP97101,
97319,,,19.777638,25.133840,6.734,0.295,hip2,HIP97319,
10137,,,2.173315,-76.623730,6.734,0.335,hip2,HIP10137,
46273,,,9.434394,-1.234931,6.735,1.417,hip2,HIP46273,
20330,,,4.355441,76.106150,6.735,-0.043,hip2,HIP20330,
72047,,,14.737165,-8.252107,6.735,0.431,hip2,HIP72047,
85223,,,17.414457,-46.201927,6.735,-0.062,hip2,HIP85223,
102299,,,20.727807,5.390212,6.735,0.109,hip2,HIP102299,
35906,,,7.402222,-28.827896,6.735,-0.150,hip2,HIP35906,
78775,,,16.082442,39.156511,6.735,0.707,tyc2,TYC3061-01027-1,3061-01027-1
2440,,,0.517743,55.702821,6.735,1.154,hip2,HIP2440,
115678,,,23.436605,70.685409,6.735,0.297,hip2,HIP115678,
55288,,,11.322991,-1.654514,6.735,0.570,hip2,HIP55288,
57082,,,11.701459,22.211192,6.735,0.364,hip2,HIP57082,
46646,,,9.511188,-28.766404,6.735,1.226,hip2,HIP46646,
31344,,,6.572685,-3.074105,6.736,1.417,hip2,HIP31344,
67261,,,13.786353,-62.589704,6.736,0.000,hip2,HIP67261,
76079,,,15.538296,-10.438635,6.736,0.918,hip2,HIP76079,
30003,,,6.315119,23.603299,6.736,0.906,hip2,HIP30003,
36565,,,7.521488,-1.125859,6.736,1.072,hip2,HIP36565,
96416,,,19.602233,11.150179,6.736,0.082,hip2,HIP96416,
41828,,,8.527681,-47.241048,6.736,-0.137,hip2,HIP41828,
103062,,,20.881551,24.914602,6.736,1.657,hip2,HIP103062,
502,,,0.100150,28.276961,6.736,1.531,hip2,HIP502,
47698,,,9.725173,-20.365820,6.736,0.910,hip2,HIP47698,
79724,,,16.271313,23.122756,6.736,0.986,hip2,HIP79724,
28881,,,6.097905,48.249287,6.736,-0.102,hip2,HIP28881,
37765,,,7.744509,-47.008492,6.736,-0.073,hip2,HIP37765,
100526,,,20.383702,54.672891,6.736,0.230,hip2,HIP100526,
19174,,,4.110251,-18.050773,6.737,1.429,hip2,HIP19174,
23995,,,5.158263,-2.135042,6.737,1.018,hip2,HIP23995,
12083,,,2.595495,68.367801,6.737,0.422,hip2,HIP12083,
55033,,,11.266062,12.844936,6.737,0.290,hip2,HIP55033,
30067,,,6.327829,16.013283,6.737,0.562,hip2,HIP30067,
115145,,,23.323463,35.825150,6.737,-0.029,hip2,HIP115145,
8296,,,1.782873,-13.888737,6.737,0.070,hip2,HIP8296,
21986,,,4.726435,-8.796226,6.737,0.847,tyc2,TYC5321-02147-1,5321-02147-1
89936,,,18.350385,-43.774887,6.737,0.276,hip2,HIP89936,
100242,,,20.330503,29.726858,6.737,-0.140,hip2,HIP100242,
51857,,,10.595004,-58.192890,6.737,0.042,hip2,HIP51857,
113853,,,23.056585,60.445410,6.737,-0.044,hip2,HIP113853,
19960,,,4.280195,16.214446,6.737,1.101,hip2,HIP19960,
115856,,,23.473209,19.885608,6.737,0.248,hip2,HIP115856,
117394,,,23.803364,8.245660,6.737,0.324,hip2,HIP117394,
15291,,,3.288169,-23.520282,6.738,1.503,hip2,HIP15291,
100556,,,20.390625,-14.256433,6.738,-0.100,hip2,HIP100556,
116131,,,23.531016,-41.752401,6.738,1.222,hip2,HIP116131,
84785,,,17.330818,45.308414,6.738,0.332,hip2,HIP84785,
11648,,,2.504312,-57.809490,6.738,1.591,hip2,HIP11648,
,,,15.202732,-52.106411,6.738,0.440,tyc2,TYC8306-03363-1,8306-03363-1
78352,,,15.998005,-31.168362,6.738,1.000,hip2,HIP78352,
81695,,,16.688515,-18.059378,6.738,0.171,hip2,HIP81695,
97157,,,19.748416,-10.572724,6.738,1.683,hip2,HIP97157,
43129,,,8.785364,28.161939,6.738,0.676,hip2,HIP43129,
110405,,,22.362549,66.706248,6.738,0.667,hip2,HIP110405,
94730,,,19.275767,-33.522316,6.738,0.692,hip2,HIP94730,
38779,,,7.937716,-61.099465,6.738,0.001,hip2,HIP38779,
75809,,,15.486660,80.448340,6.738,0.665,hip2,HIP75809,
114336,,,23.156299,18.735961,6.739,-0.057,hip2,HIP114336,
59313,,,12.168290,-17.537281,6.739,0.480,hip2,HIP59313,
116141,,,23.532219,-25.744189,6.739,1.003,hip2,HIP116141,
21474,,,4.611296,15.869384,6.739,0.442,hip2,HIP21474,
20974,,,4.497754,69.378397,6.739,1.666,hip2,HIP20974,
4592,,,0.979373,-5.882618,6.739,1.136,hip2,HIP4592,
79044,,,16.134553,-36.231764,6.739,-0.056,hip2,HIP79044,
75522,,,15.429116,-53.057964,6.739,0.270,hip2,HIP75522,
29673,,,6.251680,-71.702898,6.739,0.562,hip2,HIP29673,
50200,,,10.248249,-42.383057,6.739,-0.054,hip2,HIP50200,
82912,,,16.943846,-30.580038,6.739,1.167,hip2,HIP82912,
103998,,,21.070575,-50.435317,6.739,1.387,hip2,HIP103998,
28978,,,6.115509,16.366721,6.740,1.129,hip2,HIP28978,
17688,,,3.788816,-50.753880,6.740,1.325,hip2,HIP17688,
27355,,,5.793651,54.494693,6.740,0.924,hip2,HIP27355,
101325,,,20.537089,65.399171,6.740,1.097,hip2,HIP101325,
61982,,,12.701809,-54.760891,6.740,1.260,hip2,HIP61982,
95728,,,19.470517,29.450331,6.740,1.080,hip2,HIP95728,
2455,,,0.520251,43.946552,6.740,-0.064,hip2,HIP2455,
6690,,,1.431991,-8.504337,6.740,1.108,hip2,HIP6690,
21915,,,4.713231,38.426645,6.740,0.291,hip2,HIP21915,
84461,,,17.266900,-87.565896,6.740,0.898,hip2,HIP84461,
37304,,,7.658293,-26.918987,6.740,-0.121,hip2,HIP37304,
29236,,,6.163649,2.869623,6.740,1.020,hip2,HIP29236,
31088,,,6.523399,-12.559686,6.740,-0.161,hip2,HIP31088,
36189,,,7.452533,11.955005,6.740,0.903,hip2,HIP36189,
57885,,,11.871729,-51.314706,6.740,1.322,hip2,HIP57885,
38966,,,7.972864,-60.857746,6.740,0.000,hip2,HIP38966,
66398,,,13.613437,-26.498015,6.740,0.240,hip2,HIP66398,
30104,,,6.334980,-48.740443,6.741,0.657,hip2,HIP30104,
8052,,,1.722604,59.632883,6.741,1.075,hip2,HIP8052,
49613,,,10.125929,0.918338,6.741,1.640,hip2,HIP49613,
2330,,,0.496942,-32.115926,6.741,1.351,hip2,HIP2330,
96009,,,19.521158,33.470779,6.741,0.099,hip2,HIP96009,
13727,,,2.946795,-35.377796,6.741,0.976,hip2,HIP13727,
84455,,,17.266366,27.134342,6.741,1.187,hip2,HIP84455,
91527,,,18.664911,-20.071201,6.741,0.261,hip2,HIP91527,
102801,,,20.826864,51.314414,6.741,0.372,hip2,HIP102801,
15795,,,3.392445,58.722066,6.741,1.271,hip2,HIP15795,
89460,,,18.257410,-48.851630,6.742,0.891,hip2,HIP89460,
79219,,Kamuy,16.167757,26.742658,6.742,1.037,hip2,HIP79219,
91384,,,18.638618,-1.112989,6.742,0.433,hip2,HIP91384,
94799,,,19.288880,39.121125,6.742,1.122,hip2,HIP94799,
108809,,,22.042494,-32.133804,6.742,0.504,hip2,HIP108809,
34546,,,7.157144,36.563291,6.742,-0.016,hip2,HIP34546,
50433,,,10.297393,71.060806,6.742,0.342,hip2,HIP50433,
38580,,,7.899639,-26.348819,6.742,1.337,hip2,HIP38580,
51538,,,10.526743,2.844824,6.742,1.120,hip2,HIP51538,
90271,,,18.419132,5.084554,6.742,0.011,hip2,HIP90271,
101164,,,20.505546,49.780341,6.742,1.029,hip2,HIP101164,
25674,,,5.483633,42.270590,6.742,0.937,hip2,HIP25674,
94053,,,19.147845,-2.287237,6.742,1.277,hip2,HIP94053,
81434,,,16.633260,-46.154626,6.742,1.539,hip2,HIP81434,
33574,,,6.976600,-23.880864,6.742,0.031,hip2,HIP33574,
81589,,,16.662426,-56.994377,6.742,-0.060,hip2,HIP81589,
82324,,,16.820922,29.964520,6.742,1.211,hip2,HIP82324,
7734,,,1.659954,45.878328,6.742,0.690,hip2,HIP7734,
91397,,,18.640089,60.710925,6.742,0.393,hip2,HIP91397,
112420,,,22.770619,-11.166230,6.743,1.664,hip2,HIP112420,
80548,,,16.445360,10.990625,6.743,1.610,hip2,HIP80548,
37135,,,7.630639,14.340636,6.743,-0.066,hip2,HIP37135,
70714,,,14.462588,-13.359292,6.743,0.425,hip2,HIP70714,
969,,,0.200367,23.471740,6.743,0.990,hip2,HIP969,
5927,,,1.270024,-42.009664,6.743,1.189,hip2,HIP5927,
133,,,0.028225,-40.148666,6.743,0.545,hip2,HIP133,
110629,,,22.410864,-41.440257,6.744,0.471,hip2,HIP110629,
865,,,0.177308,-73.224434,6.744,0.372,hip2,HIP865,
66668,,,13.666831,-70.787768,6.744,1.291,hip2,HIP66668,
9480,,,2.032619,70.907058,6.744,0.504,tyc2,TYC4315-02126-2,4315-02126-2
17147,,,3.672796,-3.216979,6.744,0.497,tyc2,TYC4720-01374-1,4720-01374-1
25861,,,5.520706,3.292205,6.744,-0.131,tyc2,TYC0118-02925-2,0118-02925-2
30476,,,6.406764,-42.847520,6.744,0.630,tyc2,TYC7621-01364-1,7621-01364-1
115288,,,23.349325,17.252580,6.744,0.329,hip2,HIP115288,
40673,,,8.303557,-37.374616,6.744,0.244,hip2,HIP40673,
5914,,,1.268065,25.769360,6.744,2.608,hip2,HIP5914,
31020,,,6.509223,-12.081056,6.744,1.081,hip2,HIP31020,
85105,,,17.393393,-16.038285,6.744,0.430,hip2,HIP85105,
115681,,,23.436739,-27.424630,6.744,1.000,hip2,HIP115681,
113664,,,23.020769,80.781730,6.744,0.241,hip2,HIP113664,
11794,,,2.536480,-32.606325,6.745,1.214,hip2,HIP11794,
47564,,,9.697865,-30.303404,6.745,1.300,hip2,HIP47564,
59108,,,12.120811,-6.765614,6.745,1.420,hip2,HIP59108,
13333,,,2.859987,-63.540614,6.745,1.226,hip2,HIP13333,
51021,,,10.423266,-29.193853,6.745,1.491,hip2,HIP51021,
92032,,,18.758670,19.969899,6.745,1.021,hip2,HIP92032,
104395,,,21.149292,-5.581751,6.745,1.174,hip2,HIP104395,
55863,,,11.449908,-61.369327,6.745,1.983,hip2,HIP55863,
78435,,,16.013026,-39.088386,6.745,0.249,hip2,HIP78435,
115038,,,23.299051,-13.795145,6.745,1.264,hip2,HIP115038,
45723,,,9.320937,26.251904,6.745,1.426,hip2,HIP45723,
87633,,,17.901026,-1.619264,6.745,0.075,hip2,HIP87633,
85211,,,17.411973,-45.008328,6.746,0.388,hip2,HIP85211,
66171,,,13.563276,-39.945692,6.746,0.156,hip2,HIP66171,
95833,,,19.491682,36.287249,6.746,0.349,hip2,HIP95833,
98406,,,19.994866,-1.970329,6.746,0.066,hip2,HIP98406,
30120,,,6.338093,7.718862,6.746,-0.040,hip2,HIP30120,
95143,,,19.357047,57.766710,6.746,1.307,hip2,HIP95143,
6237,,,1.334159,-9.883602,6.746,0.405,hip2,HIP6237,
58981,,,12.093072,-5.845894,6.746,1.491,hip2,HIP58981,
74082,,,15.138726,65.788643,6.746,1.510,hip2,HIP74082,
82870,,,16.936007,15.383672,6.746,1.236,hip2,HIP82870,
19089,,,4.093340,34.239310,6.746,0.453,hip2,HIP19089,
76582,,,15.640411,-19.912928,6.746,0.448,hip2,HIP76582,
1952,,,0.411020,31.373082,6.747,-0.058,hip2,HIP1952,
40438,,,8.257005,-52.060160,6.747,0.579,hip2,HIP40438,
105623,,,21.393162,14.050197,6.747,-0.109,hip2,HIP105623,
78553,,,16.037794,-73.515228,6.747,0.236,hip2,HIP78553,
86791,,,17.734531,45.034663,6.747,-0.029,hip2,HIP86791,
25136,,,5.379369,2.796329,6.747,0.079,hip2,HIP25136,
87280,,,17.834259,48.394119,6.747,-0.109,hip2,HIP87280,
115228,,,23.339117,60.274770,6.747,0.598,hip2,HIP115228,
42076,,,8.575891,5.503930,6.747,1.587,hip2,HIP42076,
34370,,,7.124398,-52.204675,6.747,1.389,hip2,HIP34370,
46125,,,9.406260,36.587144,6.747,0.215,hip2,HIP46125,
97001,,,19.715627,40.721757,6.747,-0.020,hip2,HIP97001,
101398,,,20.549735,49.841228,6.747,0.552,hip2,HIP101398,
79608,,,16.245070,7.858254,6.747,1.300,hip2,HIP79608,
60014,,,12.308079,32.748920,6.747,0.237,hip2,HIP60014,
82792,,,16.919080,-31.402483,6.747,0.063,hip2,HIP82792,
53951,,,11.038241,58.666460,6.748,1.574,hip2,HIP53951,
111990,,,22.684405,36.263546,6.748,1.653,hip2,HIP111990,
103422,,,20.953637,35.311707,6.748,1.480,hip2,HIP103422,
50210,,,10.250228,-44.467825,6.748,1.319,hip2,HIP50210,
114329,,,23.154651,49.650613,6.748,-0.043,hip2,HIP114329,
104128,,,21.096802,15.327413,6.748,0.476,hip2,HIP104128,
45545,,,9.282777,-45.011975,6.748,-0.008,hip2,HIP45545,
49739,,,10.154133,6.170909,6.748,1.352,hip2,HIP49739,
94460,,,19.225961,-62.922405,6.748,1.281,hip2,HIP94460,
11733,,,2.524178,58.024805,6.748,1.401,hip2,HIP11733,
28066,,,5.934225,13.926088,6.748,0.650,hip2,HIP28066,
31374,,,6.578712,-34.009487,6.748,0.254,hip2,HIP31374,
77463,,,15.815722,-60.367794,6.748,0.423,hip2,HIP77463,
13621,,,2.924502,73.371157,6.749,1.199,hip2,HIP13621,
36389,,,7.488571,6.582091,6.749,1.003,hip2,HIP36389,
86468,,,17.666956,-32.201053,6.749,-0.009,hip2,HIP86468,
106834,,,21.638047,-69.630119,6.749,-0.095,hip2,HIP106834,
52816,,,10.798747,-52.246108,6.749,-0.008,hip2,HIP52816,
94899,,,19.311548,-56.144654,6.749,-0.165,hip2,HIP94899,
32252,,,6.734782,62.963038,6.749,1.400,hip2,HIP32252,
86362,,,17.647102,32.739389,6.749,0.993,hip2,HIP86362,
89401,,,18.244726,56.588179,6.750,0.362,hip2,HIP89401,
3369,,,0.714100,-9.921639,6.750,0.529,hip2,HIP3369,
50574,,,10.331046,-47.961237,6.750,0.122,hip2,HIP50574,
98522,,,20.015541,-74.012502,6.750,1.038,hip2,HIP98522,
83163,,,16.995647,-18.247996,6.750,0.569,hip2,HIP83163,
95995,,,19.519040,58.586977,6.750,0.859,hip2,HIP95995,
106790,,,21.630182,39.317175,6.750,-0.035,hip2,HIP106790,
254,,,0.052311,42.747917,6.750,0.051,hip2,HIP254,
5440,,,1.159729,57.350082,6.750,0.439,hip2,HIP5440,
9158,,,1.965656,41.694573,6.750,-0.073,hip2,HIP9158,
33423,,,6.950482,-19.438792,6.750,0.473,hip2,HIP33423,
62651,,,12.837235,-62.641344,6.750,1.400,hip2,HIP62651,
109696,,,22.219864,25.940925,6.750,1.025,hip2,HIP109696,
34103,,,7.071416,37.563991,6.750,0.928,hip2,HIP34103,
76170,,,15.557529,-61.273306,6.750,0.149,hip2,HIP76170,
109694,,,22.219637,86.221350,6.750,1.186,hip2,HIP109694,
77771,,,15.880921,-50.615804,6.751,1.527,hip2,HIP77771,
50792,,,10.370608,8.964391,6.751,1.557,hip2,HIP50792,
100266,,,20.337352,-34.585162,6.751,0.592,hip2,HIP100266,
10890,,,2.335819,50.958192,6.751,0.521,hip2,HIP10890,
79472,,,16.218884,21.566147,6.751,0.182,hip2,HIP79472,
44755,,,9.121305,2.581609,6.751,0.425,hip2,HIP44755,
89659,,,18.297537,-18.798498,6.751,0.001,hip2,HIP89659,
49908,,,10.189484,49.454234,6.751,1.351,tyc2,TYC3437-00811-1,3437-00811-1
115417,,,23.380132,20.558973,6.751,0.600,hip2,HIP115417,
70784,,,14.475553,-10.004231,6.751,1.408,hip2,HIP70784,
27244,,,5.774431,-53.218983,6.751,0.594,hip2,HIP27244,
79740,,,16.274084,-24.281944,6.751,0.147,hip2,HIP79740,
73675,,,15.060138,34.565825,6.751,1.020,hip2,HIP73675,
111833,,,22.652335,-52.691952,6.751,0.357,hip2,HIP111833,
5666,,,1.213260,-6.783338,6.751,0.934,hip2,HIP5666,
37718,,,7.736838,-50.457075,6.751,0.527,hip2,HIP37718,
81079,,,16.559979,-53.200101,6.751,0.883,hip2,HIP81079,
104265,,,21.122741,-0.765182,6.751,1.076,hip2,HIP104265,
21377,,,4.587249,-9.736333,6.752,0.039,hip2,HIP21377,
86969,,,17.773579,1.044350,6.752,1.663,hip2,HIP86969,
102680,,,20.806822,3.649034,6.752,-0.086,hip2,HIP102680,
74885,,,15.304158,45.619819,6.752,1.620,hip2,HIP74885,
108925,,,22.064962,59.814580,6.752,0.170,hip2,HIP108925,
48256,,,9.837185,39.631693,6.752,1.630,hip2,HIP48256,
22994,,,4.947080,55.824174,6.752,1.678,hip2,HIP22994,
96185,,,19.557612,33.201320,6.752,0.595,hip2,HIP96185,
54674,,,11.192040,54.149299,6.752,0.225,hip2,HIP54674,
88900,,,18.148046,24.966643,6.752,0.073,hip2,HIP88900,
56274,,,11.536816,36.247328,6.753,0.956,hip2,HIP56274,
7649,,,1.641882,-42.927855,6.753,0.330,hip2,HIP7649,
19569,,,4.192124,-0.422497,6.753,1.107,hip2,HIP19569,
27618,,,5.847607,14.048030,6.753,1.054,hip2,HIP27618,
70026,,,14.328983,-36.858164,6.753,1.182,hip2,HIP70026,
92047,,,18.761522,15.725398,6.753,0.204,hip2,HIP92047,
105090,,,21.288253,-38.864575,6.753,1.397,hip2,HIP105090,
8082,,,1.730007,74.604547,6.753,1.035,hip2,HIP8082,
67338,,,13.801414,42.047607,6.753,1.094,hip2,HIP67338,
28208,,,5.960375,45.901348,6.753,0.970,hip2,HIP28208,
86424,,,17.658658,3.392738,6.753,1.534,hip2,HIP86424,
94034,,,19.144507,16.851559,6.753,0.462,hip2,HIP94034,
47380,,,9.652994,43.144324,6.753,0.947,hip2,HIP47380,
13626,,,2.924886,-25.304500,6.754,1.182,hip2,HIP13626,
69429,,,14.215309,-40.833467,6.754,-0.012,hip2,HIP69429,
16713,,,3.583657,32.016872,6.754,0.429,hip2,HIP16713,
19242,,,4.123678,-42.916810,6.754,0.899,hip2,HIP19242,
,,,16.829010,-24.640747,6.754,0.133,tyc2,TYC6813-00892-1,6813-00892-1
97473,,,19.811702,11.815801,6.754,0.051,tyc2,TYC1066-03553-1,1066-03553-1
48806,,,9.954274,-64.489561,6.754,1.122,hip2,HIP48806,
49943,,,10.196904,-34.333924,6.754,0.440,hip2,HIP49943,
35461,,,7.320213,-24.955722,6.754,-0.167,hip2,HIP35461,
96783,,,19.672583,-5.447494,6.754,1.126,hip2,HIP96783,
104839,,,21.237977,-10.605393,6.754,-0.068,hip2,HIP104839,
34777,,,7.199172,49.789896,6.754,1.595,hip2,HIP34777,
39286,,,8.033282,-54.662504,6.754,0.340,hip2,HIP39286,
33869,,,7.030534,-10.882374,6.755,0.733,hip2,HIP33869,
13112,,,2.810551,-37.401138,6.755,0.422,hip2,HIP13112,
68475,,,14.019063,-44.197626,6.755,0.166,hip2,HIP68475,
13269,,,2.845137,19.160652,6.755,0.602,hip2,HIP13269,
11192,,,2.402662,-16.254320,6.755,0.311,hip2,HIP11192,
50664,,,10.346752,-47.565893,6.755,1.576,hip2,HIP50664,
66728,,,13.678038,76.843785,6.755,0.219,hip2,HIP66728,
29763,,,6.267775,59.215102,6.755,1.003,hip2,HIP29763,
99257,,,20.149110,62.076668,6.755,0.034,hip2,HIP99257,
116163,,,23.536853,-11.544524,6.755,1.603,hip2,HIP116163,
13458,,,2.888397,-22.090749,6.755,0.957,hip2,HIP13458,
97477,,,19.812153,35.311310,6.755,0.437,hip2,HIP97477,
5198,,,1.107689,-39.856325,6.755,1.548,hip2,HIP5198,
37127,,,7.629116,-35.277203,6.755,1.134,hip2,HIP37127,
42528,,,8.670374,6.565534,6.755,0.899,hip2,HIP42528,
109631,,,22.208297,-40.203016,6.755,0.955,hip2,HIP109631,
1233,,,0.254952,44.203399,6.756,-0.046,hip2,HIP1233,
38331,,,7.851753,-18.247335,6.756,0.958,hip2,HIP38331,
50320,,,10.275784,-19.308164,6.756,0.140,hip2,HIP50320,
111898,,,22.666493,-83.251673,6.756,0.319,hip2,HIP111898,
5886,,,1.259896,0.912449,6.756,0.129,hip2,HIP5886,
42497,,,8.664093,19.540845,6.756,0.956,hip2,HIP42497,
69517,,,14.230408,11.997814,6.756,1.006,hip2,HIP69517,
31017,,,6.508275,-14.954368,6.756,-0.013,hip2,HIP31017,
115220,,,23.337689,-3.918875,6.756,0.520,hip2,HIP115220,
100925,,,20.462292,-30.866578,6.756,0.724,hip2,HIP100925,
103933,,,21.058272,23.996287,6.756,1.389,hip2,HIP103933,
66139,,,13.558194,-43.422734,6.757,0.469,hip2,HIP66139,
109220,,,22.126461,-14.490690,6.757,0.140,hip2,HIP109220,
42038,,,8.569333,-53.071532,6.757,-0.111,hip2,HIP42038,
41782,,,8.519628,40.224950,6.757,0.113,hip2,HIP41782,
77435,,,15.807407,-23.834015,6.757,0.130,hip2,HIP77435,
87798,,,17.935521,-35.048890,6.757,0.035,hip2,HIP87798,
56673,,,11.620755,-69.674218,6.757,0.518,hip2,HIP56673,
79322,,,16.188575,-45.333284,6.757,0.482,hip2,HIP79322,
87823,,,17.940115,18.327026,6.757,0.400,hip2,HIP87823,
6909,,,1.482620,-17.937343,6.757,0.457,hip2,HIP6909,
76982,,,15.719081,-13.056086,6.757,0.543,hip2,HIP76982,
106970,,,21.664990,44.432145,6.757,-0.053,hip2,HIP106970,
70282,,,14.379562,-0.637100,6.758,0.058,hip2,HIP70282,
84217,,,17.215093,0.352206,6.758,0.504,hip2,HIP84217,
87958,,,17.968063,32.648131,6.758,0.466,hip2,HIP87958,
10714,,,2.299254,29.007271,6.758,1.715,hip2,HIP10714,
98643,,,20.036265,-4.989782,6.758,0.162,hip2,HIP98643,
39164,,,8.010118,12.641809,6.758,1.071,hip2,HIP39164,
74752,,,15.276991,-42.370090,6.758,-0.034,hip2,HIP74752,
83480,,,17.061516,-0.145912,6.758,0.190,hip2,HIP83480,
99758,,,20.240500,-62.279184,6.758,1.738,hip2,HIP99758,
1905,,,0.401465,44.264744,6.758,0.413,hip2,HIP1905,
49662,,,10.138368,-58.198549,6.758,0.616,hip2,HIP49662,
,,,16.328567,-51.034557,6.758,1.544,tyc2,TYC8324-01544-1,8324-01544-1
106942,,,21.658720,-0.051140,6.758,0.514,hip2,HIP106942,
28948,,,6.110661,-16.518296,6.758,0.945,hip2,HIP28948,
77278,,,15.777880,-48.736790,6.758,-0.018,hip2,HIP77278,
98444,,,20.002315,-50.216732,6.758,0.404,hip2,HIP98444,
114348,,,23.159016,29.669602,6.758,1.155,hip2,HIP114348,
62610,,,12.829356,-15.882965,6.759,1.488,hip2,HIP62610,
34904,,,7.221775,-0.259518,6.759,0.338,hip2,HIP34904,
100734,,,20.423729,6.641813,6.759,-0.006,hip2,HIP100734,
8689,,,1.863111,18.290284,6.759,1.102,hip2,HIP8689,
82292,,,16.814935,-52.940815,6.759,0.017,hip2,HIP82292,
66825,,,13.695995,-33.597386,6.759,1.584,hip2,HIP66825,
84269,,,17.226870,-15.560287,6.759,0.168,hip2,HIP84269,
93171,,,18.978165,20.623179,6.759,0.039,hip2,HIP93171,
79248,,,16.173391,43.818369,6.760,0.877,hip2,HIP79248,
49561,,,10.118769,-21.255743,6.760,0.417,hip2,HIP49561,
12884,,,2.760238,-71.235956,6.760,0.449,hip2,HIP12884,
49326,,,10.068714,-81.565621,6.760,0.919,hip2,HIP49326,
63276,,,12.966943,-38.917211,6.760,0.107,hip2,HIP63276,
100988,,,20.475191,48.918940,6.760,1.653,hip2,HIP100988,
14150,,,3.040521,26.609648,6.760,0.696,hip2,HIP14150,
45168,,,9.203859,-45.848425,6.760,0.442,hip2,HIP45168,
31886,,,6.665798,-38.158914,6.760,1.175,hip2,HIP31886,
56130,,,11.505747,-25.798609,6.760,1.055,hip2,HIP56130,
17519,,,3.750755,2.621401,6.760,0.487,hip2,HIP17519,
107886,,,21.859370,0.770585,6.760,0.912,hip2,HIP107886,
32948,,,6.863133,86.684597,6.760,1.177,hip2,HIP32948,
25702,,,5.488653,18.365712,6.761,0.120,hip2,HIP25702,
111206,,,22.529227,-35.290443,6.761,0.948,hip2,HIP111206,
36056,,,7.431102,48.547833,6.761,-0.047,hip2,HIP36056,
113354,,,22.957135,43.012803,6.761,1.569,hip2,HIP113354,
21249,,,4.558789,-6.988140,6.761,1.204,hip2,HIP21249,
17923,,,3.832790,23.848803,6.761,0.063,hip2,HIP17923,
105534,,,21.374101,-3.130097,6.761,0.384,hip2,HIP105534,
8751,,,1.876316,-67.944490,6.761,-0.050,hip2,HIP8751,
42505,,,8.666441,-59.546921,6.761,-0.088,hip2,HIP42505,
108129,,,21.906245,-85.033583,6.761,1.157,hip2,HIP108129,
117844,,,23.901110,39.282463,6.761,0.680,hip2,HIP117844,
104941,,,21.257553,42.026065,6.761,0.903,hip2,HIP104941,
67512,,,13.833765,78.995685,6.761,1.136,hip2,HIP67512,
100283,,,20.340610,-6.361514,6.761,1.552,hip2,HIP100283,
41729,,,8.509510,54.119182,6.761,-0.021,hip2,HIP41729,
258,,,0.053689,17.552397,6.762,1.122,hip2,HIP258,
91259,,,18.615018,3.789878,6.762,0.899,hip2,HIP91259,
18052,,,3.858655,-21.280959,6.762,1.058,hip2,HIP18052,
27920,,,5.908223,-8.412562,6.762,1.326,hip2,HIP27920,
48687,,,9.929167,-8.836503,6.762,0.330,hip2,HIP48687,
51325,,,10.483774,29.727596,6.762,1.180,hip2,HIP51325,
75084,,,15.343468,-5.119743,6.762,0.998,hip2,HIP75084,
90609,,,18.489129,17.983950,6.762,-0.064,hip2,HIP90609,
92350,,,18.821428,-34.748895,6.762,1.085,hip2,HIP92350,
67799,,,13.888946,52.322991,6.762,1.480,hip2,HIP67799,
13892,,,2.981402,21.617770,6.763,0.235,hip2,HIP13892,
61280,,,12.558011,-41.414034,6.763,0.237,hip2,HIP61280,
106488,,,21.568781,-4.368171,6.763,0.252,hip2,HIP106488,
4704,,,1.008218,80.545374,6.763,0.393,hip2,HIP4704,
37415,,,7.681277,-31.661173,6.763,1.070,hip2,HIP37415,
61685,,,12.645377,-4.373547,6.763,1.595,hip2,HIP61685,
28150,,,5.948586,-44.009148,6.763,0.521,hip2,HIP28150,
117815,,,23.894428,-65.947341,6.763,0.589,hip2,HIP117815,
136,,,0.028576,24.253181,6.763,1.153,hip2,HIP136,
35261,,,7.285266,-12.033770,6.763,0.436,hip2,HIP35261,
89133,,,18.190815,-5.204996,6.763,0.062,hip2,HIP89133,
45176,,,9.206083,-28.947644,6.764,-0.003,hip2,HIP45176,
47940,,,9.769166,-45.917951,6.764,0.940,hip2,HIP47940,
88905,,,18.148346,-25.473035,6.764,-0.009,hip2,HIP88905,
1595,,,0.332301,16.250900,6.764,0.979,hip2,HIP1595,
42628,,,8.687586,20.476902,6.764,0.112,hip2,HIP42628,
4794,,,1.026171,-38.214560,6.764,0.905,hip2,HIP4794,
104308,,,21.130887,-54.216320,6.764,0.247,hip2,HIP104308,
21601,,,4.637512,60.884252,6.764,1.527,hip2,HIP21601,
117978,,,23.929364,-13.152408,6.764,1.172,hip2,HIP117978,
40001,,,8.169812,35.455562,6.764,0.538,hip2,HIP40001,
43108,,,8.779318,-18.757819,6.764,1.032,hip2,HIP43108,
65760,,,13.481925,-62.102274,6.764,1.076,hip2,HIP65760,
77249,,,15.773334,15.526686,6.764,0.223,hip2,HIP77249,
1192,,,0.248832,-3.027351,6.765,1.499,hip2,HIP1192,
16859,,,3.616121,23.211114,6.765,0.123,hip2,HIP16859,
112169,,,22.717881,65.336256,6.765,-0.025,hip2,HIP112169,
113105,,,22.905023,17.795056,6.765,1.001,hip2,HIP113105,
111088,,,22.505196,57.225450,6.765,0.715,hip2,HIP111088,
1140,,,0.237420,-55.069591,6.765,0.462,hip2,HIP1140,
95245,,,19.378032,37.581199,6.765,1.106,hip2,HIP95245,
97438,,,19.804286,59.422618,6.765,0.592,hip2,HIP97438,
62073,,,12.721797,26.126599,6.765,0.369,hip2,HIP62073,
73213,,,14.962926,-12.437552,6.765,1.410,hip2,HIP73213,
31396,,,6.581578,16.205803,6.765,0.895,hip2,HIP31396,
54801,,,11.218773,67.322899,6.766,0.931,hip2,HIP54801,
101349,,,20.540328,70.532137,6.766,-0.017,hip2,HIP101349,
66874,,,13.705773,-33.980517,6.766,0.424,hip2,HIP66874,
4675,,,1.000940,44.711126,6.766,0.030,tyc2,TYC2811-02323-1,2811-02323-1
34597,,,7.166091,7.724661,6.766,1.546,hip2,HIP34597,
108661,,,22.013957,-28.453770,6.766,-0.057,tyc2,TYC6960-01866-2,6960-01866-2
54795,,,11.218083,-47.055224,6.766,0.634,hip2,HIP54795,
66610,,,13.653859,10.509782,6.766,1.463,hip2,HIP66610,
19878,,,4.262859,-23.237805,6.766,0.078,hip2,HIP19878,
75247,,,15.375890,-44.292860,6.766,0.049,hip2,HIP75247,
46290,,,9.440161,-42.251153,6.767,0.435,hip2,HIP46290,
95755,,,19.476481,-15.102293,6.767,-0.026,hip2,HIP95755,
113190,,,22.921165,-48.491886,6.767,0.458,hip2,HIP113190,
14081,,,3.024738,32.412764,6.767,1.102,hip2,HIP14081,
28409,,,6.000315,-8.107533,6.767,1.529,hip2,HIP28409,
110550,,,22.394912,78.243295,6.767,-0.037,hip2,HIP110550,
50525,,,10.319671,-34.616552,6.767,0.098,hip2,HIP50525,
60490,,,12.400964,25.851254,6.767,0.244,hip2,HIP60490,
102390,,,20.748493,12.312656,6.768,0.170,hip2,HIP102390,
14021,,,3.008752,18.005038,6.768,0.046,hip2,HIP14021,
30079,,,6.329985,-39.486476,6.768,1.254,hip2,HIP30079,
11978,,,2.575143,76.718274,6.768,1.733,hip2,HIP11978,
34913,,,7.223270,13.762993,6.768,1.190,hip2,HIP34913,
2392,,,0.508130,-39.518358,6.768,1.141,hip2,HIP2392,
31314,,,6.567371,-77.687558,6.768,0.489,hip2,HIP31314,
53134,,,10.869476,50.265621,6.768,1.431,hip2,HIP53134,
104642,,,21.196726,59.986548,6.768,0.082,tyc2,TYC3965-00880-2,3965-00880-2
112414,,,22.768847,-48.978705,6.768,0.636,hip2,HIP112414,
30601,,,6.430943,0.812740,6.768,0.963,hip2,HIP30601,
115214,,,23.336563,23.091201,6.768,1.410,hip2,HIP115214,
97647,,,19.845855,20.211399,6.768,0.156,hip2,HIP97647,
89700,,,18.306817,12.980431,6.768,0.002,hip2,HIP89700,
31922,,,6.671279,79.599477,6.769,0.066,hip2,HIP31922,
8063,,,1.726729,51.515826,6.769,1.614,hip2,HIP8063,
70802,,,14.480046,-5.218764,6.769,1.114,hip2,HIP70802,
89594,,,18.282993,68.741690,6.769,-0.071,hip2,HIP89594,
17907,,,3.829577,9.407555,6.769,-0.026,hip2,HIP17907,
6878,,,1.476199,42.267929,6.769,0.505,hip2,HIP6878,
61463,,,12.595226,-16.826136,6.769,0.377,hip2,HIP61463,
84034,,,17.178733,-12.701088,6.769,0.176,hip2,HIP84034,
6336,,,1.356829,-50.936924,6.769,1.085,hip2,HIP6336,
62109,,,12.729908,-12.014173,6.769,1.309,hip2,HIP62109,
96938,,,19.706287,-24.859246,6.769,0.196,hip2,HIP96938,
48990,,,9.995311,3.384748,6.769,0.288,hip2,HIP48990,
64769,,,13.273751,-1.390465,6.769,0.314,hip2,HIP64769,
117906,,,23.915662,29.475620,6.769,-0.036,hip2,HIP117906,
29399,,,6.195308,-18.186130,6.769,0.990,hip2,HIP29399,
58301,,,11.955708,-49.360094,6.769,0.349,hip2,HIP58301,
60984,,,12.500131,-42.929609,6.769,1.685,hip2,HIP60984,
112725,,,22.828027,-77.051046,6.770,0.109,hip2,HIP112725,
58960,,,12.089725,-62.975765,6.770,0.312,hip2,HIP58960,
107984,,,21.876430,62.712175,6.770,0.236,hip2,HIP107984,
35754,,,7.375238,-0.259332,6.770,-0.053,hip2,HIP35754,
55488,,,11.363959,9.168441,6.770,0.298,hip2,HIP55488,
73440,,,15.007696,71.765261,6.770,0.631,hip2,HIP73440,
73345,,,14.988696,-51.576104,6.770,-0.051,hip2,HIP73345,
101839,,,20.638030,48.070056,6.770,0.934,hip2,HIP101839,
25542,,,5.460889,43.367938,6.770,0.003,hip2,HIP25542,
46065,,,9.394318,-33.200500,6.770,0.114,hip2,HIP46065,
93647,,,19.069638,3.330517,6.770,0.144,hip2,HIP93647,
7201,,,1.546587,35.842802,6.771,1.080,hip2,HIP7201,
86564,,,17.689823,67.151951,6.771,1.473,hip2,HIP86564,
102037,,,20.678406,26.079215,6.771,0.059,hip2,HIP102037,
17155,,,3.674455,5.125893,6.771,1.306,hip2,HIP17155,
31019,,,6.509149,5.867004,6.771,0.249,hip2,HIP31019,
90295,,,18.424410,22.706813,6.771,-0.087,hip2,HIP90295,
49694,,,10.144793,1.160717,6.771,0.366,hip2,HIP49694,
,,,7.397923,-29.289716,6.771,-0.007,tyc2,TYC6550-04524-1,6550-04524-1
71008,,,14.522347,43.382333,6.771,0.095,hip2,HIP71008,
16430,,,3.525866,47.862481,6.771,-0.027,hip2,HIP16430,
49428,,,10.090707,-34.882669,6.771,1.097,hip2,HIP49428,
67470,,,13.826709,13.010240,6.771,0.491,hip2,HIP67470,
10194,,,2.184468,-15.070777,6.771,0.079,hip2,HIP10194,
58377,,,11.970535,3.482024,6.771,1.618,hip2,HIP58377,
31231,,,6.551114,78.979568,6.771,1.266,hip2,HIP31231,
37414,,,7.681199,-54.707044,6.771,0.365,hip2,HIP37414,
13851,,,2.971877,32.460732,6.772,1.016,hip2,HIP13851,
44030,,,8.966252,-4.859221,6.772,0.386,hip2,HIP44030,
21585,,,4.635442,-58.203877,6.772,0.932,hip2,HIP21585,
2135,,,0.451252,25.042108,6.772,0.487,hip2,HIP2135,
23730,,,5.101686,68.972619,6.772,0.391,hip2,HIP23730,
75752,,,15.475351,38.723730,6.772,0.370,hip2,HIP75752,
104592,,,21.187655,45.674239,6.773,0.353,hip2,HIP104592,
14592,,,3.140453,57.013181,6.773,0.637,hip2,HIP14592,
58708,,,12.041443,43.085324,6.773,0.860,hip2,HIP58708,
65265,,,13.375275,-6.201804,6.773,0.692,hip2,HIP65265,
84010,,,17.172455,-46.738399,6.773,0.287,hip2,HIP84010,
8132,,,1.742483,-61.018690,6.773,-0.067,hip2,HIP8132,
53211,,,10.883697,-35.489050,6.773,-0.065,hip2,HIP53211,
22897,,,4.925048,-25.727812,6.774,0.271,hip2,HIP22897,
78221,,,15.973341,-44.080738,6.774,0.169,hip2,HIP78221,
38436,,,7.874541,-13.862583,6.774,1.084,hip2,HIP38436,
63359,,,12.982701,-21.546689,6.774,1.289,hip2,HIP63359,
58482,,,11.993128,-46.633128,6.774,0.558,hip2,HIP58482,
35761,,,7.376571,-32.046025,6.774,-0.171,hip2,HIP35761,
8985,,,1.930056,-55.072170,6.774,0.170,hip2,HIP8985,
92086,,,18.767734,-27.499062,6.774,0.944,hip2,HIP92086,
111006,,,22.489539,54.245915,6.774,-0.048,hip2,HIP111006,
34955,,,7.232765,-50.471620,6.774,-0.048,hip2,HIP34955,
41899,,,8.543782,-14.417974,6.774,1.339,hip2,HIP41899,
94576,,,19.247271,31.860301,6.774,1.000,hip2,HIP94576,
18066,,,3.861608,-47.316934,6.774,0.283,hip2,HIP18066,
60850,,,12.471790,4.396602,6.774,0.150,hip2,HIP60850,
27614,,,5.846849,14.443395,6.774,-0.070,hip2,HIP27614,
42309,,,8.626053,-12.585769,6.774,0.284,hip2,HIP42309,
84663,,,17.308305,25.807839,6.774,1.071,hip2,HIP84663,
117954,,,23.925711,52.735534,6.774,1.202,hip2,HIP117954,
79231,,,16.170081,1.601226,6.775,0.961,hip2,HIP79231,
48720,,,9.937180,-53.619221,6.775,-0.088,hip2,HIP48720,
110913,,,22.470532,24.792604,6.775,-0.033,hip2,HIP110913,
7100,,,1.524954,-29.985048,6.775,0.900,hip2,HIP7100,
69299,,,14.184038,-48.782276,6.775,0.917,hip2,HIP69299,
44596,,,9.085171,-29.018159,6.775,1.412,hip2,HIP44596,
59392,,,12.184146,-45.422864,6.775,1.086,hip2,HIP59392,
29416,,,6.197615,21.868241,6.775,2.142,hip2,HIP29416,
104324,,,21.133523,5.151657,6.775,0.127,hip2,HIP104324,
3240,,,0.686873,52.197734,6.775,0.072,hip2,HIP3240,
86624,,,17.699730,-33.503804,6.775,1.047,hip2,HIP86624,
116188,,,23.541472,72.000981,6.775,0.116,hip2,HIP116188,
118177,,,23.972538,35.013023,6.775,0.250,hip2,HIP118177,
72238,,,14.773178,56.616400,6.775,1.137,hip2,HIP72238,
110573,,,22.400134,15.281505,6.776,-0.075,hip2,HIP110573,
19411,,,4.157558,6.725189,6.776,0.098,hip2,HIP19411,
110828,,,22.453029,61.912397,6.776,1.032,hip2,HIP110828,
27227,,,5.770174,64.769009,6.776,1.568,hip2,HIP27227,
,,,17.370277,-41.121238,6.776,1.602,tyc2,TYC7887-02073-1,7887-02073-1
47352,,,9.648520,20.297595,6.776,-0.071,hip2,HIP47352,
100262,,,20.336095,11.469409,6.776,1.389,hip2,HIP100262,
26243,,,5.590714,-15.737952,6.776,-0.124,hip2,HIP26243,
41843,,,8.531805,9.814134,6.777,-0.037,hip2,HIP41843,
82238,,,16.801538,-45.944863,6.777,0.377,hip2,HIP82238,
104499,,,21.168316,-29.721046,6.777,1.578,hip2,HIP104499,
49264,,,10.056545,-33.238284,6.777,1.254,hip2,HIP49264,
106108,,,21.493534,46.426454,6.777,0.147,hip2,HIP106108,
32398,,,6.763905,-0.716449,6.777,-0.025,hip2,HIP32398,
73102,,,14.940222,-44.704238,6.777,0.041,hip2,HIP73102,
106870,,,21.644789,-4.150326,6.777,1.608,hip2,HIP106870,
12460,,,2.674040,-14.449161,6.777,0.261,hip2,HIP12460,
14286,,,3.069097,61.707516,6.777,0.634,hip2,HIP14286,
69823,,,14.289623,-9.022749,6.777,1.267,hip2,HIP69823,
24059,,,5.169568,13.548473,6.777,0.381,hip2,HIP24059,
10816,,,2.320540,57.169235,6.777,0.500,hip2,HIP10816,
78183,,,15.963558,-23.527261,6.777,-0.008,hip2,HIP78183,
85852,,,17.544819,74.227265,6.777,1.043,hip2,HIP85852,
54311,,,11.110800,-28.727519,6.778,0.035,hip2,HIP54311,
51784,,,10.580616,-3.899298,6.778,0.505,hip2,HIP51784,
77958,,,15.921111,-42.605033,6.778,0.402,hip2,HIP77958,
83855,,,17.137711,16.093960,6.778,0.505,hip2,HIP83855,
11900,,,2.559323,-62.586750,6.778,-0.048,hip2,HIP11900,
15173,,,3.258820,-8.770065,6.778,1.154,hip2,HIP15173,
29882,,,6.292692,35.149099,6.778,0.451,hip2,HIP29882,
45879,,,9.355150,13.111647,6.778,0.507,hip2,HIP45879,
50958,,,10.407026,2.393300,6.778,1.003,hip2,HIP50958,
84696,,,17.314028,-2.810374,6.778,0.534,hip2,HIP84696,
41223,,,8.411387,-55.364390,6.778,-0.108,hip2,HIP41223,
30002,,,6.314961,35.208040,6.778,0.970,hip2,HIP30002,
109342,,,22.151452,44.854755,6.778,-0.030,hip2,HIP109342,
98809,,,20.066998,-7.469378,6.779,0.347,hip2,HIP98809,
39183,,,8.013645,12.678449,6.779,-0.065,hip2,HIP39183,
44757,,,9.121862,-57.463795,6.779,0.974,hip2,HIP44757,
45335,,,9.239291,-32.556847,6.779,1.400,hip2,HIP45335,
51246,,,10.467464,-57.198468,6.779,-0.141,hip2,HIP51246,
105205,,,21.310980,24.659498,6.779,0.970,hip2,HIP105205,
34000,,,7.054200,-59.178084,6.779,-0.075,tyc2,TYC8549-01949-2,8549-01949-2
75848,,,15.492996,-17.440956,6.779,0.398,hip2,HIP75848,
94030,,,19.143804,24.179304,6.779,1.969,hip2,HIP94030,
11390,,,2.446007,10.565330,6.779,0.333,hip2,HIP11390,
20675,,,4.428419,-9.926626,6.779,1.561,hip2,HIP20675,
28796,,,6.079659,-48.458248,6.779,0.712,hip2,HIP28796,
99405,,,20.176028,48.231180,6.779,1.181,hip2,HIP99405,
3532,,,0.750667,62.528609,6.779,1.330,hip2,HIP3532,
28417,,,6.001680,27.272371,6.779,1.021,hip2,HIP28417,
1392,,,0.290141,8.876342,6.780,0.589,hip2,HIP1392,
51943,,,10.611835,-27.656374,6.780,1.523,hip2,HIP51943,
76384,,,15.601164,52.069611,6.780,0.329,hip2,HIP76384,
76734,,,15.669710,-56.914522,6.780,1.337,hip2,HIP76734,
56535,,,11.592188,11.188679,6.780,1.039,hip2,HIP56535,
15634,,,3.355292,61.999215,6.780,0.027,hip2,HIP15634,
39914,,,8.151847,-30.322815,6.780,1.398,hip2,HIP39914,
86097,,,17.595155,-6.120432,6.780,1.181,hip2,HIP86097,
6984,,,1.498239,-5.595861,6.780,0.411,hip2,HIP6984,
109843,,,22.246825,22.523441,6.780,0.919,hip2,HIP109843,
12151,,,2.610046,42.400578,6.780,-0.067,hip2,HIP12151,
55802,,,11.433895,-20.582219,6.780,0.203,hip2,HIP55802,
49450,,,10.095916,-30.891627,6.780,1.000,hip2,HIP49450,
105254,,,21.319781,17.822384,6.780,0.366,hip2,HIP105254,
29541,,,6.225137,37.159134,6.781,0.001,hip2,HIP29541,
36080,,,7.434275,-4.537334,6.781,-0.008,hip2,HIP36080,
3490,,,0.743152,-78.082173,6.781,1.079,hip2,HIP3490,
101308,,,20.534755,-5.242423,6.781,1.200,hip2,HIP101308,
100035,,,20.295511,-51.916849,6.781,0.474,hip2,HIP100035,
101998,,,20.670145,-2.654911,6.781,1.048,hip2,HIP101998,
103814,,,21.036853,-43.001877,6.781,0.663,hip2,HIP103814,
8619,,,1.852626,20.514419,6.781,0.330,hip2,HIP8619,
95322,,,19.393584,-53.946118,6.781,0.968,hip2,HIP95322,
93275,,,18.999724,26.965673,6.781,-0.066,hip2,HIP93275,
67908,,,13.908800,-22.244825,6.781,1.050,hip2,HIP67908,
106578,,,21.585733,43.703289,6.781,-0.104,hip2,HIP106578,
78429,,,16.011798,31.568373,6.782,1.094,hip2,HIP78429,
111541,,,22.597135,20.274560,6.782,1.110,hip2,HIP111541,
63045,,,12.918607,-42.290869,6.782,-0.130,hip2,HIP63045,
113402,,,22.966481,-59.089383,6.782,0.344,hip2,HIP113402,
84560,,,17.286155,13.134398,6.782,1.195,hip2,HIP84560,
54819,,,11.222170,33.443895,6.782,1.007,hip2,HIP54819,
26474,,,5.631148,71.654474,6.782,0.872,hip2,HIP26474,
76365,,,15.596912,1.227487,6.782,0.325,hip2,HIP76365,
6393,,,1.369232,-37.051562,6.782,0.264,hip2,HIP6393,
89330,,,18.227038,-31.967315,6.782,-0.043,hip2,HIP89330,
118285,,,23.991770,86.706407,6.782,0.081,hip2,HIP118285,
57362,,,11.759741,35.894287,6.782,1.377,hip2,HIP57362,
63155,,,12.940708,-0.954380,6.782,0.476,hip2,HIP63155,
26508,,,5.637149,-1.169173,6.783,-0.152,hip2,HIP26508,
67735,,,13.875743,16.729058,6.783,1.520,hip2,HIP67735,
18104,,,3.869080,-1.148770,6.783,0.005,hip2,HIP18104,
27962,,,5.915403,5.860815,6.783,0.007,hip2,HIP27962,
11455,,,2.463017,-69.524069,6.783,1.269,hip2,HIP11455,
61019,,,12.505428,-60.989891,6.783,0.452,hip2,HIP61019,
4360,,,0.931375,-53.192415,6.783,1.093,hip2,HIP4360,
59463,,,12.196760,77.440771,6.783,0.042,hip2,HIP59463,
82841,,,16.929517,67.478456,6.783,-0.026,hip2,HIP82841,
109550,,,22.190872,-43.842568,6.783,0.993,hip2,HIP109550,
4025,,,0.859677,12.784824,6.783,0.339,hip2,HIP4025,
92346,,,18.820637,25.046583,6.783,0.094,hip2,HIP92346,
22245,,,4.788310,5.788264,6.784,0.018,hip2,HIP22245,
38902,,,7.961547,-65.908739,6.784,1.605,hip2,HIP38902,
75436,,,15.411626,-35.917067,6.784,0.076,hip2,HIP75436,
91418,,,18.644404,4.854907,6.784,1.090,hip2,HIP91418,
100666,,,20.410638,8.597504,6.784,0.025,hip2,HIP100666,
89770,,,18.318987,71.517765,6.784,0.444,hip2,HIP89770,
75030,,,15.331262,62.474151,6.784,1.231,hip2,HIP75030,
37136,,,7.630801,14.042202,6.784,-0.028,hip2,HIP37136,
73211,,,14.962515,18.986866,6.784,0.927,hip2,HIP73211,
48428,,,9.872685,37.914518,6.784,0.258,hip2,HIP48428,
109245,,,22.131441,-70.285733,6.784,0.544,hip2,HIP109245,
53190,,,10.879578,-68.210385,6.785,1.678,hip2,HIP53190,
108327,,,21.946111,-17.897057,6.785,0.070,hip2,HIP108327,
113829,,,23.051403,20.918643,6.785,0.620,hip2,HIP113829,
31363,,,6.576559,4.968031,6.785,1.488,hip2,HIP31363,
14765,,,3.177567,-57.809803,6.785,0.879,hip2,HIP14765,
111907,,,22.668266,40.670201,6.785,1.696,hip2,HIP111907,
,,,5.529392,5.308487,6.785,1.002,tyc2,TYC0122-01732-1,0122-01732-1
38761,,,7.935130,23.623850,6.785,-0.079,hip2,HIP38761,
41746,,,8.512902,-41.515047,6.785,0.900,hip2,HIP41746,
29166,,,6.152014,7.513532,6.785,0.907,hip2,HIP29166,
26969,,,5.723004,29.200280,6.785,1.075,hip2,HIP26969,
42294,,,8.622805,28.294519,6.785,0.833,hip2,HIP42294,
111563,,,22.601787,-16.387945,6.786,-0.145,hip2,HIP111563,
100598,,,20.398470,16.046905,6.786,-0.011,hip2,HIP100598,
105002,,,21.266558,-13.202532,6.786,1.093,hip2,HIP105002,
18113,,,3.872410,62.344820,6.786,0.161,hip2,HIP18113,
35995,,,7.418557,-14.883232,6.786,0.042,hip2,HIP35995,
103863,,,21.045257,3.350296,6.786,1.077,hip2,HIP103863,
107412,,,21.756069,-12.783353,6.786,0.439,hip2,HIP107412,
24016,,,5.162126,29.798639,6.786,0.526,hip2,HIP24016,
44790,,,9.128478,-44.632455,6.786,-0.010,hip2,HIP44790,
28201,,,5.959249,-18.055195,6.787,0.525,hip2,HIP28201,
27129,,,5.753201,18.704369,6.787,1.583,hip2,HIP27129,
50687,,,10.351019,41.849387,6.787,0.033,hip2,HIP50687,
31130,,,6.532089,4.942857,6.787,0.087,hip2,HIP31130,
3889,,,0.831928,-0.224117,6.787,1.370,hip2,HIP3889,
25856,,,5.519564,-42.299938,6.787,0.355,hip2,HIP25856,
28424,,,6.002677,51.080956,6.787,0.046,hip2,HIP28424,
49541,,,10.114963,-17.444189,6.787,0.230,hip2,HIP49541,
64778,,,13.275513,-44.704377,6.787,2.867,hip2,HIP64778,
86627,,,17.700443,27.645094,6.787,0.183,hip2,HIP86627,
85116,,,17.395652,-58.665213,6.787,-0.089,hip2,HIP85116,
112408,,,22.767982,-55.063590,6.787,1.189,hip2,HIP112408,
46630,,,9.509205,-45.570617,6.788,1.174,hip2,HIP46630,
53029,,,10.849621,-59.957311,6.788,-0.044,hip2,HIP53029,
27383,,,5.799466,-40.653011,6.788,1.120,hip2,HIP27383,
68024,,,13.929991,-9.559893,6.788,1.550,hip2,HIP68024,
77059,,,15.734471,-31.603132,6.788,0.962,hip2,HIP77059,
42042,,,8.569843,-36.906350,6.788,0.428,hip2,HIP42042,
31966,,,6.680407,-47.674661,6.788,1.601,hip2,HIP31966,
38512,,,7.887118,-34.938541,6.788,0.819,hip2,HIP38512,
93404,,,19.022931,20.832856,6.788,0.004,hip2,HIP93404,
9147,,,1.964740,75.336138,6.788,0.962,hip2,HIP9147,
68418,,,14.006506,39.029939,6.788,1.297,hip2,HIP68418,
87211,,,17.817766,62.798666,6.788,0.373,hip2,HIP87211,
89898,,,18.344074,22.797432,6.788,-0.050,hip2,HIP89898,
114031,,,23.092509,14.959083,6.788,0.006,hip2,HIP114031,
43039,,,8.769322,-10.829867,6.788,1.579,hip2,HIP43039,
16163,,,3.471464,-57.882192,6.788,1.580,hip2,HIP16163,
24172,,,5.190988,30.805339,6.788,1.165,hip2,HIP24172,
72550,,,14.832299,24.720472,6.788,0.027,hip2,HIP72550,
73353,,,14.990272,39.644818,6.789,0.403,hip2,HIP73353,
40514,,,8.271515,-86.557404,6.789,0.064,hip2,HIP40514,
78448,,,16.015260,39.177489,6.789,0.131,hip2,HIP78448,
114428,,,23.174176,-60.564340,6.789,0.214,hip2,HIP114428,
33743,,,7.009747,-20.640290,6.789,0.289,hip2,HIP33743,
105688,,,21.406293,30.936617,6.789,0.191,hip2,HIP105688,
29579,,,6.232530,-7.248082,6.789,-0.004,hip2,HIP29579,
36515,,,7.511827,-37.339492,6.789,0.641,hip2,HIP36515,
19679,,,4.216235,32.532771,6.790,1.704,hip2,HIP19679,
12091,,,2.597256,34.725376,6.790,0.200,hip2,HIP12091,
86859,,,17.747159,35.217638,6.790,1.113,hip2,HIP86859,
38081,,,7.804183,-54.714270,6.790,1.111,hip2,HIP38081,
79204,,,16.165646,59.871786,6.790,0.069,hip2,HIP79204,
21468,,,4.610537,36.952931,6.790,1.230,hip2,HIP21468,
97345,,,19.784945,-62.453569,6.790,1.607,hip2,HIP97345,
116679,,,23.645457,-62.885482,6.790,0.926,hip2,HIP116679,
42949,,,8.754841,-6.978505,6.790,1.472,hip2,HIP42949,
91234,,,18.610286,22.107604,6.790,0.068,hip2,HIP91234,
105181,,,21.307264,-20.335412,6.790,1.043,hip2,HIP105181,
48710,,,9.935014,52.269065,6.790,0.984,hip2,HIP48710,
96423,,,19.603504,6.007449,6.791,1.084,hip2,HIP96423,
42327,,,8.629663,19.267250,6.791,0.193,hip2,HIP42327,
55537,,,11.375468,-53.369849,6.791,0.037,hip2,HIP55537,
58410,,,11.976487,-77.825394,6.791,0.214,hip2,HIP58410,
106199,,,21.511215,-14.291127,6.791,1.202,hip2,HIP106199,
13944,,,2.993441,-7.179849,6.791,1.076,hip2,HIP13944,
37789,,,7.748943,39.556366,6.791,0.483,tyc2,TYC2963-01687-1,2963-01687-1
55769,,,11.427631,3.301243,6.791,0.207,hip2,HIP55769,
103530,,,20.975014,50.461899,6.791,-0.111,tyc2,TYC3583-01164-2,3583-01164-2
115544,,,23.404574,3.715581,6.791,1.152,hip2,HIP115544,
51179,,,10.453404,11.317056,6.791,0.855,hip2,HIP51179,
58591,,,12.014638,70.237823,6.791,0.101,hip2,HIP58591,
91408,,,18.642888,15.083668,6.792,0.023,hip2,HIP91408,
111828,,,22.651274,37.375432,6.792,-0.118,hip2,HIP111828,
96524,,,19.623180,18.976540,6.792,1.513,hip2,HIP96524,
116994,,,23.718319,-46.312158,6.792,0.901,hip2,HIP116994,
18545,,,3.967416,72.724577,6.792,1.266,hip2,HIP18545,
28322,,,5.983823,-51.223202,6.792,-0.099,hip2,HIP28322,
82460,,,16.852057,9.404607,6.792,0.529,hip2,HIP82460,
29163,,,6.151886,-8.301577,6.792,1.363,hip2,HIP29163,
103262,,,20.919009,1.813217,6.792,0.377,hip2,HIP103262,
105430,,,21.355677,46.729799,6.792,0.176,hip2,HIP105430,
47397,,,9.657390,-54.753372,6.792,-0.126,hip2,HIP47397,
88384,,,18.048416,-27.826662,6.792,1.200,hip2,HIP88384,
99994,,,20.285973,-67.455111,6.792,0.230,hip2,HIP99994,
107225,,,21.717224,-43.495947,6.792,0.559,hip2,HIP107225,
41268,,,8.419658,-31.940207,6.792,-0.082,hip2,HIP41268,
44316,,,9.025372,-4.456044,6.792,1.406,hip2,HIP44316,
116417,,,23.590784,8.519740,6.792,1.649,hip2,HIP116417,
37145,,,7.632658,-32.131180,6.792,0.392,hip2,HIP37145,
24447,,,5.244290,31.402029,6.793,1.007,hip2,HIP24447,
28433,,,6.004773,12.611428,6.793,-0.043,hip2,HIP28433,
52536,,,10.741144,-23.985463,6.793,1.280,hip2,HIP52536,
93272,,,18.999568,-71.932580,6.793,-0.037,hip2,HIP93272,
39948,,,8.158428,32.221160,6.793,0.486,hip2,HIP39948,
54019,,,11.051410,-25.575079,6.793,0.275,hip2,HIP54019,
118309,,,23.996615,11.273425,6.793,0.146,hip2,HIP118309,
50505,,,10.314416,44.049050,6.793,0.653,hip2,HIP50505,
82588,,,16.883116,-0.022815,6.793,0.749,hip2,HIP82588,
36982,,,7.601164,-77.634148,6.793,1.728,hip2,HIP36982,
47604,,,9.706490,-0.279469,6.793,0.863,hip2,HIP47604,
68170,,,13.955965,-62.488791,6.793,0.790,hip2,HIP68170,
54006,,,11.048561,-72.242220,6.794,0.017,hip2,HIP54006,
1176,,,0.244552,-14.805142,6.794,1.030,hip2,HIP1176,
3142,,,0.665998,-33.961186,6.794,0.519,hip2,HIP3142,
27537,,,5.831720,-30.621130,6.794,0.951,hip2,HIP27537,
18847,,,4.041115,-78.633080,6.794,1.075,hip2,HIP18847,
69699,,,14.266636,56.689372,6.794,0.580,hip2,HIP69699,
96264,,,19.573662,71.605530,6.794,0.428,hip2,HIP96264,
71890,,,14.703668,-32.770000,6.794,0.912,hip2,HIP71890,
89978,,,18.358191,51.301144,6.794,1.387,hip2,HIP89978,
13828,,,2.966264,64.419085,6.794,1.137,hip2,HIP13828,
101588,,,20.588339,41.890132,6.795,0.930,hip2,HIP101588,
64362,,,13.191786,-35.129908,6.795,1.139,hip2,HIP64362,
16661,,,3.573541,-65.764259,6.795,0.163,hip2,HIP16661,
29756,,,6.265880,-29.788434,6.795,1.545,hip2,HIP29756,
30650,,,6.440322,-0.776741,6.795,-0.018,hip2,HIP30650,
77652,,,15.852802,52.906998,6.795,0.138,hip2,HIP77652,
96507,,,19.619934,28.500060,6.795,0.606,hip2,HIP96507,
13512,,,2.900269,47.160923,6.795,0.046,hip2,HIP13512,
27961,,,5.915333,14.219888,6.795,1.025,hip2,HIP27961,
73238,,,14.968138,-17.364213,6.796,1.253,hip2,HIP73238,
93822,,,19.106398,7.155497,6.796,0.382,hip2,HIP93822,
116436,,,23.594443,-27.490098,6.796,0.560,hip2,HIP116436,
58748,,,12.048989,-62.175287,6.796,0.043,hip2,HIP58748,
181,,,0.038254,60.703194,6.796,1.832,hip2,HIP181,
25363,,,5.425000,34.186361,6.796,0.651,hip2,HIP25363,
44996,,,9.164677,-47.476217,6.796,-0.128,hip2,HIP44996,
88374,,,18.046186,-5.358047,6.796,0.136,hip2,HIP88374,
32936,,,6.861449,-2.402716,6.796,1.380,hip2,HIP32936,
20229,,,4.335851,-16.437244,6.796,-0.030,hip2,HIP20229,
27788,,,5.880332,-34.560467,6.796,0.916,hip2,HIP27788,
100192,,,20.322544,14.370703,6.796,0.362,hip2,HIP100192,
108829,,,22.047093,66.064241,6.796,0.101,hip2,HIP108829,
2994,,,0.634602,-0.503503,6.796,1.301,hip2,HIP2994,
28301,,,5.981368,25.777062,6.796,0.967,hip2,HIP28301,
82829,,,16.926475,-43.315948,6.796,0.029,hip2,HIP82829,
115500,,,23.396494,32.531218,6.796,0.452,hip2,HIP115500,
96314,,,19.583260,-81.752967,6.796,1.042,hip2,HIP96314,
66113,,,13.552549,5.853018,6.797,0.935,hip2,HIP66113,
93801,,,19.102988,-9.632186,6.797,1.029,hip2,HIP93801,
113947,,,23.075738,63.240587,6.797,1.025,hip2,HIP113947,
109561,,,22.193890,-34.465065,6.797,0.568,hip2,HIP109561,
67461,,,13.824814,6.343909,6.797,0.083,hip2,HIP67461,
34041,,,7.061921,-25.083921,6.797,-0.166,hip2,HIP34041,
49902,,,10.188627,-18.956962,6.797,1.540,hip2,HIP49902,
28416,,,6.001369,28.125779,6.797,1.634,hip2,HIP28416,
54910,,,11.243806,-1.270754,6.797,1.112,hip2,HIP54910,
79047,,,16.134926,10.080505,6.797,0.169,hip2,HIP79047,
96143,,,19.548581,31.236062,6.797,0.450,hip2,HIP96143,
31096,,,6.525440,37.178022,6.797,0.940,hip2,HIP31096,
48042,,,9.793465,-33.243568,6.797,1.003,hip2,HIP48042,
92950,,,18.937328,-18.709414,6.797,0.977,hip2,HIP92950,
59055,,,12.110521,-37.860101,6.797,1.016,hip2,HIP59055,
82316,,,16.819333,12.909130,6.798,0.940,hip2,HIP82316,
72869,,,14.894397,6.241789,6.798,1.170,hip2,HIP72869,
87430,,,17.866686,4.487298,6.798,1.736,hip2,HIP87430,
9403,,,2.013454,59.959396,6.798,0.137,hip2,HIP9403,
79071,,,16.140897,-10.102041,6.798,0.507,hip2,HIP79071,
108402,,,21.960931,-8.564331,6.798,-0.041,hip2,HIP108402,
2539,,,0.537234,34.993943,6.798,0.191,hip2,HIP2539,
,,,15.727206,-51.629668,6.798,1.378,tyc2,TYC8308-02159-1,8308-02159-1
94969,,,19.325525,22.570760,6.798,1.531,hip2,HIP94969,
114222,,,23.131623,75.387534,6.798,0.407,tyc2,TYC4601-03531-2,4601-03531-2
42728,,,8.707865,-47.521209,6.798,0.232,hip2,HIP42728,
47328,,,9.644651,-39.613978,6.799,0.491,hip2,HIP47328,
48884,,,9.970556,-25.131121,6.799,0.069,hip2,HIP48884,
39013,,,7.983538,-48.376321,6.799,-0.125,hip2,HIP39013,
88702,,,18.108205,-58.570926,6.799,-0.094,hip2,HIP88702,
22611,,,4.865052,-34.238681,6.799,0.533,hip2,HIP22611,
27700,,,5.865382,-41.105315,6.799,1.647,hip2,HIP27700,
55518,,,11.370985,-58.385927,6.799,0.948,hip2,HIP55518,
25008,,,5.354819,54.252482,6.799,1.160,hip2,HIP25008,
39421,,,8.058260,-49.498624,6.799,1.032,hip2,HIP39421,
63096,,,12.927514,54.961221,6.799,0.037,hip2,HIP63096,
79492,,,16.221762,13.527928,6.799,0.764,hip2,HIP79492,
63623,,,13.039635,-28.286325,6.799,1.520,hip2,HIP63623,
93649,,,19.070610,-22.896507,6.799,0.206,hip2,HIP93649,
5344,,,1.139400,9.908201,6.799,1.661,hip2,HIP5344,
78775,,,16.082562,39.156381,6.799,0.734,hip2,HIP78775,
8122,,,1.739657,32.516041,6.800,0.247,hip2,HIP8122,
100797,,,20.437587,2.957179,6.800,0.919,hip2,HIP100797,
24957,,,5.345300,37.438677,6.800,0.000,hip2,HIP24957,
29292,,,6.175534,-34.816861,6.800,0.775,hip2,HIP29292,
13904,,,2.983707,-34.189051,6.800,1.604,hip2,HIP13904,
82879,,,16.937977,-61.640584,6.800,0.052,hip2,HIP82879,
30569,,,6.425719,23.442167,6.800,1.111,hip2,HIP30569,
91960,,,18.744678,-6.536134,6.800,1.868,hip2,HIP91960,
102052,,,20.681673,17.571002,6.800,-0.058,hip2,HIP102052,
43156,,,8.789965,-34.600387,6.800,1.429,hip2,HIP43156,
72499,,,14.823941,10.044363,6.800,1.260,hip2,HIP72499,
21381,,,4.588250,-24.532963,6.801,0.497,hip2,HIP21381,
49747,,,10.155453,20.332394,6.801,0.553,hip2,HIP49747,
37975,,,7.783454,64.052015,6.801,0.125,hip2,HIP37975,
84297,,,17.233895,-27.796559,6.801,0.578,hip2,HIP84297,
94680,,,19.266012,31.240859,6.801,-0.084,hip2,HIP94680,
56326,,,11.547648,-36.209127,6.801,0.593,hip2,HIP56326,
74110,,,15.145899,-61.633754,6.801,-0.079,hip2,HIP74110,
112876,,,22.858181,62.972302,6.801,0.759,hip2,HIP112876,
69271,,,14.181074,-32.075703,6.801,1.189,hip2,HIP69271,
77403,,,15.801810,-50.589781,6.801,0.471,hip2,HIP77403,
87945,,,17.965763,-36.007911,6.801,0.120,hip2,HIP87945,
104643,,,21.196815,29.711712,6.801,-0.143,hip2,HIP104643,
69972,,,14.318154,-59.377068,6.801,1.016,hip2,HIP69972,
111589,,,22.606202,37.842240,6.801,-0.131,hip2,HIP111589,
85259,,,17.421887,8.924803,6.801,1.511,hip2,HIP85259,
5262,,,1.120519,49.555468,6.802,-0.031,hip2,HIP5262,
17147,,,3.672684,-3.216461,6.802,0.554,hip2,HIP17147,
30735,,,6.457759,5.175427,6.802,0.371,hip2,HIP30735,
101120,,,20.497937,-18.586157,6.802,0.220,hip2,HIP101120,
101533,,,20.576668,41.098358,6.802,1.491,hip2,HIP101533,
74016,,,15.125850,9.225975,6.802,0.680,hip2,HIP74016,
81474,,,16.641295,-18.220427,6.802,0.248,hip2,HIP81474,
91042,,,18.572136,29.741979,6.802,1.025,hip2,HIP91042,
96065,,,19.532538,-54.165219,6.802,1.470,hip2,HIP96065,
97050,,,19.723623,22.495001,6.802,-0.085,hip2,HIP97050,
84787,,Inquill,17.330953,-48.548809,6.802,0.614,hip2,HIP84787,
10482,,,2.252667,0.720195,6.803,0.122,hip2,HIP10482,
94168,,,19.168963,-71.548551,6.803,0.978,hip2,HIP94168,
68146,,,13.951750,20.953955,6.803,1.569,hip2,HIP68146,
103637,,,20.997582,44.996449,6.803,1.002,hip2,HIP103637,
85661,,,17.505554,-4.369398,6.803,0.319,hip2,HIP85661,
,,,1.570327,-57.001283,6.803,-0.020,tyc2,TYC8478-00128-1,8478-00128-1
48977,,,9.991154,21.321450,6.803,0.205,hip2,HIP48977,
9285,,,1.988760,-26.432265,6.803,0.023,hip2,HIP9285,
78722,,,16.070418,34.178758,6.803,0.065,hip2,HIP78722,
102910,,,20.848883,34.754001,6.803,1.024,hip2,HIP102910,
73028,,,14.924613,12.430874,6.803,0.042,hip2,HIP73028,
35733,,,7.371224,-35.916474,6.803,0.559,hip2,HIP35733,
52550,,,10.744262,-36.930579,6.803,0.519,hip2,HIP52550,
89429,,,18.251419,-29.822961,6.803,1.681,hip2,HIP89429,
9875,,,2.117364,-8.606308,6.804,0.932,hip2,HIP9875,
47636,,,9.712385,30.111456,6.804,0.300,hip2,HIP47636,
92977,,,18.942234,-48.992171,6.804,0.836,hip2,HIP92977,
4584,,,0.978639,47.036606,6.804,-0.100,hip2,HIP4584,
55455,,,11.357489,6.634958,6.804,0.523,hip2,HIP55455,
93188,,,18.981388,-48.505914,6.804,1.322,hip2,HIP93188,
114952,,,23.283074,-7.160890,6.804,0.415,hip2,HIP114952,
52131,,,10.650508,-75.157497,6.804,0.169,hip2,HIP52131,
38235,,,7.833092,-23.798243,6.804,0.310,hip2,HIP38235,
46348,,,9.449707,-48.694093,6.804,-0.036,hip2,HIP46348,
82142,,,16.781395,2.242388,6.804,0.356,hip2,HIP82142,
13210,,,2.833420,30.526329,6.805,0.398,hip2,HIP13210,
32964,,,6.866169,25.662979,6.805,0.162,hip2,HIP32964,
39137,,,8.005426,-45.456968,6.805,1.272,hip2,HIP39137,
79046,,,16.134754,-58.970686,6.805,0.224,hip2,HIP79046,
90882,,,18.538559,67.776893,6.805,1.396,hip2,HIP90882,
33858,,,7.029224,69.646453,6.805,0.969,hip2,HIP33858,
43683,,,8.898708,19.967147,6.805,0.701,hip2,HIP43683,
14228,,,3.057826,6.226824,6.805,0.342,hip2,HIP14228,
88142,,,18.003202,-24.284184,6.805,1.082,hip2,HIP88142,
43571,,,8.873533,-55.341677,6.805,0.014,hip2,HIP43571,
99681,,,20.228220,-34.118441,6.805,0.792,hip2,HIP99681,
103024,,,20.872490,55.051213,6.805,0.079,hip2,HIP103024,
37635,,,7.722651,-52.164503,6.806,0.550,hip2,HIP37635,
48662,,,9.923921,-41.586892,6.806,3.761,hip2,HIP48662,
34351,,,7.121367,24.168491,6.806,1.643,hip2,HIP34351,
51029,,,10.425163,36.204607,6.806,0.982,hip2,HIP51029,
84290,,,17.231657,-38.294904,6.806,0.458,hip2,HIP84290,
89097,,,18.184784,-25.762335,6.806,1.422,hip2,HIP89097,
53460,,,10.936260,0.432934,6.806,1.348,hip2,HIP53460,
108779,,,22.035370,-75.678992,6.806,1.439,hip2,HIP108779,
58942,,,12.085729,-61.179529,6.806,0.896,hip2,HIP58942,
94962,,,19.324362,31.966329,6.806,-0.085,hip2,HIP94962,
,,,15.914018,-50.338307,6.806,0.207,tyc2,TYC8317-01709-1,8317-01709-1
30476,,,6.406781,-42.849408,6.806,0.673,hip2,HIP30476,
4983,,,1.064823,47.642302,6.806,-0.055,hip2,HIP4983,
27844,,,5.891296,37.338849,6.806,0.200,hip2,HIP27844,
28900,,,6.101549,-33.219283,6.806,0.500,hip2,HIP28900,
32315,,,6.746277,44.505542,6.806,1.224,hip2,HIP32315,
36739,,,7.556844,15.639148,6.806,1.071,hip2,HIP36739,
71348,,,14.591887,-89.771696,6.806,1.698,hip2,HIP71348,
43602,,,8.879932,-47.394300,6.806,-0.034,hip2,HIP43602,
77455,,,15.814026,12.723638,6.806,0.024,hip2,HIP77455,
30205,,,6.354970,42.340377,6.806,0.015,hip2,HIP30205,
51809,,,10.585030,2.204531,6.807,1.267,hip2,HIP51809,
4965,,,1.060941,84.606922,6.807,0.246,hip2,HIP4965,
35578,,,7.342377,-26.700342,6.807,0.248,hip2,HIP35578,
64892,,,13.301425,-44.055334,6.807,-0.018,hip2,HIP64892,
7658,,,1.643680,21.398231,6.807,1.429,hip2,HIP7658,
20963,,,4.495238,10.521854,6.807,0.086,hip2,HIP20963,
112559,,,22.797306,-4.228274,6.807,0.654,hip2,HIP112559,
62241,,,12.756528,-48.170509,6.807,1.150,hip2,HIP62241,
63236,,,12.957291,-67.960665,6.807,0.083,hip2,HIP63236,
89999,,,18.363457,21.507789,6.807,-0.090,hip2,HIP89999,
100787,,,20.434653,-46.659956,6.807,0.274,hip2,HIP100787,
46873,,,9.552052,49.438642,6.807,0.120,hip2,HIP46873,
30970,,,6.500637,7.921119,6.808,1.549,hip2,HIP30970,
9858,,,2.113652,29.269419,6.808,0.186,hip2,HIP9858,
27344,,,5.791524,-41.590183,6.808,1.585,hip2,HIP27344,
24663,,,5.291989,20.132071,6.808,0.523,hip2,HIP24663,
,,,7.969341,-60.816893,6.808,1.229,tyc2,TYC8911-03393-1,8911-03393-1
40070,,,8.185399,-40.758351,6.808,1.526,hip2,HIP40070,
84483,,,17.271551,-42.339033,6.808,0.130,hip2,HIP84483,
18337,,,3.920985,-38.759239,6.808,-0.029,hip2,HIP18337,
35467,,,7.321695,-58.052360,6.808,0.299,hip2,HIP35467,
36163,,,7.449592,43.258445,6.808,1.370,hip2,HIP36163,
64459,,,13.212332,-31.872599,6.808,0.591,hip2,HIP64459,
38150,,,7.818382,-11.181158,6.808,0.286,hip2,HIP38150,
47363,,,9.650036,-17.624190,6.809,0.255,hip2,HIP47363,
72066,,,14.741157,45.186019,6.809,0.292,hip2,HIP72066,
82894,,,16.940040,80.859553,6.809,0.996,hip2,HIP82894,
19036,,,4.077671,17.517579,6.809,1.118,hip2,HIP19036,
56145,,,11.507962,43.578317,6.809,0.912,hip2,HIP56145,
29901,,,6.295828,39.473886,6.809,1.902,hip2,HIP29901,
38231,,,7.832506,28.198784,6.809,0.089,hip2,HIP38231,
50221,,,10.252088,-55.549291,6.809,1.108,hip2,HIP50221,
82011,,,16.753181,-3.084922,6.809,1.790,hip2,HIP82011,
33672,,,6.995679,52.572473,6.809,1.390,hip2,HIP33672,
32688,,,6.819052,23.201937,6.809,0.013,hip2,HIP32688,
19836,,,4.253076,-37.196901,6.810,0.130,hip2,HIP19836,
61995,,,12.704969,33.688839,6.810,1.074,hip2,HIP61995,
36980,,,7.600963,-57.296031,6.810,1.204,hip2,HIP36980,
74663,,,15.257719,-79.136429,6.810,0.836,hip2,HIP74663,
64218,,,13.161779,-16.515192,6.810,0.168,hip2,HIP64218,
35648,,,7.356158,-48.527115,6.810,-0.068,hip2,HIP35648,
43197,,,8.800232,-49.574684,6.810,0.424,hip2,HIP43197,
48768,,,9.946864,4.242196,6.810,0.476,hip2,HIP48768,
69481,,,14.224375,51.787872,6.810,0.394,hip2,HIP69481,
79152,,,16.154902,41.095040,6.810,0.530,hip2,HIP79152,
104728,,,21.214829,35.797719,6.810,0.160,hip2,HIP104728,
6966,,,1.494769,22.826232,6.810,0.097,hip2,HIP6966,
89641,,,18.293809,-15.430710,6.810,0.398,hip2,HIP89641,
34572,,,7.160495,60.792205,6.810,1.087,hip2,HIP34572,
67270,,,13.787007,-19.255754,6.810,0.323,hip2,HIP67270,
82254,,,16.806849,-31.203624,6.811,-0.041,hip2,HIP82254,
31696,,,6.631240,23.604453,6.811,0.875,hip2,HIP31696,
103813,,,21.036808,7.179801,6.811,0.500,hip2,HIP103813,
105683,,,21.405762,-24.422437,6.811,0.357,hip2,HIP105683,
115643,,,23.426697,52.979499,6.811,1.594,hip2,HIP115643,
10232,,,2.192311,-18.976717,6.811,0.957,hip2,HIP10232,
21410,,,4.595426,59.400846,6.811,0.065,hip2,HIP21410,
117444,,,23.813362,-47.650010,6.811,0.989,hip2,HIP117444,
111864,,,22.658703,37.353644,6.811,0.950,hip2,HIP111864,
30299,,,6.373112,-45.960364,6.811,-0.104,hip2,HIP30299,
99759,,,20.240576,80.531865,6.811,0.007,hip2,HIP99759,
68088,,,13.940718,-52.035583,6.811,0.291,hip2,HIP68088,
19626,,,4.205655,-4.410284,6.811,1.584,hip2,HIP19626,
24528,,,5.262197,-22.894373,6.811,0.140,hip2,HIP24528,
16143,,,3.467054,20.464280,6.811,0.471,hip2,HIP16143,
26200,,,5.584097,-58.871193,6.811,1.504,hip2,HIP26200,
79000,,,16.126315,-36.719679,6.811,1.116,hip2,HIP79000,
79524,,,16.227894,-21.399980,6.812,0.617,hip2,HIP79524,
25653,,,5.479983,78.300589,6.812,0.377,hip2,HIP25653,
29917,,,6.298149,-4.382595,6.812,1.191,hip2,HIP29917,
50692,,,10.351995,-5.415041,6.812,1.569,hip2,HIP50692,
103705,,,21.014761,-36.054120,6.812,1.057,hip2,HIP103705,
63479,,,13.007123,31.779239,6.812,0.916,hip2,HIP63479,
42430,,,8.652197,-22.661834,6.812,0.863,tyc2,TYC6571-03298-2,6571-03298-2
508,,,0.101182,40.418536,6.812,0.912,hip2,HIP508,
12363,,,2.652486,-9.831138,6.812,1.008,hip2,HIP12363,
81073,,,16.559453,10.369074,6.812,0.243,hip2,HIP81073,
21446,,,4.605448,11.412519,6.812,0.263,hip2,HIP21446,
22650,,,4.872631,45.940043,6.813,0.558,hip2,HIP22650,
101728,,,20.620189,52.973117,6.813,1.098,hip2,HIP101728,
97612,,,19.839419,61.208974,6.813,0.514,hip2,HIP97612,
117917,,,23.917738,-9.460600,6.813,0.337,hip2,HIP117917,
47022,,,9.583250,12.654564,6.813,-0.023,hip2,HIP47022,
56909,,,11.666260,-38.108315,6.813,0.966,hip2,HIP56909,
113792,,,23.043826,-18.541687,6.813,1.000,hip2,HIP113792,
47330,,,9.644984,75.205434,6.813,1.057,hip2,HIP47330,
74858,,,15.298073,33.594331,6.813,0.912,hip2,HIP74858,
65970,,,13.525949,-61.582359,6.813,0.777,hip2,HIP65970,
109460,,,22.175484,-10.820462,6.813,1.113,hip2,HIP109460,
2907,,,0.613788,-76.309571,6.813,0.394,hip2,HIP2907,
69213,,,14.170296,-30.620888,6.813,0.111,hip2,HIP69213,
95680,,,19.461411,4.709696,6.813,0.368,hip2,HIP95680,
36836,,,7.574699,-13.870406,6.813,0.488,hip2,HIP36836,
81100,,,16.564552,-48.111235,6.813,0.316,hip2,HIP81100,
44476,,,9.062064,-5.171371,6.814,-0.059,hip2,HIP44476,
91050,,,18.573691,-54.087981,6.814,0.413,hip2,HIP91050,
11622,,,2.498696,-22.683189,6.814,0.193,hip2,HIP11622,
36875,,,7.580854,-44.296147,6.814,-0.030,hip2,HIP36875,
41679,,,8.497096,26.192883,6.814,-0.017,hip2,HIP41679,
42101,,,8.581531,48.533786,6.814,0.202,hip2,HIP42101,
95532,,,19.432334,-49.842671,6.814,0.953,hip2,HIP95532,
26122,,,5.571061,-18.811999,6.814,1.609,hip2,HIP26122,
93218,,,18.988150,10.141012,6.814,0.211,hip2,HIP93218,
24793,,,5.315388,41.095564,6.814,1.521,hip2,HIP24793,
25298,,,5.411758,-52.312975,6.814,0.066,hip2,HIP25298,
30252,,,6.363902,-51.237719,6.814,0.227,hip2,HIP30252,
52261,,,10.678369,-64.653218,6.814,-0.023,hip2,HIP52261,
45837,,,9.345646,-31.760222,6.814,0.008,hip2,HIP45837,
23363,,,5.023792,-0.696846,6.814,0.149,hip2,HIP23363,
103559,,,20.982118,44.060411,6.814,1.073,hip2,HIP103559,
62388,,,12.786271,15.591710,6.814,0.904,hip2,HIP62388,
28969,,,6.113517,23.638607,6.814,1.370,hip2,HIP28969,
55391,,,11.342233,44.998352,6.814,0.340,hip2,HIP55391,
56178,,,11.515260,28.451566,6.815,1.523,hip2,HIP56178,
95051,,,19.340428,32.098936,6.815,-0.103,hip2,HIP95051,
7358,,,1.580278,20.172836,6.815,1.086,hip2,HIP7358,
88132,,,18.002032,6.553938,6.815,0.078,hip2,HIP88132,
52320,,,10.690595,-56.068733,6.815,-0.004,hip2,HIP52320,
13887,,,2.980373,43.364587,6.815,0.992,hip2,HIP13887,
97742,,,19.862837,-37.336171,6.815,1.194,hip2,HIP97742,
63328,,,12.977767,-2.903604,6.815,1.406,hip2,HIP63328,
36746,,,7.557638,11.011751,6.816,0.700,hip2,HIP36746,
117932,,,23.921299,-31.884274,6.816,-0.080,hip2,HIP117932,
33517,,,6.966858,-46.095892,6.816,-0.062,hip2,HIP33517,
16478,,,3.536645,11.542525,6.816,0.035,hip2,HIP16478,
33810,,,7.019404,11.774637,6.816,0.107,hip2,HIP33810,
26258,,,5.592046,-5.267388,6.816,0.184,hip2,HIP26258,
94883,,,19.308687,0.423384,6.816,0.401,hip2,HIP94883,
97417,,,19.799994,-20.957588,6.816,0.890,hip2,HIP97417,
8034,,,1.719752,48.516776,6.816,1.874,hip2,HIP8034,
92142,,,18.779797,-29.631559,6.816,1.523,hip2,HIP92142,
98657,,,20.038856,13.909467,6.816,1.257,hip2,HIP98657,
99955,,,20.280285,56.040316,6.816,1.199,hip2,HIP99955,
33718,,,7.005021,15.535288,6.816,-0.129,hip2,HIP33718,
96610,,,19.641445,-65.914238,6.816,0.062,hip2,HIP96610,
35149,,,7.265633,-16.235373,6.817,-0.152,hip2,HIP35149,
96313,,,19.583036,27.225252,6.817,0.290,hip2,HIP96313,
21148,,,4.533588,53.912597,6.817,0.099,tyc2,TYC3732-01027-1,3732-01027-1
103606,,,20.991421,55.940098,6.817,1.285,hip2,HIP103606,
25981,,,5.544955,-16.319302,6.817,1.526,hip2,HIP25981,
62646,,,12.836617,-60.400516,6.817,0.348,hip2,HIP62646,
39282,,,8.032534,-27.214789,6.817,-0.040,hip2,HIP39282,
42819,,,8.725004,-61.688644,6.817,-0.111,hip2,HIP42819,
29637,,,6.245358,16.037043,6.817,0.942,hip2,HIP29637,
116387,,,23.583937,-56.825317,6.817,0.383,hip2,HIP116387,
56076,,,11.493762,-28.030583,6.818,1.350,hip2,HIP56076,
112981,,,22.880375,46.548430,6.818,-0.033,hip2,HIP112981,
9807,,,2.102973,-10.276150,6.818,0.311,hip2,HIP9807,
41252,,,8.416215,-15.294201,6.818,0.193,hip2,HIP41252,
48571,,,9.906407,-46.636884,6.818,0.985,hip2,HIP48571,
117659,,,23.861959,-40.827528,6.818,1.096,hip2,HIP117659,
6760,,,1.449453,-41.747368,6.818,1.349,hip2,HIP6760,
55148,,,11.290817,60.271787,6.818,1.037,hip2,HIP55148,
12232,,,2.624422,83.834539,6.818,1.360,hip2,HIP12232,
80461,,,16.423413,-23.460170,6.818,0.266,hip2,HIP80461,
44733,,,9.115220,-18.201542,6.819,1.036,hip2,HIP44733,
45875,,,9.354308,39.666518,6.819,0.930,hip2,HIP45875,
63583,,,13.029553,-39.616213,6.819,1.041,hip2,HIP63583,
101154,,,20.504010,19.421050,6.819,0.500,hip2,HIP101154,
32333,,,6.748989,22.837382,6.819,0.197,hip2,HIP32333,
26998,,,5.727517,25.439552,6.819,0.003,hip2,HIP26998,
6480,,,1.388353,36.514673,6.819,0.031,hip2,HIP6480,
113896,,,23.065857,-4.794954,6.819,0.581,hip2,HIP113896,
50849,,,10.383125,-24.333618,6.819,-0.053,hip2,HIP50849,
39684,,,8.110053,-63.516046,6.819,0.978,hip2,HIP39684,
39825,,,8.136920,-61.077220,6.819,0.860,hip2,HIP39825,
85038,,,17.379984,-58.473042,6.819,0.248,hip2,HIP85038,
94064,,,19.149448,11.293585,6.819,1.160,hip2,HIP94064,
26380,,Bubup,5.617147,-73.699082,6.819,0.584,hip2,HIP26380,
21365,,,4.583992,17.201235,6.819,1.833,hip2,HIP21365,
89143,,,18.193103,48.289640,6.819,1.074,hip2,HIP89143,
99002,,,20.099257,35.788391,6.819,0.127,hip2,HIP99002,
100896,,,20.457656,-2.102909,6.819,0.519,hip2,HIP100896,
29955,,,6.305773,27.210314,6.820,1.122,hip2,HIP29955,
85598,,,17.491383,-61.763828,6.820,0.374,hip2,HIP85598,
87352,,,17.849242,29.995807,6.820,0.087,hip2,HIP87352,
53700,,,10.987192,-81.556328,6.820,0.534,hip2,HIP53700,
107993,,,21.879151,-3.992061,6.820,0.911,hip2,HIP107993,
13384,,,2.870607,-8.267027,6.820,1.433,hip2,HIP13384,
115011,,,23.293701,18.304859,6.820,0.392,hip2,HIP115011,
55081,,,11.276789,-3.966759,6.820,0.182,hip2,HIP55081,
94041,,,19.145681,-23.190251,6.820,0.914,hip2,HIP94041,
117557,,,23.840804,-14.579121,6.820,1.370,hip2,HIP117557,
62141,,,12.736449,-2.842539,6.820,0.185,hip2,HIP62141,
38249,,,7.835513,60.342088,6.820,0.092,hip2,HIP38249,
74749,,,15.276607,9.713006,6.821,0.342,hip2,HIP74749,
21894,,,4.706273,-0.929855,6.821,0.407,hip2,HIP21894,
62312,,,12.768193,-54.612207,6.821,1.140,hip2,HIP62312,
87385,,,17.856905,74.569087,6.821,0.282,hip2,HIP87385,
62062,,,12.720301,-24.990488,6.821,1.651,hip2,HIP62062,
89955,,,18.354006,-39.021701,6.821,0.128,hip2,HIP89955,
103322,,,20.933057,44.373923,6.821,-0.047,hip2,HIP103322,
24108,,,5.178515,63.597410,6.821,0.301,hip2,HIP24108,
87877,,,17.951412,45.855693,6.821,0.524,hip2,HIP87877,
9472,,,2.031201,-74.445692,6.822,1.630,hip2,HIP9472,
42915,,,8.745212,-74.788060,6.822,1.220,hip2,HIP42915,
48964,,,9.988536,-20.356770,6.822,1.460,hip2,HIP48964,
25337,,,5.419549,20.583735,6.822,0.221,hip2,HIP25337,
73111,,,14.942225,-47.879176,6.822,-0.041,tyc2,TYC8284-03837-2,8284-03837-2
25964,,,5.539053,49.393481,6.822,0.470,hip2,HIP25964,
2843,,,0.600478,-5.570457,6.822,0.466,hip2,HIP2843,
35595,,,7.345467,3.581676,6.822,-0.164,hip2,HIP35595,
60334,,,12.370855,-73.503678,6.822,0.161,hip2,HIP60334,
36687,,,7.547046,-2.034346,6.822,-0.023,hip2,HIP36687,
74701,,,15.266259,-70.413571,6.822,0.457,hip2,HIP74701,
21264,,,4.562336,-5.309513,6.823,1.061,hip2,HIP21264,
23303,,,5.011840,10.913449,6.823,0.034,hip2,HIP23303,
90176,,,18.401563,20.452251,6.823,0.305,hip2,HIP90176,
75018,,,15.329367,-66.496019,6.823,0.574,hip2,HIP75018,
6939,,,1.489859,25.275341,6.823,1.199,hip2,HIP6939,
35997,,,7.418880,-21.173864,6.823,0.117,hip2,HIP35997,
28553,,,6.027563,-15.589253,6.823,1.259,hip2,HIP28553,
55713,,,11.416172,-2.212278,6.823,0.277,hip2,HIP55713,
90953,,,18.554002,-24.109519,6.823,0.018,hip2,HIP90953,
18677,,,3.999813,-61.894785,6.823,1.516,hip2,HIP18677,
32055,,,6.697394,14.216741,6.823,0.051,hip2,HIP32055,
36841,,,7.575441,28.686577,6.823,0.930,hip2,HIP36841,
88362,,,18.043700,-20.737615,6.824,0.118,hip2,HIP88362,
114078,,,23.104624,75.581397,6.824,0.026,hip2,HIP114078,
51434,,,10.504240,50.569209,6.824,0.386,hip2,HIP51434,
30167,,,6.347348,-4.595378,6.824,0.281,hip2,HIP30167,
23117,,,4.974570,37.329155,6.824,0.335,hip2,HIP23117,
31642,,,6.622216,-43.451316,6.824,-0.155,hip2,HIP31642,
35796,,,7.383720,15.358930,6.824,0.911,hip2,HIP35796,
37365,,,7.670443,41.163483,6.824,-0.045,hip2,HIP37365,
42600,,,8.682311,19.580364,6.824,0.169,hip2,HIP42600,
30925,,,6.490432,-22.591124,6.825,0.066,hip2,HIP30925,
89592,,,18.282637,-27.715605,6.825,1.246,hip2,HIP89592,
93682,,,19.077758,-48.403837,6.825,1.018,hip2,HIP93682,
6234,,,1.332702,-15.814084,6.825,0.584,hip2,HIP6234,
54060,,,11.061893,-51.352703,6.825,0.328,hip2,HIP54060,
104791,,,21.229759,70.027642,6.825,0.882,hip2,HIP104791,
297,,,0.061630,48.436927,6.825,0.060,hip2,HIP297,
74581,,,15.238559,-14.209426,6.825,1.676,hip2,HIP74581,
117990,,,23.932882,21.165914,6.825,0.321,hip2,HIP117990,
12715,,,2.723490,-69.160038,6.825,1.000,hip2,HIP12715,
23213,,,4.995218,41.873159,6.825,0.952,hip2,HIP23213,
37025,,,7.608840,-25.332794,6.826,-0.079,hip2,HIP37025,
76073,,,15.537193,-45.067529,6.826,-0.018,hip2,HIP76073,
100935,,,20.465332,-28.261086,6.826,1.184,hip2,HIP100935,
103330,,,20.933938,27.575516,6.826,1.112,hip2,HIP103330,
111701,,,22.627468,63.769325,6.826,1.154,hip2,HIP111701,
40824,,,8.332725,-51.941972,6.826,0.263,hip2,HIP40824,
55029,,,11.265653,12.613614,6.826,-0.026,hip2,HIP55029,
84605,,,17.294315,-26.628966,6.826,0.020,hip2,HIP84605,
111441,,,22.576654,0.595361,6.826,1.534,hip2,HIP111441,
17049,,,3.654735,13.891736,6.827,0.920,hip2,HIP17049,
38584,,,7.900615,-41.702938,6.827,-0.105,hip2,HIP38584,
2074,,,0.436695,56.779340,6.827,0.879,hip2,HIP2074,
71209,,,14.562901,-79.955221,6.827,1.118,hip2,HIP71209,
99662,,,20.224273,55.131360,6.827,0.964,hip2,HIP99662,
31730,,,6.638584,24.450514,6.827,0.276,hip2,HIP31730,
35436,,,7.315420,0.079483,6.827,1.111,hip2,HIP35436,
1046,,,0.217754,-22.470209,6.827,0.961,hip2,HIP1046,
40283,,,8.226313,-31.735752,6.827,0.618,hip2,HIP40283,
70346,,,14.392247,-66.644965,6.827,0.118,hip2,HIP70346,
83780,,,17.122891,48.399217,6.827,1.133,hip2,HIP83780,
117775,,,23.884676,60.704502,6.827,1.560,hip2,HIP117775,
27083,,,5.742553,-6.864275,6.827,0.199,hip2,HIP27083,
103779,,,21.029845,44.187117,6.827,0.315,hip2,HIP103779,
105266,,,21.322371,-47.054496,6.827,1.067,hip2,HIP105266,
19127,,,4.100586,46.925687,6.827,0.153,hip2,HIP19127,
33178,,,6.905586,-31.801625,6.827,-0.110,hip2,HIP33178,
64405,,,13.200564,32.085282,6.827,0.480,hip2,HIP64405,
18350,,,3.923077,31.045848,6.828,0.081,hip2,HIP18350,
34897,,,7.220255,47.607031,6.828,0.296,hip2,HIP34897,
1469,,,0.305115,-36.509894,6.828,1.304,hip2,HIP1469,
65413,,,13.407219,-51.875188,6.828,1.333,hip2,HIP65413,
117374,,,23.798986,-66.567478,6.828,0.446,hip2,HIP117374,
35310,,,7.294033,9.292362,6.828,0.565,hip2,HIP35310,
18122,,,3.875237,-5.054212,6.828,0.399,hip2,HIP18122,
66476,,,13.628891,2.382347,6.828,1.185,hip2,HIP66476,
79187,,,16.161503,0.819894,6.828,1.360,hip2,HIP79187,
,,,5.533446,-0.284549,6.828,-0.132,tyc2,TYC4766-02444-1,4766-02444-1
113719,,,23.030955,34.612618,6.828,0.398,hip2,HIP113719,
72480,,,14.820789,25.150921,6.828,1.347,hip2,HIP72480,
71206,,,14.562404,43.007706,6.828,0.160,hip2,HIP71206,
115366,,,23.368039,28.694998,6.828,0.392,hip2,HIP115366,
13794,,,2.960201,-55.013348,6.828,0.368,hip2,HIP13794,
31002,,,6.506268,60.146500,6.828,0.058,hip2,HIP31002,
54432,,,11.138039,-1.903091,6.828,0.997,hip2,HIP54432,
69449,,,14.219389,-13.859877,6.828,1.578,hip2,HIP69449,
84975,,,17.367810,5.000973,6.828,0.927,hip2,HIP84975,
59987,,,12.303085,-52.306289,6.829,-0.062,hip2,HIP59987,
63043,,,12.918106,19.614894,6.829,1.175,hip2,HIP63043,
67389,,,13.811619,-37.127402,6.829,0.434,hip2,HIP67389,
107702,,,21.817202,-5.403644,6.829,1.027,hip2,HIP107702,
112554,,,22.796443,-38.221916,6.829,0.480,hip2,HIP112554,
116777,,,23.666960,27.514924,6.829,1.032,hip2,HIP116777,
13069,,,2.799836,15.508086,6.829,1.370,hip2,HIP13069,
80546,,,16.444777,9.272926,6.829,1.183,hip2,HIP80546,
45521,,,9.277786,0.729079,6.829,0.443,hip2,HIP45521,
32716,,,6.825501,-32.542184,6.829,-0.082,hip2,HIP32716,
74432,,,15.212180,19.285326,6.829,0.680,hip2,HIP74432,
15296,,,3.289338,78.875001,6.829,0.257,hip2,HIP15296,
67302,,,13.792849,-71.231098,6.829,-0.039,hip2,HIP67302,
17877,,,3.824325,52.655408,6.829,0.394,hip2,HIP17877,
31340,,,6.572047,38.076022,6.830,0.983,hip2,HIP31340,
37373,,,7.672212,-39.420887,6.830,1.030,hip2,HIP37373,
58465,,,11.989938,-57.167962,6.830,0.173,hip2,HIP58465,
97536,,,19.823841,63.203866,6.830,1.449,hip2,HIP97536,
100046,,,20.297274,54.322343,6.830,0.451,hip2,HIP100046,
13155,,,2.819631,47.217999,6.830,1.116,hip2,HIP13155,
80543,,,16.444224,15.972646,6.830,0.647,hip2,HIP80543,
101949,,,20.659252,40.579528,6.830,-0.122,tyc2,TYC3157-01482-2,3157-01482-2
44960,,,9.159560,-29.816961,6.830,0.924,hip2,HIP44960,
107657,,,21.806530,32.796180,6.830,-0.010,hip2,HIP107657,
64543,,,13.229064,32.530481,6.830,0.797,hip2,HIP64543,
95902,,,19.503560,46.147812,6.830,1.391,hip2,HIP95902,
9300,,,1.991951,-13.872483,6.830,1.578,hip2,HIP9300,
92920,,,18.931539,35.810571,6.830,1.200,hip2,HIP92920,
109993,,,22.278031,29.173198,6.830,0.947,hip2,HIP109993,
35296,,,7.291549,-46.980664,6.831,0.975,hip2,HIP35296,
113975,,,23.082032,56.690597,6.831,0.052,hip2,HIP113975,
40147,,,8.198551,-41.788631,6.831,1.463,hip2,HIP40147,
62996,,,12.908394,-20.098022,6.831,1.610,hip2,HIP62996,
41040,,,8.375527,16.162532,6.832,1.168,hip2,HIP41040,
43871,,,8.937069,24.447927,6.832,0.403,hip2,HIP43871,
91589,,,18.678859,-47.027274,6.832,0.079,hip2,HIP91589,
29464,,,6.208100,-36.563753,6.832,-0.149,hip2,HIP29464,
34776,,,7.198743,-56.155618,6.832,0.966,hip2,HIP34776,
3964,,,0.848901,77.953560,6.832,0.274,hip2,HIP3964,
19856,,,4.257432,-16.445178,6.832,-0.127,hip2,HIP19856,
87944,,,17.965715,43.417116,6.832,-0.029,hip2,HIP87944,
95718,,,19.468479,-69.632040,6.832,0.510,hip2,HIP95718,
53289,,,10.899019,-36.456896,6.832,0.466,hip2,HIP53289,
106409,,,21.552811,48.303455,6.832,-0.015,hip2,HIP106409,
32140,,,6.712051,-32.712772,6.832,0.281,hip2,HIP32140,
35603,,,7.347214,-51.404724,6.832,0.115,hip2,HIP35603,
41961,,,8.553015,-5.222613,6.832,0.075,hip2,HIP41961,
53836,,,11.013831,-52.074966,6.832,0.004,hip2,HIP53836,
105431,,,21.355989,10.332378,6.832,0.535,hip2,HIP105431,
100045,,,20.297123,-40.184785,6.832,0.518,hip2,HIP100045,
101139,,,20.501324,19.667603,6.832,-0.146,hip2,HIP101139,
38017,,,7.791818,-81.596535,6.832,0.160,hip2,HIP38017,
58106,,,11.916978,-56.095506,6.832,0.646,hip2,HIP58106,
86286,,,17.630893,-37.861078,6.832,0.757,hip2,HIP86286,
25733,,,5.495181,35.375028,6.832,0.131,hip2,HIP25733,
66783,,,13.687126,-71.868354,6.832,1.801,hip2,HIP66783,
91887,,,18.731771,47.616303,6.832,1.367,hip2,HIP91887,
88716,,,18.111279,64.221423,6.832,0.930,hip2,HIP88716,
6624,,,1.416827,-5.946409,6.833,0.233,hip2,HIP6624,
31525,,,6.600589,16.797096,6.833,0.444,hip2,HIP31525,
39621,,,8.096586,2.165112,6.833,0.008,hip2,HIP39621,
11919,,,2.564233,-60.982739,6.833,0.441,hip2,HIP11919,
18235,,,3.899792,-23.136349,6.833,0.820,hip2,HIP18235,
23896,,,5.134723,7.898762,6.833,0.980,hip2,HIP23896,
105918,,,21.451851,16.124387,6.833,0.529,hip2,HIP105918,
74091,,,15.141716,-80.313887,6.833,0.041,hip2,HIP74091,
75953,,,15.512802,34.465682,6.833,0.037,hip2,HIP75953,
97655,,,19.846848,-4.694077,6.833,0.326,hip2,HIP97655,
43816,,,8.923921,5.565920,6.834,1.275,hip2,HIP43816,
1795,,,0.379990,-39.262354,6.834,0.371,hip2,HIP1795,
12313,,,2.642618,-20.456133,6.834,1.526,hip2,HIP12313,
115078,,,23.308234,-18.841594,6.834,1.662,hip2,HIP115078,
117962,,,23.927139,8.223298,6.834,-0.015,hip2,HIP117962,
59135,,,12.126492,-31.410296,6.834,0.532,hip2,HIP59135,
36068,,,7.432250,-14.178756,6.834,0.031,hip2,HIP36068,
97776,,,19.868722,-10.892691,6.834,1.150,hip2,HIP97776,
29282,,,6.173275,2.901871,6.834,-0.075,hip2,HIP29282,
98695,,,20.046120,14.582686,6.834,0.986,hip2,HIP98695,
102558,,,20.783628,58.416777,6.834,1.260,hip2,HIP102558,
105833,,,21.435395,18.065103,6.834,-0.014,hip2,HIP105833,
28813,,,6.082829,14.388892,6.835,0.508,hip2,HIP28813,
29118,,,6.140385,-11.146257,6.835,0.000,hip2,HIP29118,
78851,,,16.095873,32.247838,6.835,1.524,hip2,HIP78851,
93557,,,19.055372,0.576179,6.835,1.420,hip2,HIP93557,
40273,,,8.224387,48.280850,6.835,-0.027,hip2,HIP40273,
49720,,,10.151596,-48.306599,6.835,0.314,hip2,HIP49720,
55168,,,11.295261,-36.534298,6.835,0.976,hip2,HIP55168,
89342,,,18.229857,-46.312460,6.835,0.035,hip2,HIP89342,
44192,,,9.001671,-74.399947,6.835,-0.064,hip2,HIP44192,
48009,,,9.787244,-17.205914,6.835,1.572,hip2,HIP48009,
71585,,,14.640262,-35.276454,6.835,0.159,hip2,HIP71585,
54857,,,11.231408,2.268584,6.835,0.398,hip2,HIP54857,
,,,6.371898,-53.334831,6.835,-0.116,tyc2,TYC8534-00564-1,8534-00564-1
92384,,,18.826489,-19.142338,6.835,0.192,hip2,HIP92384,
20446,,,4.380856,-82.899089,6.835,0.209,hip2,HIP20446,
85154,,,17.400974,-23.844303,6.835,1.016,hip2,HIP85154,
94076,,,19.151208,34.599976,6.835,0.643,hip2,HIP94076,
23621,,,5.078279,14.859104,6.835,0.139,hip2,HIP23621,
85445,,,17.461497,-37.185597,6.835,1.197,hip2,HIP85445,
11185,,,2.400765,42.102300,6.835,1.545,hip2,HIP11185,
83847,,,17.135433,61.159468,6.835,0.528,hip2,HIP83847,
117674,,,23.864879,4.745348,6.835,0.130,hip2,HIP117674,
64307,,,13.180518,-52.907577,6.836,1.107,hip2,HIP64307,
106351,,,21.539470,-12.267291,6.836,1.613,hip2,HIP106351,
42381,,,8.641069,-62.843248,6.836,1.593,hip2,HIP42381,
104444,,,21.156965,-16.615778,6.836,1.533,hip2,HIP104444,
30237,,,6.361318,-56.362291,6.836,1.654,hip2,HIP30237,
55243,,,11.313439,35.489357,6.836,1.118,hip2,HIP55243,
60370,,,12.379077,-39.177322,6.836,0.639,hip2,HIP60370,
5070,,,1.080521,74.372129,6.836,0.044,hip2,HIP5070,
27822,,,5.887423,-61.839417,6.836,0.064,hip2,HIP27822,
66663,,,13.666256,-16.446514,6.836,1.488,hip2,HIP66663,
,,,17.746784,-47.715017,6.836,0.008,tyc2,TYC8347-01309-1,8347-01309-1
45389,,,9.249432,38.609133,6.836,0.367,hip2,HIP45389,
48552,,,9.901867,4.945383,6.836,1.565,hip2,HIP48552,
19139,,,4.102240,62.101836,6.836,0.235,hip2,HIP19139,
48942,,,9.984894,-63.345218,6.836,0.908,hip2,HIP48942,
7775,,,1.667882,40.683822,6.836,0.998,hip2,HIP7775,
103503,,,20.969904,-69.146151,6.837,-0.062,hip2,HIP103503,
58756,,,12.050300,-57.260130,6.837,1.386,hip2,HIP58756,
108233,,,21.926418,53.243213,6.837,1.240,hip2,HIP108233,
104305,,,21.130336,1.153879,6.837,1.503,hip2,HIP104305,
91200,,,18.604164,30.584667,6.837,1.236,hip2,HIP91200,
100384,,,20.358209,30.590218,6.837,0.261,hip2,HIP100384,
11573,,,2.485407,37.329782,6.838,0.169,hip2,HIP11573,
91903,,,18.735771,-19.317883,6.838,0.428,hip2,HIP91903,
29057,,,6.129720,-44.729386,6.838,0.317,hip2,HIP29057,
66023,,,13.536355,-79.660757,6.838,1.385,hip2,HIP66023,
62232,,,12.754557,-28.766024,6.838,0.186,hip2,HIP62232,
74818,,,15.289626,74.045059,6.838,1.027,hip2,HIP74818,
44753,,,9.120748,-51.211829,6.838,1.618,hip2,HIP44753,
52324,,,10.691766,-35.731117,6.838,0.051,hip2,HIP52324,
56301,,,11.542346,-59.717832,6.838,0.164,hip2,HIP56301,
97416,,,19.799900,31.506246,6.838,0.120,hip2,HIP97416,
14262,,,3.065338,-43.898067,6.838,1.349,hip2,HIP14262,
25017,,,5.356403,-51.575400,6.838,0.991,hip2,HIP25017,
11075,,,2.375880,16.870296,6.838,0.152,hip2,HIP11075,
21634,,,4.647022,-62.378609,6.838,0.194,hip2,HIP21634,
73661,,,15.057430,60.025587,6.838,1.363,hip2,HIP73661,
74367,,,15.197218,-16.159505,6.838,1.243,hip2,HIP74367,
46889,,,9.554822,-57.963448,6.838,0.019,hip2,HIP46889,
67592,,,13.850116,80.767929,6.838,1.119,hip2,HIP67592,
112585,,,22.802225,49.582719,6.838,1.559,hip2,HIP112585,
12725,,,2.726476,43.538026,6.838,0.263,hip2,HIP12725,
92984,,,18.943659,4.265334,6.838,0.583,hip2,HIP92984,
40600,,,8.288773,-47.920102,6.838,-0.116,hip2,HIP40600,
68434,,,14.010032,-26.266032,6.839,0.473,hip2,HIP68434,
73518,,,15.026482,-3.164037,6.839,1.196,hip2,HIP73518,
16128,,,3.462153,-43.855955,6.839,0.501,hip2,HIP16128,
73480,,,15.017066,2.897651,6.839,0.553,hip2,HIP73480,
2215,,,0.466812,-11.658764,6.839,1.205,hip2,HIP2215,
42542,,,8.672268,19.349025,6.839,0.271,hip2,HIP42542,
50403,,,10.292104,-65.429507,6.839,0.149,hip2,HIP50403,
51686,,,10.558642,-40.238369,6.839,0.918,hip2,HIP51686,
43350,,,8.830209,7.014784,6.839,1.065,hip2,HIP43350,
8908,,,1.911430,78.196563,6.839,1.011,hip2,HIP8908,
75107,,,15.348024,45.664934,6.839,1.047,hip2,HIP75107,
93397,,,19.022031,29.518895,6.839,0.049,hip2,HIP93397,
24649,,,5.289529,-17.774814,6.839,0.290,hip2,HIP24649,
117735,,,23.877837,21.742600,6.839,0.947,hip2,HIP117735,
4311,,,0.919989,-47.405533,6.839,0.500,hip2,HIP4311,
4084,,,0.873476,-69.503597,6.840,0.518,hip2,HIP4084,
103341,,,20.936552,43.424305,6.840,-0.108,hip2,HIP103341,
30058,,,6.326621,69.569172,6.840,0.264,hip2,HIP30058,
18370,,,3.927339,52.641327,6.840,0.349,hip2,HIP18370,
13609,,,2.922781,27.722421,6.840,-0.028,hip2,HIP13609,
105357,,,21.340395,60.687266,6.840,0.504,hip2,HIP105357,
78004,,,15.928637,-44.532371,6.840,-0.008,hip2,HIP78004,
25662,,,5.480995,12.551353,6.840,0.582,hip2,HIP25662,
36328,,,7.478067,-29.118623,6.840,1.125,hip2,HIP36328,
59143,,,12.127491,-23.975285,6.840,0.613,hip2,HIP59143,
115316,,,23.355987,-4.672690,6.840,0.140,hip2,HIP115316,
33853,,,7.027669,-23.501440,6.840,1.614,hip2,HIP33853,
55374,,,11.338625,-28.332249,6.840,1.124,hip2,HIP55374,
29885,,,6.293091,-10.724995,6.840,0.364,hip2,HIP29885,
106293,,,21.528442,48.584665,6.840,-0.023,hip2,HIP106293,
117602,,,23.849794,63.984862,6.840,0.066,hip2,HIP117602,
65046,,,13.332931,-41.190695,6.841,0.519,hip2,HIP65046,
21218,,,4.551761,-12.543301,6.841,1.085,hip2,HIP21218,
26066,,,5.559575,-57.083235,6.841,0.382,hip2,HIP26066,
17470,,,3.743671,27.897634,6.841,0.370,hip2,HIP17470,
116383,,,23.583226,24.425874,6.841,1.083,hip2,HIP116383,
1330,,,0.278356,-32.688373,6.841,1.077,hip2,HIP1330,
4811,,,1.029387,57.816702,6.841,0.280,hip2,HIP4811,
56079,,,11.494444,7.599434,6.841,0.521,hip2,HIP56079,
58268,,,11.950107,-4.782789,6.841,0.486,hip2,HIP58268,
99121,,,20.123282,-29.720884,6.841,1.310,hip2,HIP99121,
72671,,,14.858383,-74.933094,6.841,-0.002,hip2,HIP72671,
72330,,,14.790457,2.035805,6.841,0.098,hip2,HIP72330,
54231,,,11.096047,-47.442290,6.842,0.043,hip2,HIP54231,
12338,,,2.648110,-70.679857,6.842,1.431,hip2,HIP12338,
45910,,,9.360956,32.264332,6.842,0.138,hip2,HIP45910,
51661,,,10.554209,-55.386885,6.842,0.990,hip2,HIP51661,
90908,,,18.543851,46.092530,6.842,1.298,hip2,HIP90908,
34588,,,7.164174,9.308912,6.842,1.509,hip2,HIP34588,
53007,,,10.844456,-61.269557,6.842,-0.024,hip2,HIP53007,
118197,,,23.975294,-57.280798,6.842,0.789,hip2,HIP118197,
42989,,,8.762209,-55.855003,6.842,0.299,hip2,HIP42989,
4291,,,0.916531,-74.302634,6.842,0.987,hip2,HIP4291,
46421,,,9.465946,-53.517268,6.842,0.443,hip2,HIP46421,
98399,,,19.992791,-22.211298,6.842,0.246,hip2,HIP98399,
11796,,,2.536634,55.458203,6.843,0.363,hip2,HIP11796,
77315,,,15.784575,-35.510286,6.843,0.024,hip2,HIP77315,
36780,,,7.564551,-28.567747,6.843,0.308,hip2,HIP36780,
49849,,,10.178255,-38.910916,6.843,0.317,hip2,HIP49849,
105986,,,21.465090,46.561516,6.843,-0.079,hip2,HIP105986,
24967,,,5.347846,2.928814,6.843,0.256,hip2,HIP24967,
64843,,,13.292161,-15.547926,6.843,1.051,hip2,HIP64843,
12354,,,2.650951,10.637190,6.843,1.106,hip2,HIP12354,
37545,,,7.705374,30.167866,6.843,1.356,hip2,HIP37545,
18046,,,3.857028,25.162957,6.843,0.160,hip2,HIP18046,
66128,,,13.556279,33.657698,6.843,1.186,hip2,HIP66128,
19642,,,4.208774,-44.368249,6.843,1.455,hip2,HIP19642,
22461,,,4.834338,8.407855,6.843,-0.045,hip2,HIP22461,
27787,,,5.879920,-38.525970,6.843,1.077,hip2,HIP27787,
66482,,,13.629710,-3.235953,6.843,1.231,hip2,HIP66482,
6057,,,1.295903,56.631634,6.844,1.021,hip2,HIP6057,
37013,,,7.607251,-54.187197,6.844,0.043,hip2,HIP37013,
74801,,,15.287191,-66.092291,6.844,-0.013,hip2,HIP74801,
17792,,,3.808535,9.645923,6.844,1.200,hip2,HIP17792,
81608,,,16.667169,-6.081019,6.844,0.548,hip2,HIP81608,
74192,,,15.160164,-68.721346,6.844,-0.019,hip2,HIP74192,
50519,,,10.317382,-50.716116,6.844,-0.143,hip2,HIP50519,
100570,,,20.393953,-5.266171,6.844,0.426,hip2,HIP100570,
103348,,,20.938560,42.768764,6.844,1.117,hip2,HIP103348,
108212,,,21.922493,20.849055,6.844,1.042,hip2,HIP108212,
116085,,,23.522836,59.165519,6.844,0.830,tyc2,TYC4011-00952-1,4011-00952-1
24100,,,5.176382,30.797548,6.844,1.594,hip2,HIP24100,
86596,,,17.696588,21.501774,6.844,0.520,hip2,HIP86596,
97304,,,19.775768,50.010384,6.844,1.130,hip2,HIP97304,
4902,,,1.048273,51.798106,6.845,-0.019,hip2,HIP4902,
92191,,,18.788873,16.908535,6.845,0.121,hip2,HIP92191,
8134,,,1.743324,3.223739,6.845,1.605,hip2,HIP8134,
30461,,,6.403630,-26.445025,6.845,0.948,hip2,HIP30461,
85204,,,17.410910,32.670342,6.845,0.961,hip2,HIP85204,
46053,,,9.391540,7.713843,6.845,1.589,hip2,HIP46053,
85035,,,17.379578,-45.614268,6.845,0.830,hip2,HIP85035,
94436,,,19.220940,15.035642,6.845,1.394,hip2,HIP94436,
78785,,,16.084148,-18.539401,6.845,0.465,hip2,HIP78785,
101412,,,20.551825,54.456956,6.845,1.755,hip2,HIP101412,
82079,,,16.765825,-61.663414,6.846,0.100,hip2,HIP82079,
106568,,,21.581938,-20.252563,6.846,0.498,hip2,HIP106568,
102050,,,20.681216,-28.549257,6.846,1.273,hip2,HIP102050,
26940,,,5.716875,73.985768,6.846,0.329,hip2,HIP26940,
42472,,,8.658853,32.515658,6.846,1.453,hip2,HIP42472,
95534,,,19.432404,44.930944,6.846,1.016,hip2,HIP95534,
20854,,,4.468661,-15.180411,6.846,0.827,hip2,HIP20854,
27283,,,5.781833,56.923993,6.846,0.141,hip2,HIP27283,
15073,,,3.238110,74.243109,6.846,1.845,hip2,HIP15073,
38079,,,7.803469,-24.577214,6.846,-0.029,hip2,HIP38079,
25902,,,5.528798,-3.216464,6.846,1.308,hip2,HIP25902,
56444,,,11.572614,-5.527137,6.846,0.343,hip2,HIP56444,
118256,,,23.986011,-42.236943,6.846,0.215,hip2,HIP118256,
26245,,,5.590772,-33.269486,6.846,0.501,hip2,HIP26245,
42122,,,8.586511,-34.024402,6.846,1.355,hip2,HIP42122,
52151,,,10.654530,-36.677184,6.847,0.908,hip2,HIP52151,
902,,,0.185526,57.587915,6.847,1.212,hip2,HIP902,
56005,,,11.477297,-54.883518,6.847,0.167,hip2,HIP56005,
115495,,,23.395921,-8.460071,6.847,0.930,hip2,HIP115495,
29811,,,6.278231,-12.047186,6.847,0.399,hip2,HIP29811,
35219,,,7.279040,16.147068,6.847,0.417,hip2,HIP35219,
36452,,,7.500601,-19.526649,6.847,1.491,hip2,HIP36452,
29365,,,6.189375,-15.793016,6.847,0.267,hip2,HIP29365,
26744,,,5.682729,32.895994,6.847,0.491,hip2,HIP26744,
60235,,,12.351832,-42.561989,6.847,0.072,hip2,HIP60235,
63182,,,12.944337,-47.686232,6.847,0.448,hip2,HIP63182,
14181,,,3.047837,47.110698,6.848,0.596,hip2,HIP14181,
83459,,,17.057266,34.383471,6.848,1.234,hip2,HIP83459,
31061,,,6.517931,-43.717138,6.848,0.977,hip2,HIP31061,
28970,,,6.114044,-67.283357,6.848,1.363,hip2,HIP28970,
115827,,,23.465683,-15.299192,6.848,1.514,hip2,HIP115827,
29284,,,6.174031,-77.105633,6.848,0.028,hip2,HIP29284,
1766,,,0.372561,-50.992603,6.848,1.102,hip2,HIP1766,
29951,,,6.304839,-5.654331,6.848,0.000,hip2,HIP29951,
55865,,,11.450234,-56.280216,6.848,1.197,hip2,HIP55865,
64150,,,13.147506,5.207247,6.848,0.647,tyc2,TYC0304-00969-1,0304-00969-1
54332,,,11.114542,-30.554823,6.848,1.086,hip2,HIP54332,
108354,,,21.951410,-76.211373,6.848,0.984,hip2,HIP108354,
101676,,,20.609987,-71.071382,6.848,-0.008,hip2,HIP101676,
30245,,,6.362491,12.861956,6.848,0.947,hip2,HIP30245,
50461,,,10.303028,-82.910734,6.848,0.996,hip2,HIP50461,
61763,,,12.658596,-6.100556,6.848,1.417,hip2,HIP61763,
95713,,,19.468128,-18.359285,6.848,1.584,hip2,HIP95713,
37243,,,7.649106,-0.260421,6.849,1.710,hip2,HIP37243,
17664,,,3.783162,24.520234,6.849,0.021,hip2,HIP17664,
91446,,,18.650575,-23.182082,6.849,0.647,hip2,HIP91446,
104135,,,21.098751,20.946769,6.849,0.047,hip2,HIP104135,
21882,,,4.704164,9.633979,6.849,0.354,hip2,HIP21882,
78359,,,15.998628,-33.385285,6.849,0.035,hip2,HIP78359,
93042,,,18.952936,36.469864,6.849,1.363,hip2,HIP93042,
106184,,,21.507176,44.874979,6.849,0.330,hip2,HIP106184,
33730,,,7.006628,15.288125,6.849,1.304,hip2,HIP33730,
34083,,,7.067646,36.313536,6.849,0.840,hip2,HIP34083,
106256,,,21.521712,52.195406,6.850,0.962,hip2,HIP106256,
6333,,,1.355109,-49.741638,6.850,0.444,hip2,HIP6333,
32839,,,6.845351,-4.266209,6.850,-0.085,hip2,HIP32839,
540,,,0.109874,28.553437,6.850,0.986,hip2,HIP540,
36634,,,7.533955,61.758073,6.850,0.989,hip2,HIP36634,
75306,,,15.385984,-51.736047,6.850,1.145,hip2,HIP75306,
5045,,,1.076778,39.991163,6.850,0.328,hip2,HIP5045,
21942,,,4.716478,14.814544,6.850,0.904,hip2,HIP21942,
16810,,,3.606086,55.886866,6.850,0.115,hip2,HIP16810,
27011,,,5.729583,-21.428633,6.850,0.994,hip2,HIP27011,
47272,,,9.634230,-54.219126,6.850,-0.099,hip2,HIP47272,
96286,,,19.577743,48.164741,6.850,0.256,hip2,HIP96286,
1164,,,0.242692,41.032581,6.851,1.172,hip2,HIP1164,
26959,,,5.720699,-33.424985,6.851,1.621,hip2,HIP26959,
66089,,,13.547505,34.907167,6.851,0.236,hip2,HIP66089,
114291,,,23.147679,-25.830514,6.851,0.476,hip2,HIP114291,
112974,,,22.879546,-10.058886,6.851,0.524,hip2,HIP112974,
10907,,,2.339693,-56.784089,6.851,0.948,hip2,HIP10907,
108084,,,21.898553,28.342209,6.851,0.270,hip2,HIP108084,
110724,,,22.433379,80.701561,6.851,1.105,hip2,HIP110724,
97135,,,19.742094,18.588642,6.851,1.676,hip2,HIP97135,
25416,,,5.436327,78.414550,6.851,1.043,hip2,HIP25416,
70356,,,14.394987,40.844385,6.852,0.593,hip2,HIP70356,
32793,,,6.836764,5.673501,6.852,0.321,hip2,HIP32793,
88772,,,18.122554,15.916845,6.852,1.128,hip2,HIP88772,
92901,,,18.929210,7.175652,6.852,0.862,hip2,HIP92901,
103333,,,20.934833,9.260484,6.852,1.547,hip2,HIP103333,
82971,,,16.955631,6.211301,6.852,1.522,hip2,HIP82971,
34166,,,7.085026,-21.450261,6.852,1.013,hip2,HIP34166,
104276,,,21.124967,-19.088103,6.852,0.919,hip2,HIP104276,
17943,,,3.837009,34.820299,6.852,0.321,hip2,HIP17943,
23214,,,4.995631,15.916805,6.852,0.450,hip2,HIP23214,
32389,,,6.759750,27.673249,6.852,1.339,hip2,HIP32389,
75425,,,15.409794,54.212932,6.852,1.098,hip2,HIP75425,
2184,,,0.460427,-20.134537,6.852,0.261,hip2,HIP2184,
16079,,,3.451430,48.205569,6.852,-0.027,hip2,HIP16079,
41255,,,8.416778,-12.764790,6.852,-0.130,hip2,HIP41255,
67385,,,13.810795,-2.840454,6.852,1.446,hip2,HIP67385,
93836,,,19.109754,-1.346109,6.852,0.193,hip2,HIP93836,
19348,,,4.145027,10.099443,6.852,1.697,hip2,HIP19348,
31567,,,6.607191,6.083188,6.852,-0.066,hip2,HIP31567,
90361,,,18.438789,26.227731,6.852,-0.126,hip2,HIP90361,
93438,,,19.030167,12.540975,6.852,0.056,hip2,HIP93438,
66958,,,13.723851,45.520251,6.853,1.160,hip2,HIP66958,
73067,,,14.932809,-60.905922,6.853,0.968,hip2,HIP73067,
47777,,,9.740763,74.587575,6.853,0.310,hip2,HIP47777,
83389,,,17.043445,47.081884,6.853,0.708,tyc2,TYC3501-01373-1,3501-01373-1
47053,,,9.589584,39.963236,6.853,0.346,hip2,HIP47053,
102954,,,20.859337,-27.244706,6.853,0.509,hip2,HIP102954,
103164,,,20.901336,-4.542195,6.853,0.264,hip2,HIP103164,
27555,,,5.835931,-32.809220,6.853,0.043,hip2,HIP27555,
44096,,,8.982049,-15.984901,6.853,1.543,hip2,HIP44096,
76011,,,15.524207,-71.062091,6.854,-0.125,hip2,HIP76011,
36809,,,7.570335,-16.188090,6.854,0.610,hip2,HIP36809,
1652,,,0.345435,61.879596,6.854,2.020,hip2,HIP1652,
51307,,,10.480009,-57.233051,6.854,1.058,hip2,HIP51307,
73565,,,15.034515,-8.344768,6.854,1.317,hip2,HIP73565,
94822,,,19.294442,22.441233,6.854,0.070,hip2,HIP94822,
22744,,,4.892989,36.805881,6.854,1.039,hip2,HIP22744,
33817,,,7.020446,-25.948816,6.854,0.882,hip2,HIP33817,
80379,,,16.407335,52.289366,6.854,0.015,hip2,HIP80379,
12555,,,2.691739,0.546062,6.854,1.119,hip2,HIP12555,
41478,,,8.459412,-75.358840,6.854,0.118,hip2,HIP41478,
55228,,,11.310151,-24.343303,6.854,1.180,hip2,HIP55228,
62953,,,12.899946,-60.335417,6.854,0.226,hip2,HIP62953,
71116,,,14.542525,-56.887698,6.854,0.694,hip2,HIP71116,
17982,,,3.843764,-36.425620,6.854,-0.044,hip2,HIP17982,
87344,,,17.847716,-42.329967,6.854,1.039,hip2,HIP87344,
4961,,,1.060281,58.909253,6.854,1.688,hip2,HIP4961,
66440,,,13.620212,52.593090,6.854,1.497,hip2,HIP66440,
11947,,,2.568972,38.735050,6.854,1.097,hip2,HIP11947,
46027,,,9.387388,-21.037767,6.854,1.574,hip2,HIP46027,
64398,,,13.198767,-61.117329,6.854,0.469,hip2,HIP64398,
77506,,,15.826104,12.558645,6.854,0.981,hip2,HIP77506,
97930,,,19.902690,33.780913,6.854,1.100,hip2,HIP97930,
101036,,,20.483049,-17.434691,6.855,0.689,hip2,HIP101036,
68964,,,14.118023,-63.445325,6.855,1.103,hip2,HIP68964,
87794,,,17.934569,-42.323239,6.855,0.270,hip2,HIP87794,
92436,,,18.838363,60.837514,6.855,1.227,hip2,HIP92436,
96370,,,19.593256,-20.781683,6.855,0.557,hip2,HIP96370,
36536,,,7.515776,51.998767,6.855,0.210,hip2,HIP36536,
53821,,,11.011684,42.731448,6.855,1.114,hip2,HIP53821,
22136,,,4.763788,-34.005045,6.855,0.002,hip2,HIP22136,
86954,,,17.768701,5.530217,6.855,-0.008,hip2,HIP86954,
100579,,,20.396677,37.026138,6.855,0.124,hip2,HIP100579,
114092,,,23.107927,61.440175,6.855,0.477,hip2,HIP114092,
81910,,,16.730958,-26.808696,6.855,0.674,hip2,HIP81910,
48223,,,9.831939,-68.419510,6.855,0.905,hip2,HIP48223,
42206,,,8.605754,-70.676677,6.855,-0.061,hip2,HIP42206,
74593,,,15.241165,-18.428481,6.855,0.429,hip2,HIP74593,
23279,,,5.009036,3.614825,6.856,-0.033,hip2,HIP23279,
117979,,,23.929901,48.220397,6.856,1.094,hip2,HIP117979,
25648,,,5.479246,1.643936,6.856,-0.152,hip2,HIP25648,
106049,,,21.480144,49.795105,6.856,0.287,hip2,HIP106049,
28349,,,5.990244,45.619656,6.856,0.046,hip2,HIP28349,
4809,,,1.028748,25.292250,6.856,0.783,hip2,HIP4809,
64133,,,13.144288,-23.106376,6.856,1.120,hip2,HIP64133,
89617,,,18.288262,-38.177699,6.856,1.139,hip2,HIP89617,
10099,,,2.164261,3.769361,6.856,0.240,hip2,HIP10099,
36210,,,7.457148,-51.402595,6.856,0.694,hip2,HIP36210,
8066,,,1.727437,52.885790,6.856,0.433,hip2,HIP8066,
1660,,,0.346827,-23.630229,6.856,0.311,hip2,HIP1660,
6591,,,1.411183,-34.140057,6.856,0.999,hip2,HIP6591,
94937,,,19.318238,27.261312,6.856,1.865,hip2,HIP94937,
2080,,,0.437913,3.825755,6.857,-0.128,hip2,HIP2080,
55063,,,11.272175,-34.667895,6.857,0.160,hip2,HIP55063,
49076,,,10.016277,-50.477718,6.857,-0.148,hip2,HIP49076,
48298,,,9.847022,11.842418,6.857,-0.042,hip2,HIP48298,
105500,,,21.367140,4.345626,6.857,1.100,hip2,HIP105500,
58184,,,11.933401,35.340587,6.857,0.525,hip2,HIP58184,
76579,,,15.639656,43.604250,6.857,0.187,hip2,HIP76579,
56708,,,11.626879,44.716323,6.857,0.027,hip2,HIP56708,
24449,,,5.244809,-7.071641,6.857,1.259,hip2,HIP24449,
29288,,,6.174983,22.997880,6.858,-0.076,hip2,HIP29288,
75095,,,15.345228,-56.132601,6.858,0.161,hip2,HIP75095,
11812,,,2.539531,40.272503,6.858,0.043,hip2,HIP11812,
66292,,,13.586747,-32.212321,6.858,0.368,hip2,HIP66292,
93772,,,19.096583,6.546996,6.858,0.505,hip2,HIP93772,
,,,18.312017,-18.619671,6.858,0.190,tyc2,TYC6269-04010-1,6269-04010-1
109304,,,22.144946,47.933588,6.858,-0.033,hip2,HIP109304,
38092,,,7.806277,18.336835,6.858,0.927,hip2,HIP38092,
38789,,,7.939365,-20.463249,6.858,0.038,hip2,HIP38789,
79889,,,16.306572,25.896684,6.858,0.882,hip2,HIP79889,
57644,,,11.820209,-57.691568,6.858,0.100,hip2,HIP57644,
17861,,,3.822623,-36.092487,6.858,1.615,hip2,HIP17861,
92329,,,18.817529,-32.710429,6.859,1.039,hip2,HIP92329,
40393,,,8.246950,43.035068,6.859,0.051,hip2,HIP40393,
37065,,,7.616703,-21.394030,6.859,0.976,hip2,HIP37065,
113952,,,23.076767,31.307546,6.859,0.398,hip2,HIP113952,
40118,,,8.194067,32.457125,6.859,0.630,tyc2,TYC2473-01324-1,2473-01324-1
17704,,,3.791512,24.288453,6.859,0.066,hip2,HIP17704,
20257,,,4.341365,-1.316320,6.859,0.284,hip2,HIP20257,
21341,,,4.579282,22.692383,6.859,0.482,hip2,HIP21341,
9234,,,1.978971,45.435247,6.859,1.200,hip2,HIP9234,
59068,,,12.113163,-12.240844,6.859,0.323,hip2,HIP59068,
69626,,,14.250438,23.686114,6.859,0.335,hip2,HIP69626,
113330,,,22.951607,-57.401039,6.859,1.216,hip2,HIP113330,
26642,,,5.662420,-20.435202,6.859,-0.089,hip2,HIP26642,
37789,,,7.748936,39.558030,6.859,0.545,hip2,HIP37789,
35358,,,7.303411,-22.339333,6.859,1.207,hip2,HIP35358,
73019,,,14.923013,6.784792,6.860,1.589,hip2,HIP73019,
91665,,,18.692899,-3.118488,6.860,1.172,hip2,HIP91665,
23310,,,5.013112,4.567725,6.860,1.032,hip2,HIP23310,
112850,,,22.853699,48.733245,6.860,-0.076,hip2,HIP112850,
10926,,,2.345255,55.909081,6.860,0.316,hip2,HIP10926,
96395,,,19.598781,56.984388,6.860,0.636,hip2,HIP96395,
26173,,,5.580001,-7.200370,6.860,1.162,hip2,HIP26173,
43421,,,8.844560,18.003392,6.860,0.881,hip2,HIP43421,
44607,,,9.088569,50.823957,6.860,0.411,hip2,HIP44607,
93233,,,18.990775,-75.390066,6.860,1.280,hip2,HIP93233,
104374,,,21.144798,-37.242689,6.860,-0.073,hip2,HIP104374,
105933,,,21.454710,5.391671,6.860,0.336,hip2,HIP105933,
105856,,,21.440296,-12.094999,6.860,1.021,hip2,HIP105856,
14455,,,3.109267,-10.251944,6.860,1.021,hip2,HIP14455,
31738,,,6.639730,-52.932128,6.861,1.561,hip2,HIP31738,
98291,,,19.970636,16.493748,6.861,-0.021,hip2,HIP98291,
23183,,,4.988664,-32.239259,6.861,1.295,hip2,HIP23183,
28767,,,6.074963,44.260814,6.861,0.573,hip2,HIP28767,
7991,,,1.710302,40.377369,6.861,1.356,hip2,HIP7991,
8486,,,1.823175,-10.703315,6.861,0.654,hip2,HIP8486,
76630,,,15.649692,46.926608,6.861,1.619,hip2,HIP76630,
98666,,,20.040699,79.681028,6.861,0.911,hip2,HIP98666,
39738,,,8.122071,-48.386615,6.861,0.954,hip2,HIP39738,
42207,,,8.606034,-32.261950,6.861,1.086,hip2,HIP42207,
44904,,,9.148176,-53.593440,6.861,0.150,hip2,HIP44904,
50286,,,10.267537,60.150699,6.861,0.423,hip2,HIP50286,
66289,,,13.586430,-62.630662,6.861,0.944,hip2,HIP66289,
91337,,,18.629296,-4.806909,6.861,0.374,hip2,HIP91337,
97210,,,19.756759,-30.902964,6.861,0.123,hip2,HIP97210,
7399,,,1.590040,53.345576,6.861,-0.012,hip2,HIP7399,
20836,,,4.465383,-21.503945,6.862,0.505,hip2,HIP20836,
73522,,,15.027326,-56.260172,6.862,-0.086,hip2,HIP73522,
98474,,,20.005904,3.331974,6.862,1.281,hip2,HIP98474,
113766,,,23.039178,23.340480,6.862,0.064,hip2,HIP113766,
4197,,,0.893605,29.489422,6.862,0.872,hip2,HIP4197,
42970,,,8.758236,18.817486,6.862,0.390,hip2,HIP42970,
38356,,,7.855690,-9.404700,6.862,0.084,hip2,HIP38356,
46134,,,9.407965,6.350192,6.862,0.513,hip2,HIP46134,
91306,,,18.624664,29.584648,6.862,1.294,hip2,HIP91306,
29388,,,6.193490,48.713088,6.862,0.147,tyc2,TYC3379-01707-2,3379-01707-2
84757,,,17.324973,-45.639957,6.862,0.037,hip2,HIP84757,
103687,,,21.011217,-35.291736,6.862,0.981,hip2,HIP103687,
11956,,,2.570613,33.792826,6.862,1.260,hip2,HIP11956,
23493,,,5.050546,-8.663144,6.862,-0.020,hip2,HIP23493,
45796,,,9.337562,-45.173224,6.862,1.227,hip2,HIP45796,
26838,,,5.699090,35.631330,6.862,0.024,hip2,HIP26838,
30326,,,6.378772,-2.195340,6.862,1.099,hip2,HIP30326,
117655,,,23.860924,-34.691528,6.862,0.970,hip2,HIP117655,
45595,,,9.293302,27.422195,6.862,0.409,hip2,HIP45595,
54515,,,11.153805,-1.333248,6.862,0.165,hip2,HIP54515,
6974,,,1.496309,65.171065,6.863,1.334,hip2,HIP6974,
17022,,,3.649261,42.538598,6.863,0.614,hip2,HIP17022,
19256,,,4.127064,-37.061950,6.863,1.305,hip2,HIP19256,
32776,,,6.833939,12.058138,6.863,1.807,hip2,HIP32776,
39418,,,8.058002,12.181441,6.863,0.571,hip2,HIP39418,
3788,,,0.811448,-28.495298,6.863,0.348,hip2,HIP3788,
102435,,,20.756627,-30.478150,6.863,0.333,hip2,HIP102435,
98382,,,19.988910,84.668747,6.863,0.168,hip2,HIP98382,
41645,,,8.491813,-0.960029,6.863,1.025,hip2,HIP41645,
91992,,,18.749789,-39.749684,6.863,0.518,hip2,HIP91992,
61449,,,12.592552,-12.021039,6.863,0.938,hip2,HIP61449,
105540,,,21.374709,49.491421,6.863,0.029,hip2,HIP105540,
115529,,,23.402196,57.535515,6.863,0.254,hip2,HIP115529,
37074,,,7.618259,16.904255,6.864,-0.214,hip2,HIP37074,
76944,,,15.711279,31.708781,6.864,1.359,hip2,HIP76944,
2948,,,0.624003,40.332381,6.864,0.021,hip2,HIP2948,
4726,,,1.011222,-1.658576,6.864,1.600,hip2,HIP4726,
89859,,,18.338006,-35.428679,6.864,-0.041,hip2,HIP89859,
117734,,,23.877740,-18.561868,6.864,0.090,hip2,HIP117734,
7400,,,1.590082,63.081977,6.864,0.985,hip2,HIP7400,
103282,,,20.924027,43.367269,6.864,1.449,hip2,HIP103282,
105998,,,21.468050,62.096501,6.864,0.997,hip2,HIP105998,
50508,,,10.315971,17.705933,6.864,0.031,hip2,HIP50508,
3736,,,0.799731,51.444782,6.864,0.100,hip2,HIP3736,
36808,,,7.570266,-20.137419,6.864,-0.170,hip2,HIP36808,
96420,,,19.603236,12.161639,6.864,1.419,hip2,HIP96420,
18824,,,4.034217,-34.482122,6.864,0.628,hip2,HIP18824,
29040,,,6.126637,10.456322,6.864,1.150,hip2,HIP29040,
43766,,,8.915541,26.199386,6.864,0.665,hip2,HIP43766,
74080,,,15.138458,33.706481,6.864,0.979,hip2,HIP74080,
71668,,,14.658798,-68.203373,6.865,-0.030,hip2,HIP71668,
19690,,,4.217587,-23.128280,6.865,0.351,hip2,HIP19690,
20800,,,4.456843,46.853888,6.865,0.711,hip2,HIP20800,
35746,,,7.373082,-20.506672,6.865,1.610,hip2,HIP35746,
33515,,,6.966391,-10.785917,6.865,1.172,hip2,HIP33515,
54630,,,11.181894,-58.455267,6.865,-0.087,hip2,HIP54630,
94045,,,19.146352,-25.079324,6.865,0.001,hip2,HIP94045,
30418,,,6.395903,-37.014603,6.865,-0.096,hip2,HIP30418,
79079,,,16.142494,-62.981851,6.865,-0.062,hip2,HIP79079,
39827,,,8.137314,-61.077508,6.865,0.649,hip2,HIP39827,
21238,,,4.555997,43.032067,6.865,0.213,hip2,HIP21238,
91568,,,18.672711,26.130862,6.865,0.019,hip2,HIP91568,
9870,,,2.116368,-65.945720,6.865,0.883,hip2,HIP9870,
15886,,,3.410274,-76.746117,6.865,0.200,hip2,HIP15886,
118162,,,23.968571,50.447080,6.865,0.694,hip2,HIP118162,
32243,,,6.731544,-25.534971,6.866,0.933,hip2,HIP32243,
100947,,,20.467019,-25.606514,6.866,0.383,hip2,HIP100947,
64648,,,13.252397,35.445788,6.866,0.182,hip2,HIP64648,
51936,,,10.609834,-28.771837,6.866,0.066,hip2,HIP51936,
38906,,,7.962563,-60.926490,6.866,-0.009,hip2,HIP38906,
66422,,,13.617424,67.036419,6.866,0.989,hip2,HIP66422,
98690,,,20.044799,12.358745,6.866,1.505,hip2,HIP98690,
22550,,,4.853467,11.068047,6.866,0.543,hip2,HIP22550,
102029,,,20.676459,15.643137,6.867,0.458,hip2,HIP102029,
47962,,,9.774027,-59.352699,6.867,-0.021,hip2,HIP47962,
52721,,,10.778565,-26.048273,6.867,1.038,hip2,HIP52721,
12361,,,2.652081,-52.934928,6.867,0.387,hip2,HIP12361,
22279,,,4.797089,53.301277,6.867,0.452,hip2,HIP22279,
81376,,,16.619031,-52.381631,6.867,1.607,hip2,HIP81376,
55109,,,11.283337,-54.776900,6.867,0.423,hip2,HIP55109,
80479,,,16.427970,9.370643,6.867,1.435,hip2,HIP80479,
14287,,,3.069279,38.079513,6.867,-0.008,hip2,HIP14287,
43396,,,8.839821,-35.930468,6.867,-0.108,hip2,HIP43396,
95021,,,19.334110,-6.627972,6.867,1.683,hip2,HIP95021,
41757,,,8.514862,-15.834679,6.867,1.561,hip2,HIP41757,
32622,,,6.805989,-7.754609,6.867,-0.101,hip2,HIP32622,
86107,,,17.597441,12.046922,6.867,1.630,hip2,HIP86107,
15775,,,3.388150,-17.439556,6.868,1.007,hip2,HIP15775,
61709,,,12.648543,-76.065912,6.868,1.680,hip2,HIP61709,
68708,,,14.065828,11.282529,6.868,1.168,hip2,HIP68708,
51291,,,10.476907,-19.524749,6.868,1.010,hip2,HIP51291,
100559,,,20.390831,10.363133,6.868,1.043,hip2,HIP100559,
75122,,,15.351295,-47.760315,6.868,0.440,hip2,HIP75122,
89277,,,18.217732,2.980618,6.868,0.123,hip2,HIP89277,
49221,,,10.047009,-1.067629,6.868,1.064,hip2,HIP49221,
30663,,,6.443815,15.523702,6.868,-0.038,hip2,HIP30663,
90089,,,18.384576,-60.749163,6.868,0.245,hip2,HIP90089,
113159,,,22.915206,-22.368460,6.868,0.469,hip2,HIP113159,
59965,,,12.298696,-57.850149,6.868,1.584,hip2,HIP59965,
64370,,,13.193356,-56.908980,6.868,1.684,hip2,HIP64370,
98424,,,19.998273,52.149816,6.868,1.408,hip2,HIP98424,
113601,,,23.008990,13.468648,6.868,1.198,hip2,HIP113601,
35547,,,7.335218,-3.914532,6.869,1.198,hip2,HIP35547,
97398,,,19.796149,5.781998,6.869,1.057,hip2,HIP97398,
102114,,,20.693790,13.808805,6.869,0.172,hip2,HIP102114,
26137,,,5.573354,-4.804358,6.869,0.198,hip2,HIP26137,
34786,,,7.201499,-27.334956,6.869,-0.142,hip2,HIP34786,
114834,,,23.261155,1.308376,6.869,0.537,hip2,HIP114834,
86482,,,17.671691,63.675011,6.869,0.559,hip2,HIP86482,
,,,6.203837,13.686699,6.869,0.285,tyc2,TYC0742-00860-1,0742-00860-1
93204,,,18.984931,43.720983,6.869,-0.001,hip2,HIP93204,
15187,,,3.262617,80.130486,6.869,1.069,hip2,HIP15187,
49308,,,10.064880,38.020739,6.869,0.533,hip2,HIP49308,
63287,,,12.969673,-47.064934,6.870,0.039,hip2,HIP63287,
82565,,,16.876683,-37.599325,6.870,0.891,hip2,HIP82565,
98154,,,19.947152,23.776700,6.870,0.328,hip2,HIP98154,
107669,,,21.809649,-47.775628,6.870,0.341,hip2,HIP107669,
10673,,,2.288822,-35.983071,6.870,0.989,hip2,HIP10673,
55816,,,11.438343,8.659593,6.870,1.407,hip2,HIP55816,
19440,,,4.163649,-3.573528,6.870,0.045,hip2,HIP19440,
66782,,,13.687104,-46.028249,6.870,1.024,hip2,HIP66782,
40993,,,8.365832,-10.748134,6.870,0.393,hip2,HIP40993,
102775,,,20.821947,58.748745,6.870,-0.046,hip2,HIP102775,
22633,,,4.869601,31.164425,6.871,0.875,hip2,HIP22633,
,,,7.029660,-40.896831,6.871,-0.125,tyc2,TYC7633-02709-1,7633-02709-1
71855,,,14.697830,-75.139432,6.871,0.707,hip2,HIP71855,
92869,,,18.923793,40.177150,6.871,0.101,hip2,HIP92869,
50279,,,10.265782,-55.519688,6.871,0.058,hip2,HIP50279,
42503,,,8.665659,32.727351,6.871,1.122,hip2,HIP42503,
6440,,,1.378615,-36.596466,6.871,0.990,hip2,HIP6440,
63159,,,12.941701,-26.460239,6.871,0.728,hip2,HIP63159,
110707,,,22.430012,-20.236995,6.871,0.664,hip2,HIP110707,
34735,,,7.191666,26.405944,6.872,1.064,hip2,HIP34735,
48905,,,9.976160,58.951963,6.872,1.312,hip2,HIP48905,
87410,,,17.863475,-19.525013,6.872,0.308,hip2,HIP87410,
43068,,,8.772992,82.239332,6.872,-0.003,hip2,HIP43068,
26070,,,5.560478,-3.463155,6.872,1.504,hip2,HIP26070,
51832,,,10.589515,-12.859269,6.872,0.365,hip2,HIP51832,
47684,,,9.722907,20.193211,6.872,1.208,hip2,HIP47684,
101602,,,20.591358,69.680020,6.872,0.907,hip2,HIP101602,
94940,,,19.319330,-15.908330,6.872,2.479,hip2,HIP94940,
48712,,,9.935559,-7.645329,6.872,1.477,hip2,HIP48712,
18844,,,4.040710,-61.357205,6.872,0.667,hip2,HIP18844,
117622,,,23.855148,40.198683,6.872,0.419,hip2,HIP117622,
117528,,,23.835016,-11.103100,6.872,0.413,hip2,HIP117528,
22329,,,4.809383,-43.980040,6.872,0.948,hip2,HIP22329,
6771,,,1.451351,-30.235821,6.872,0.976,hip2,HIP6771,
40010,,,8.171004,-22.533268,6.872,0.315,hip2,HIP40010,
98031,,,19.920541,-59.195543,6.873,1.234,hip2,HIP98031,
102540,,,20.779513,-64.909256,6.873,1.075,hip2,HIP102540,
92039,,,18.760319,-48.264047,6.873,0.211,hip2,HIP92039,
75825,,,15.489803,47.713437,6.873,0.071,hip2,HIP75825,
90397,,,18.444667,-30.393181,6.873,0.548,hip2,HIP90397,
62986,,,12.906113,-58.430606,6.873,0.550,hip2,HIP62986,
68064,,,13.935995,25.918724,6.873,0.402,hip2,HIP68064,
13645,,,2.928132,31.043126,6.873,1.749,hip2,HIP13645,
23560,,,5.065713,-14.556197,6.873,1.210,hip2,HIP23560,
58221,,,11.940785,14.186268,6.873,1.460,hip2,HIP58221,
111616,,,22.611782,-43.470959,6.873,0.529,hip2,HIP111616,
98313,,,19.975704,-3.553718,6.873,1.925,hip2,HIP98313,
1849,,,0.389479,-29.847158,6.873,1.560,hip2,HIP1849,
77191,,,15.761935,-22.753244,6.873,1.312,hip2,HIP77191,
88103,,,17.993579,43.235193,6.874,1.106,hip2,HIP88103,
8859,,,1.899387,10.614721,6.874,0.468,hip2,HIP8859,
105779,,,21.423182,-45.161866,6.874,0.111,hip2,HIP105779,
112697,,,22.821551,50.977060,6.874,0.552,hip2,HIP112697,
27259,,,5.778359,-36.231311,6.874,0.086,hip2,HIP27259,
88342,,,18.041263,-3.157324,6.874,0.556,hip2,HIP88342,
18451,,,3.943424,74.080010,6.874,1.513,hip2,HIP18451,
52064,,,10.638860,60.125030,6.874,0.465,hip2,HIP52064,
98922,,,20.086147,2.119058,6.874,0.479,hip2,HIP98922,
17320,,,3.707672,32.939459,6.875,0.486,hip2,HIP17320,
107019,,,21.674261,-34.534571,6.875,1.085,hip2,HIP107019,
36232,,,7.461262,22.141471,6.875,1.680,hip2,HIP36232,
1955,,,0.412449,-51.043868,6.875,0.556,tyc2,TYC8029-00999-1,8029-00999-1
19402,,,4.156230,73.570318,6.875,0.548,hip2,HIP19402,
115484,,,23.394002,54.030961,6.875,0.079,hip2,HIP115484,
29975,,,6.310489,29.781530,6.875,0.008,hip2,HIP29975,
111807,,,22.647231,4.530212,6.875,0.200,hip2,HIP111807,
77838,,,15.893487,68.720192,6.875,0.544,hip2,HIP77838,
17572,,,3.763556,23.147257,6.876,0.060,hip2,HIP17572,
57191,,,11.726985,41.722475,6.876,0.974,hip2,HIP57191,
64925,,,13.306924,-45.764611,6.876,-0.006,hip2,HIP64925,
9785,,,2.096785,7.028395,6.876,0.376,hip2,HIP9785,
93419,,,19.026362,25.025932,6.876,1.461,hip2,HIP93419,
18059,,,3.860170,22.031429,6.876,1.120,hip2,HIP18059,
96154,,,19.550877,-30.362741,6.876,1.600,hip2,HIP96154,
107585,,,21.790220,-4.608618,6.876,0.070,hip2,HIP107585,
79765,,,16.279576,40.038310,6.876,1.527,hip2,HIP79765,
91795,,,18.717547,-78.066263,6.876,0.458,hip2,HIP91795,
40057,,,8.182907,-6.747961,6.876,1.081,hip2,HIP40057,
24379,,,5.230348,37.032756,6.877,0.015,hip2,HIP24379,
29275,,,6.171286,-15.059424,6.877,-0.076,hip2,HIP29275,
29561,,,6.228269,-51.667465,6.877,0.072,hip2,HIP29561,
37007,,,7.605352,-69.056576,6.877,-0.011,hip2,HIP37007,
56698,,,11.625720,-39.358814,6.877,1.571,hip2,HIP56698,
19767,,,4.238358,12.348245,6.877,0.677,hip2,HIP19767,
,,,18.517706,-47.825243,6.877,1.270,tyc2,TYC8363-00813-1,8363-00813-1
37983,,,7.785332,-41.503740,6.877,-0.168,hip2,HIP37983,
89152,,,18.195333,-55.361650,6.877,1.674,hip2,HIP89152,
106913,,,21.652750,-27.306368,6.877,0.623,hip2,HIP106913,
42984,,,8.760593,-77.075277,6.877,0.059,hip2,HIP42984,
97351,,,19.785838,-17.078112,6.877,1.753,hip2,HIP97351,
45511,,,9.274327,-13.834164,6.878,0.191,hip2,HIP45511,
56621,,,11.609832,-36.121292,6.878,0.258,hip2,HIP56621,
105478,,,21.363975,1.361666,6.878,0.366,hip2,HIP105478,
58380,,,11.971034,-47.976891,6.878,0.527,hip2,HIP58380,
105184,,,21.307521,-43.334702,6.878,0.637,hip2,HIP105184,
7370,,,1.582811,33.118190,6.878,0.634,hip2,HIP7370,
6048,,,1.295098,-7.659559,6.878,0.273,hip2,HIP6048,
60816,,,12.465451,-8.677905,6.878,0.584,hip2,HIP60816,
72627,,,14.849647,-42.822456,6.878,0.129,hip2,HIP72627,
35517,,,7.331345,59.252939,6.878,1.470,hip2,HIP35517,
95700,,,19.465017,20.247403,6.878,-0.033,hip2,HIP95700,
17523,,,3.751970,74.542535,6.878,1.003,hip2,HIP17523,
28667,,,6.052779,7.627151,6.878,1.378,hip2,HIP28667,
110569,,,22.398997,31.261752,6.878,1.523,hip2,HIP110569,
2415,,,0.513103,16.037615,6.878,0.126,hip2,HIP2415,
38388,,,7.863655,-20.720572,6.878,0.420,hip2,HIP38388,
67125,,,13.757625,-48.791729,6.878,0.540,hip2,HIP67125,
4834,,,1.035450,56.328701,6.879,1.109,hip2,HIP4834,
71492,,,14.619992,-62.010891,6.879,1.005,hip2,HIP71492,
15131,,,3.251806,-45.665167,6.879,0.586,hip2,HIP15131,
106566,,,21.581465,-51.827016,6.879,0.885,hip2,HIP106566,
92902,,,18.929359,-56.423373,6.879,1.610,hip2,HIP92902,
42912,,,8.744846,-23.788314,6.880,1.263,hip2,HIP42912,
50719,,,10.355985,-25.372995,6.880,1.039,hip2,HIP50719,
42316,,,8.627767,-46.282722,6.880,0.044,hip2,HIP42316,
51001,,,10.418487,-50.106720,6.880,0.436,hip2,HIP51001,
53389,,,10.920312,77.087553,6.880,1.532,hip2,HIP53389,
1342,,,0.280054,-78.780093,6.880,0.451,hip2,HIP1342,
42333,,,8.630686,-6.806990,6.880,0.655,hip2,HIP42333,
74982,,,15.322722,-9.146398,6.880,1.418,hip2,HIP74982,
85308,,,17.433023,-49.734910,6.880,-0.060,hip2,HIP85308,
70220,,,14.366281,-1.988068,6.880,0.198,hip2,HIP70220,
28374,,,5.994337,21.604267,6.880,-0.060,hip2,HIP28374,
32275,,,6.738165,40.623318,6.880,1.590,hip2,HIP32275,
35576,,,7.341965,0.403634,6.880,-0.012,hip2,HIP35576,
79477,,,16.219963,-49.884643,6.880,0.150,hip2,HIP79477,
49209,,,10.043619,-20.423959,6.880,0.181,hip2,HIP49209,
102876,,,20.843336,30.912594,6.881,0.265,hip2,HIP102876,
3901,,,0.833957,70.774175,6.881,-0.055,hip2,HIP3901,
31565,,,6.606669,59.664514,6.881,0.098,hip2,HIP31565,
54974,,,11.256553,-11.588108,6.881,1.589,hip2,HIP54974,
17129,,,3.668678,34.116460,6.881,0.543,hip2,HIP17129,
19039,,,4.078629,32.571229,6.881,0.000,hip2,HIP19039,
74675,,,15.260941,-27.596315,6.881,0.372,hip2,HIP74675,
11360,,,2.437832,6.292674,6.881,0.399,hip2,HIP11360,
26518,,,5.639371,8.487325,6.881,1.184,hip2,HIP26518,
32143,,,6.712510,32.558883,6.881,1.470,hip2,HIP32143,
82140,,,16.780930,-25.528536,6.881,1.177,hip2,HIP82140,
22036,,,4.737578,-27.577822,6.881,1.497,hip2,HIP22036,
23047,,,4.958768,65.278378,6.881,1.003,hip2,HIP23047,
42019,,,8.565303,58.607313,6.881,0.003,hip2,HIP42019,
99801,,,20.248374,32.868671,6.881,0.018,hip2,HIP99801,
11611,,,2.496139,46.032002,6.881,1.115,hip2,HIP11611,
91361,,,18.633316,28.629935,6.881,-0.117,hip2,HIP91361,
84744,,,17.323353,27.283857,6.882,1.657,hip2,HIP84744,
97915,,,19.897967,26.593470,6.882,0.095,hip2,HIP97915,
1644,,,0.342809,56.556963,6.882,0.817,hip2,HIP1644,
,,,5.958316,14.060413,6.882,1.842,tyc2,TYC0728-02938-1,0728-02938-1
68304,,,13.982055,53.106475,6.882,0.143,hip2,HIP68304,
58674,,,12.030804,-73.298519,6.882,0.043,hip2,HIP58674,
105782,,,21.423584,-14.277339,6.882,0.043,hip2,HIP105782,
77911,,,15.911557,-22.766198,6.882,0.035,hip2,HIP77911,
21760,,,4.672958,29.972320,6.882,0.393,hip2,HIP21760,
25092,,,5.371838,-8.666107,6.882,1.800,hip2,HIP25092,
81830,,,16.714667,-79.024245,6.883,1.345,hip2,HIP81830,
85278,,,17.424901,-29.670623,6.883,0.194,hip2,HIP85278,
36355,,,7.482413,-34.918390,6.883,-0.118,hip2,HIP36355,
20784,,,4.451793,-62.799657,6.883,-0.001,hip2,HIP20784,
21032,,,4.509375,-23.024384,6.883,0.166,hip2,HIP21032,
25893,,,5.527551,18.244204,6.883,1.592,hip2,HIP25893,
5232,,,1.115002,59.858643,6.883,0.002,hip2,HIP5232,
27892,,,5.901876,-35.903025,6.883,0.438,hip2,HIP27892,
33957,,,7.046046,-49.928009,6.883,0.055,hip2,HIP33957,
70386,,,14.401590,11.246969,6.883,0.575,hip2,HIP70386,
18499,,,3.954529,41.880660,6.883,0.115,hip2,HIP18499,
21147,,,4.533280,-20.699401,6.883,1.519,hip2,HIP21147,
28662,,,6.052322,-36.872953,6.883,-0.077,hip2,HIP28662,
6027,,,1.290636,57.632079,6.883,0.047,hip2,HIP6027,
35803,,,7.384619,18.273514,6.883,0.455,hip2,HIP35803,
7456,,,1.600794,7.645253,6.883,0.465,hip2,HIP7456,
22055,,,4.743148,38.254978,6.883,0.778,hip2,HIP22055,
61544,,,12.610567,-39.326282,6.883,0.998,hip2,HIP61544,
96453,,,19.610020,-32.690858,6.883,-0.059,hip2,HIP96453,
96479,,,19.614092,-10.157445,6.883,1.549,hip2,HIP96479,
17276,,,3.699748,-24.652152,6.883,0.505,hip2,HIP17276,
112434,,,22.774885,54.872095,6.883,0.068,hip2,HIP112434,
87289,,,17.835906,9.848372,6.883,1.401,hip2,HIP87289,
17220,,,3.688441,28.702791,6.883,-0.004,hip2,HIP17220,
26648,,,5.663634,1.491740,6.883,-0.065,hip2,HIP26648,
34995,,,7.240708,24.711164,6.883,-0.002,hip2,HIP34995,
45817,,,9.342183,-61.993067,6.883,-0.088,hip2,HIP45817,
19103,,,4.094887,10.037112,6.884,1.034,hip2,HIP19103,
83876,,,17.142651,24.486607,6.884,0.128,hip2,HIP83876,
101027,,,20.481005,-17.813726,6.884,0.575,tyc2,TYC6333-02128-2,6333-02128-2
23926,,,5.141657,-41.214372,6.884,0.662,hip2,HIP23926,
110706,,,22.429689,63.328326,6.884,1.518,hip2,HIP110706,
24642,,,5.287630,28.905011,6.885,0.765,hip2,HIP24642,
38222,,,7.830636,-36.093509,6.885,1.553,hip2,HIP38222,
99539,,,20.201039,47.737040,6.885,-0.110,hip2,HIP99539,
48212,,,9.829621,31.077119,6.885,0.223,hip2,HIP48212,
111587,,,22.606028,-72.712870,6.885,1.145,hip2,HIP111587,
64590,,,13.238932,-42.852091,6.885,1.083,hip2,HIP64590,
95879,,,19.499695,46.946485,6.885,-0.023,hip2,HIP95879,
14619,,,3.147268,-64.565457,6.885,0.343,hip2,HIP14619,
86404,,,17.655679,-29.530936,6.885,0.936,hip2,HIP86404,
18138,,,3.877691,32.408589,6.885,0.896,hip2,HIP18138,
25748,,,5.497639,60.268599,6.885,0.066,hip2,HIP25748,
23286,,,5.009381,14.383683,6.885,0.673,hip2,HIP23286,
87312,,,17.840457,-61.924677,6.885,0.529,hip2,HIP87312,
41837,,,8.529067,-74.855012,6.885,1.122,hip2,HIP41837,
60128,,,12.331586,-62.854184,6.885,0.248,hip2,HIP60128,
18109,,,3.871412,-0.655615,6.886,0.220,hip2,HIP18109,
69040,,,14.132373,48.210842,6.886,0.372,hip2,HIP69040,
101515,,,20.571248,-43.447651,6.886,1.271,hip2,HIP101515,
8490,,,1.824215,26.472670,6.886,-0.066,hip2,HIP8490,
67800,,,13.889116,42.184800,6.886,0.053,hip2,HIP67800,
108123,,,21.905294,-36.061531,6.886,1.401,hip2,HIP108123,
2024,,,0.428264,54.994212,6.886,1.676,hip2,HIP2024,
108681,,,22.016411,-36.556223,6.886,1.096,hip2,HIP108681,
48672,,,9.926498,-17.469438,6.886,1.517,hip2,HIP48672,
98013,,,19.918108,47.540972,6.886,1.059,hip2,HIP98013,
22467,,,4.835222,-15.804260,6.886,0.977,hip2,HIP22467,
100475,,,20.375611,34.990778,6.886,0.064,hip2,HIP100475,
2572,,,0.544275,-25.359582,6.886,1.176,hip2,HIP2572,
58327,,,11.961790,17.467830,6.886,0.392,hip2,HIP58327,
53840,,,11.014255,-40.498129,6.886,0.532,hip2,HIP53840,
86317,,,17.636665,-28.046725,6.886,1.906,hip2,HIP86317,
20212,,,4.331560,-12.399140,6.886,0.927,hip2,HIP20212,
61905,,,12.686038,-44.101183,6.886,1.249,hip2,HIP61905,
23833,,,5.123867,-44.821720,6.887,-0.094,hip2,HIP23833,
38226,,,7.831881,-60.051468,6.887,1.239,hip2,HIP38226,
26930,,,5.716140,14.178521,6.887,1.095,hip2,HIP26930,
36411,,,7.491870,19.633181,6.887,1.280,hip2,HIP36411,
45714,,,9.319278,-56.365597,6.887,0.161,hip2,HIP45714,
55830,,,11.442791,-21.356503,6.887,-0.011,hip2,HIP55830,
108479,,,21.975037,-41.720973,6.887,1.580,hip2,HIP108479,
1600,,,0.334147,-17.700417,6.887,1.249,hip2,HIP1600,
45975,,,9.375620,-15.234789,6.887,0.978,hip2,HIP45975,
28626,,,6.043782,32.591392,6.887,0.432,hip2,HIP28626,
99450,,,20.184987,-6.087690,6.887,0.031,hip2,HIP99450,
97979,,,19.912323,22.429246,6.887,1.508,hip2,HIP97979,
13482,,,2.893957,1.969683,6.887,0.940,hip2,HIP13482,
36863,,,7.578817,-44.692054,6.887,1.554,hip2,HIP36863,
62483,,,12.804581,-44.718752,6.888,-0.018,hip2,HIP62483,
67379,,,13.809629,7.960144,6.888,0.340,hip2,HIP67379,
31776,,,6.644655,41.581495,6.888,0.021,hip2,HIP31776,
58213,,,11.939091,26.679600,6.888,0.382,hip2,HIP58213,
88581,,,18.086264,-24.398563,6.888,0.079,hip2,HIP88581,
115724,,,23.445458,2.478330,6.888,1.108,hip2,HIP115724,
28981,,,6.115628,-3.341181,6.888,-0.118,hip2,HIP28981,
27123,,,5.751868,33.626464,6.888,0.436,hip2,HIP27123,
29126,,,6.141768,13.971066,6.888,-0.100,hip2,HIP29126,
89294,,,18.221021,16.273278,6.888,0.545,hip2,HIP89294,
72427,,,14.809078,-35.841498,6.888,0.992,hip2,HIP72427,
47299,,,9.639245,-81.709388,6.888,1.018,hip2,HIP47299,
63748,,,13.064835,43.007608,6.888,1.669,hip2,HIP63748,
91987,,,18.748865,-0.373392,6.888,-0.023,hip2,HIP91987,
113240,,,22.931755,-41.096812,6.888,1.013,hip2,HIP113240,
3045,,,0.644890,46.956829,6.888,0.960,hip2,HIP3045,
20349,,,4.358773,21.039965,6.888,0.434,hip2,HIP20349,
81757,,,16.699227,73.887294,6.888,0.223,hip2,HIP81757,
117155,,,23.751110,21.389916,6.888,1.456,hip2,HIP117155,
66345,,,13.597801,8.292762,6.888,1.475,hip2,HIP66345,
36636,,,7.534082,2.725429,6.889,0.069,hip2,HIP36636,
64781,,,13.276873,18.903260,6.889,1.003,hip2,HIP64781,
84144,,,17.203047,-27.042152,6.889,0.998,hip2,HIP84144,
85744,,,17.521867,19.522068,6.889,1.556,hip2,HIP85744,
59528,,,12.207070,-60.067810,6.889,0.262,hip2,HIP59528,
29854,,,6.286887,-24.074510,6.889,0.930,hip2,HIP29854,
39477,,,8.068342,13.687397,6.889,0.963,hip2,HIP39477,
69092,,,14.141387,-11.829433,6.889,0.114,hip2,HIP69092,
99435,,,20.182479,68.272223,6.889,0.127,hip2,HIP99435,
16782,,,3.599575,47.091091,6.889,-0.022,hip2,HIP16782,
37072,,,7.618183,20.157077,6.889,1.269,hip2,HIP37072,
100710,,,20.417658,83.182798,6.889,0.943,hip2,HIP100710,
50308,,,10.271442,78.946963,6.889,0.105,hip2,HIP50308,
94241,,,19.183684,-7.427425,6.889,0.810,hip2,HIP94241,
112138,,,22.714718,4.968762,6.889,1.583,hip2,HIP112138,
95049,,,19.340189,-10.560376,6.889,1.439,hip2,HIP95049,
16986,,,3.640812,49.205715,6.889,0.033,hip2,HIP16986,
26842,,,5.699315,-62.913778,6.889,-0.013,hip2,HIP26842,
81484,,,16.642650,-1.231489,6.889,1.274,hip2,HIP81484,
116765,,,23.664685,63.725440,6.889,0.103,hip2,HIP116765,
71632,,,14.650115,-10.554805,6.889,1.005,hip2,HIP71632,
33291,,,6.925540,37.915438,6.890,0.937,hip2,HIP33291,
105439,,,21.356586,-51.752398,6.890,0.654,hip2,HIP105439,
109191,,,22.119648,72.372742,6.890,0.145,hip2,HIP109191,
43005,,,8.764198,-37.877337,6.890,0.041,hip2,HIP43005,
100287,,,20.341106,43.854526,6.890,0.461,hip2,HIP100287,
31325,,,6.568920,-29.629519,6.890,0.296,hip2,HIP31325,
88063,,,17.986266,-38.573422,6.890,1.646,hip2,HIP88063,
15523,,,3.333845,1.483617,6.890,0.949,hip2,HIP15523,
77824,,,15.891395,65.288170,6.890,0.926,hip2,HIP77824,
93118,,,18.969656,-20.423748,6.890,-0.128,hip2,HIP93118,
47762,,,9.737680,-39.571190,6.890,0.332,hip2,HIP47762,
94505,,,19.234419,67.115536,6.891,0.074,hip2,HIP94505,
13085,,,2.803663,-3.619155,6.891,0.102,hip2,HIP13085,
37122,,,7.628222,1.928395,6.891,-0.016,hip2,HIP37122,
34696,,,7.186547,3.191631,6.891,0.966,hip2,HIP34696,
59290,,,12.162950,-51.783878,6.891,0.921,hip2,HIP59290,
22476,,,4.836117,63.625533,6.891,0.025,hip2,HIP22476,
66376,,,13.607270,-42.415363,6.891,0.245,hip2,HIP66376,
17821,,,3.813203,-7.014915,6.891,1.453,hip2,HIP17821,
30583,,,6.427911,-29.702973,6.891,-0.022,hip2,HIP30583,
103810,,,21.035832,56.669739,6.891,-0.042,tyc2,TYC3960-01602-2,3960-01602-2
43330,,,8.827918,-8.637994,6.891,0.244,hip2,HIP43330,
50787,,,10.369664,-13.409701,6.891,-0.064,hip2,HIP50787,
59658,,,12.234910,66.109277,6.891,1.313,hip2,HIP59658,
15702,,,3.371229,-21.100076,6.891,1.213,hip2,HIP15702,
65074,,,13.338903,-11.304118,6.891,1.000,hip2,HIP65074,
94524,,,19.238408,11.712779,6.891,1.533,hip2,HIP94524,
29367,,,6.189772,20.905421,6.891,0.155,hip2,HIP29367,
87761,,,17.927085,2.074923,6.891,0.574,hip2,HIP87761,
103568,,,20.984317,22.350418,6.891,1.661,hip2,HIP103568,
1185,,,0.246737,-14.177583,6.891,0.257,hip2,HIP1185,
100269,,,20.337593,15.542811,6.891,0.568,hip2,HIP100269,
106973,,,21.665309,51.476879,6.891,1.324,hip2,HIP106973,
37966,,,7.782418,-52.347178,6.892,-0.125,hip2,HIP37966,
29497,,,6.215418,-8.729044,6.892,-0.070,hip2,HIP29497,
33846,,,7.026003,-27.222953,6.892,-0.175,hip2,HIP33846,
30959,,,6.498689,-59.590676,6.892,0.359,hip2,HIP30959,
31731,,,6.638888,57.191752,6.892,0.931,hip2,HIP31731,
54854,,,11.230758,-52.855753,6.892,0.258,hip2,HIP54854,
111868,,,22.659459,51.155517,6.892,0.440,hip2,HIP111868,
4127,,,0.881062,40.245442,6.892,0.595,hip2,HIP4127,
17549,,,3.758623,42.006997,6.892,-0.022,hip2,HIP17549,
108213,,,21.922572,36.146270,6.892,1.158,hip2,HIP108213,
52203,,,10.666094,-52.284127,6.892,0.021,hip2,HIP52203,
60161,,,12.337096,37.902156,6.892,1.000,hip2,HIP60161,
95244,,,19.377860,-20.642655,6.892,1.032,hip2,HIP95244,
16075,,,3.450641,34.429501,6.892,1.051,hip2,HIP16075,
114183,,,23.123755,20.581709,6.893,1.013,hip2,HIP114183,
71327,,,14.586310,-46.461948,6.893,-0.010,hip2,HIP71327,
76836,,,15.687770,-13.970303,6.893,0.059,hip2,HIP76836,
47495,,,9.682240,-54.983442,6.893,-0.110,hip2,HIP47495,
69753,,,14.276089,32.208418,6.893,0.938,hip2,HIP69753,
111988,,,22.684100,51.758483,6.893,1.517,hip2,HIP111988,
94236,,,19.182847,-6.621808,6.893,0.127,hip2,HIP94236,
57994,,,11.895328,73.756351,6.893,0.574,hip2,HIP57994,
70671,,,14.454674,-78.620164,6.893,1.129,hip2,HIP70671,
95435,,,19.412607,16.957057,6.893,0.148,hip2,HIP95435,
100691,,,20.413554,40.153603,6.893,1.263,hip2,HIP100691,
38707,,,7.924774,-19.047390,6.894,0.134,hip2,HIP38707,
58003,,,11.897355,40.913047,6.894,1.060,hip2,HIP58003,
61133,,,12.527352,-30.981884,6.894,1.061,hip2,HIP61133,
90031,,,18.369940,51.541934,6.894,0.131,hip2,HIP90031,
101875,,,20.644456,38.635563,6.894,0.610,hip2,HIP101875,
36225,,,7.459580,-18.491876,6.894,-0.084,hip2,HIP36225,
34201,,,7.092424,-40.640546,6.894,0.909,hip2,HIP34201,
77294,,,15.780824,-58.125139,6.894,0.202,hip2,HIP77294,
86049,,,17.585410,-13.637783,6.894,0.040,hip2,HIP86049,
88082,,,17.989211,-77.823953,6.894,0.931,hip2,HIP88082,
18106,,,3.869854,25.163477,6.894,0.583,hip2,HIP18106,
107648,,,21.804162,65.170660,6.894,1.275,hip2,HIP107648,
94592,,,19.249679,27.961085,6.894,-0.068,hip2,HIP94592,
11904,,,2.560132,18.879990,6.894,0.290,hip2,HIP11904,
27818,,,5.885991,-47.955239,6.894,1.382,hip2,HIP27818,
38317,,,7.850057,31.613635,6.894,0.180,hip2,HIP38317,
35676,,,7.361422,-61.951482,6.894,-0.094,hip2,HIP35676,
73896,,,15.102956,-24.131300,6.894,1.028,hip2,HIP73896,
96241,,,19.569758,7.785789,6.894,-0.018,hip2,HIP96241,
23539,,,5.061898,-2.540009,6.894,1.076,hip2,HIP23539,
83872,,,17.142140,35.033748,6.894,1.079,hip2,HIP83872,
7709,,,1.654226,16.625539,6.895,0.867,hip2,HIP7709,
27444,,,5.811023,-14.314350,6.895,0.884,hip2,HIP27444,
626,,,0.127206,40.147996,6.895,0.951,hip2,HIP626,
54141,,,11.075927,12.666994,6.895,0.042,hip2,HIP54141,
89309,,,18.223650,11.884290,6.895,0.028,hip2,HIP89309,
100991,,,20.475770,-34.409706,6.895,1.270,hip2,HIP100991,
3145,,,0.666520,76.871170,6.895,1.199,hip2,HIP3145,
91220,,,18.608056,4.955080,6.895,1.142,hip2,HIP91220,
18656,,,3.993730,-56.472928,6.895,0.246,hip2,HIP18656,
20037,,,4.297428,67.088702,6.895,-0.021,hip2,HIP20037,
69295,,,14.183704,58.549123,6.896,0.979,hip2,HIP69295,
92800,,,18.909126,20.615306,6.896,0.121,hip2,HIP92800,
60924,,,12.486029,-2.429552,6.896,1.630,hip2,HIP60924,
84082,,,17.189617,4.690275,6.896,0.569,hip2,HIP84082,
112197,,,22.723787,62.671379,6.896,0.923,hip2,HIP112197,
47518,,,9.687401,8.995527,6.896,0.271,hip2,HIP47518,
41629,,,8.486873,32.692313,6.896,-0.083,hip2,HIP41629,
17575,,,3.764045,55.063877,6.897,0.210,hip2,HIP17575,
19758,,,4.235986,-46.132213,6.897,0.577,hip2,HIP19758,
92094,,,18.769157,-44.223009,6.897,1.513,hip2,HIP92094,
42578,,,8.678674,19.719343,6.897,0.202,hip2,HIP42578,
45565,,,9.286747,1.929639,6.897,0.273,hip2,HIP45565,
57253,,,11.739944,-20.695747,6.897,0.136,hip2,HIP57253,
69859,,,14.296635,55.425374,6.897,0.034,hip2,HIP69859,
99641,,,20.222034,79.651577,6.897,1.545,hip2,HIP99641,
113872,,,23.060590,-26.813317,6.897,1.635,hip2,HIP113872,
55682,,,11.409585,48.605792,6.897,1.598,hip2,HIP55682,
32571,,,6.796531,21.691574,6.897,1.630,hip2,HIP32571,
94923,,,19.316141,40.360439,6.897,0.035,hip2,HIP94923,
108960,,,22.074976,-25.883306,6.897,0.963,hip2,HIP108960,
51087,,,10.437680,-53.891474,6.897,1.972,hip2,HIP51087,
7589,,,1.628990,48.412733,6.897,0.471,hip2,HIP7589,
37524,,,7.701852,-30.186324,6.897,-0.150,hip2,HIP37524,
91308,,,18.624928,-2.920042,6.897,1.272,hip2,HIP91308,
66294,,,13.587253,44.197014,6.898,0.205,hip2,HIP66294,
87656,,,17.903994,-34.727634,6.898,0.036,hip2,HIP87656,
36288,,,7.469894,45.990630,6.898,1.462,hip2,HIP36288,
82580,,,16.881984,75.392830,6.898,0.318,hip2,HIP82580,
34778,,,7.200304,43.843043,6.898,0.022,hip2,HIP34778,
44874,,,9.143563,-25.839439,6.898,0.573,hip2,HIP44874,
49833,,,10.173413,-64.384276,6.898,-0.020,hip2,HIP49833,
6137,,,1.312267,-43.332929,6.898,1.491,hip2,HIP6137,
23395,,,5.028966,26.671062,6.898,0.505,hip2,HIP23395,
91343,,,18.630991,-17.231281,6.898,0.582,hip2,HIP91343,
23335,,,5.019282,-74.340871,6.898,-0.026,hip2,HIP23335,
30339,,,6.381995,-45.628932,6.898,1.139,hip2,HIP30339,
49360,,,10.076136,-64.647759,6.898,-0.059,hip2,HIP49360,
20727,,,4.441805,-32.816322,6.899,0.386,hip2,HIP20727,
71975,,,14.720928,-47.570483,6.899,-0.051,hip2,HIP71975,
104429,,,21.154281,-20.193161,6.899,1.003,hip2,HIP104429,
56081,,,11.495041,-38.456861,6.899,0.944,hip2,HIP56081,
100971,,,20.472456,20.112828,6.899,0.031,hip2,HIP100971,
49828,,,10.172564,-67.263409,6.899,0.034,hip2,HIP49828,
42595,,,8.681501,-48.225514,6.899,-0.148,hip2,HIP42595,
47291,,,9.637797,12.736292,6.899,0.912,hip2,HIP47291,
93372,,,19.018043,-62.865278,6.899,1.583,hip2,HIP93372,
97384,,,19.792594,1.089439,6.899,0.610,hip2,HIP97384,
13959,,,2.996492,61.289945,6.899,0.157,hip2,HIP13959,
101223,,,20.518366,15.807644,6.899,0.138,hip2,HIP101223,
27453,,,5.813143,11.997226,6.899,-0.100,hip2,HIP27453,
103645,,,20.999666,32.495706,6.899,1.638,hip2,HIP103645,
78024,,,15.931844,-2.164259,6.899,0.610,hip2,HIP78024,
69523,,,14.231835,29.105443,6.899,0.349,hip2,HIP69523,
57920,,,11.879502,15.436471,6.900,0.222,hip2,HIP57920,
7585,,,1.628002,12.078366,6.900,0.648,hip2,HIP7585,
43431,,,8.846278,78.165173,6.900,1.506,hip2,HIP43431,
101634,,,20.600192,79.430373,6.900,-0.137,hip2,HIP101634,
28827,,,6.085200,-56.233167,6.900,1.434,hip2,HIP28827,
44421,,,9.050793,49.948272,6.900,0.078,hip2,HIP44421,
,,,14.702601,-42.789179,6.900,0.966,tyc2,TYC7827-02182-1,7827-02182-1
59459,,,12.196126,23.322552,6.900,1.040,hip2,HIP59459,
96350,,,19.590046,69.805427,6.900,1.372,hip2,HIP96350,
15108,,,3.248062,-59.513509,6.900,1.360,hip2,HIP15108,
28187,,,5.957021,0.027540,6.900,0.000,hip2,HIP28187,
69265,,,14.179939,0.799660,6.900,0.130,hip2,HIP69265,
36281,,,7.469071,46.521812,6.900,0.111,hip2,HIP36281,
91297,,,18.622370,11.355836,6.900,0.032,hip2,HIP91297,
98525,,,20.016317,31.230465,6.900,-0.106,hip2,HIP98525,
78761,,,16.080263,70.261653,6.901,0.128,hip2,HIP78761,
21167,,,4.538120,37.043265,6.901,0.470,hip2,HIP21167,
68915,,,14.108347,-34.898701,6.901,1.538,hip2,HIP68915,
25646,,,5.478471,-8.376679,6.901,0.828,hip2,HIP25646,
96415,,,19.602071,35.213653,6.901,1.520,hip2,HIP96415,
84118,,,17.197278,41.730110,6.901,1.345,hip2,HIP84118,
116085,,,23.522486,59.165243,6.901,0.839,hip2,HIP116085,
88471,,,18.064843,30.377892,6.901,0.531,hip2,HIP88471,
10456,,,2.246206,46.687541,6.901,-0.027,hip2,HIP10456,
92336,,,18.818951,83.905125,6.901,0.118,hip2,HIP92336,
13394,,,2.872939,63.410066,6.902,0.574,hip2,HIP13394,
45153,,,9.199148,18.044170,6.902,0.087,hip2,HIP45153,
52397,,,10.710007,-75.463766,6.902,0.126,hip2,HIP52397,
86792,,,17.734908,-38.805634,6.902,0.974,hip2,HIP86792,
93161,,,18.976075,60.667248,6.902,-0.038,hip2,HIP93161,
106085,,,21.489040,67.050987,6.902,0.012,hip2,HIP106085,
42033,,,8.567871,-41.678910,6.902,1.201,hip2,HIP42033,
56260,,,11.532396,-6.470320,6.902,1.050,hip2,HIP56260,
41257,,,8.416963,9.426017,6.902,1.434,hip2,HIP41257,
88270,,,18.025507,-38.082208,6.902,-0.036,hip2,HIP88270,
20350,,,4.358945,18.417659,6.903,0.441,hip2,HIP20350,
38257,,,7.837089,39.770784,6.903,1.635,hip2,HIP38257,
87819,,,17.939248,-21.955980,6.903,0.092,hip2,HIP87819,
37209,,,7.643713,-56.229365,6.903,1.586,hip2,HIP37209,
110821,,,22.451863,-1.309139,6.903,0.652,hip2,HIP110821,
16193,,,3.476762,11.390608,6.903,0.965,hip2,HIP16193,
18437,,,3.941487,-38.962169,6.903,0.023,hip2,HIP18437,
10144,,,2.174953,81.482016,6.903,0.400,hip2,HIP10144,
16370,,,3.514576,-62.007989,6.903,0.534,hip2,HIP16370,
110619,,,22.409945,-1.186766,6.903,1.005,hip2,HIP110619,
92870,,,18.923866,-29.213103,6.903,0.979,hip2,HIP92870,
94528,,,19.239023,55.940355,6.903,1.048,hip2,HIP94528,
35588,,,7.344173,-52.198714,6.903,-0.024,hip2,HIP35588,
16414,,,3.522536,17.938176,6.904,1.545,hip2,HIP16414,
6047,,,1.294936,44.631916,6.904,1.570,hip2,HIP6047,
7832,,,1.679543,-2.621776,6.904,1.210,hip2,HIP7832,
80085,,,16.345360,-21.840653,6.904,1.704,hip2,HIP80085,
113583,,,23.005537,-8.880465,6.904,0.428,hip2,HIP113583,
35960,,,7.413057,-37.289669,6.904,0.229,tyc2,TYC7116-02738-1,7116-02738-1
92738,,,18.898276,82.369974,6.904,0.010,hip2,HIP92738,
28954,,,6.111264,15.542357,6.904,0.814,hip2,HIP28954,
42544,,,8.672537,-42.389281,6.904,0.160,hip2,HIP42544,
8718,,,1.869545,24.117312,6.904,1.136,hip2,HIP8718,
81445,,,16.634459,39.577368,6.904,1.147,hip2,HIP81445,
20556,,,4.403876,51.937117,6.905,0.191,hip2,HIP20556,
60672,,,12.434244,15.863918,6.905,1.095,hip2,HIP60672,
23029,,,4.952077,-58.069872,6.905,0.425,hip2,HIP23029,
39302,,,8.035417,2.960621,6.905,1.552,hip2,HIP39302,
31001,,,6.506114,28.212130,6.906,0.168,hip2,HIP31001,
63420,,,12.996123,9.525996,6.906,1.050,hip2,HIP63420,
54474,,,11.144815,-86.230943,6.906,1.741,hip2,HIP54474,
59366,,,12.179818,39.891539,6.906,0.280,hip2,HIP59366,
89502,,,18.264140,-36.573756,6.906,-0.110,hip2,HIP89502,
3030,,,0.642624,60.324785,6.906,1.725,hip2,HIP3030,
110624,,,22.410423,-39.127041,6.906,0.143,hip2,HIP110624,
25727,,,5.493766,-0.021224,6.906,0.076,hip2,HIP25727,
45722,,,9.320932,46.943813,6.906,-0.019,hip2,HIP45722,
107516,,,21.775514,-2.212754,6.906,1.126,tyc2,TYC5214-00632-1,5214-00632-1
42315,,,8.627693,-40.435647,6.906,1.685,hip2,HIP42315,
27642,,,5.851285,18.551318,6.906,1.345,hip2,HIP27642,
92199,,,18.790092,-49.630453,6.906,-0.067,hip2,HIP92199,
94104,,,19.156425,30.566272,6.906,-0.066,hip2,HIP94104,
61969,,,12.699355,-7.500188,6.906,1.580,hip2,HIP61969,
14970,,,3.216667,-20.027094,6.907,1.193,hip2,HIP14970,
58519,,,12.001321,19.419441,6.907,1.570,hip2,HIP58519,
118307,,,23.996249,-0.280053,6.907,1.614,hip2,HIP118307,
112500,,,22.788583,53.381846,6.907,0.166,hip2,HIP112500,
14845,,,3.195244,52.163521,6.907,0.006,hip2,HIP14845,
94142,,,19.162799,37.794279,6.907,0.365,hip2,HIP94142,
,,,6.761356,-17.177605,6.907,-0.065,tyc2,TYC5953-03315-1,5953-03315-1
60316,,,12.367865,61.591408,6.907,1.104,hip2,HIP60316,
83389,,,17.043416,47.079804,6.907,0.728,hip2,HIP83389,
102660,,,20.803794,-19.260237,6.907,0.422,hip2,HIP102660,
58389,,,11.972356,61.464572,6.907,1.054,hip2,HIP58389,
7710,,,1.654274,14.285626,6.907,1.120,hip2,HIP7710,
10462,,,2.247920,48.782429,6.907,1.089,hip2,HIP10462,
40071,,,8.186023,53.245265,6.907,0.549,hip2,HIP40071,
48430,,,9.873972,-71.943407,6.907,-0.030,hip2,HIP48430,
32668,,,6.813678,-34.936825,6.907,-0.021,hip2,HIP32668,
58848,,,12.069160,-69.521973,6.907,1.139,hip2,HIP58848,
28429,,,6.004007,33.136935,6.908,0.186,hip2,HIP28429,
5717,,,1.225771,29.736317,6.908,0.993,hip2,HIP5717,
92690,,,18.887104,-73.629620,6.908,-0.082,hip2,HIP92690,
112512,,,22.790308,-17.550754,6.908,0.500,hip2,HIP112512,
,,,6.428068,11.220012,6.908,1.207,tyc2,TYC0736-01489-1,0736-01489-1
107504,,,21.773365,-32.714637,6.908,1.341,hip2,HIP107504,
2243,,,0.474608,32.437793,6.908,0.106,hip2,HIP2243,
3459,,,0.737323,-49.385892,6.908,0.139,hip2,HIP3459,
14672,,,3.159613,19.380751,6.908,0.113,hip2,HIP14672,
100498,,,20.379133,12.443399,6.908,1.218,hip2,HIP100498,
102959,,,20.860062,-27.995263,6.908,0.260,hip2,HIP102959,
104269,,,21.123532,-59.991912,6.908,0.642,hip2,HIP104269,
89463,,,18.257589,-34.594502,6.908,-0.049,hip2,HIP89463,
42562,,,8.676022,33.277292,6.908,1.071,hip2,HIP42562,
64624,,,13.245664,-63.581055,6.908,0.112,hip2,HIP64624,
4843,,,1.038429,81.875588,6.909,0.010,hip2,HIP4843,
33816,,,7.020448,54.856760,6.909,-0.066,hip2,HIP33816,
83438,,,17.053666,-48.336855,6.909,1.239,hip2,HIP83438,
91137,,,18.590714,-32.890767,6.909,0.122,hip2,HIP91137,
85840,,,17.540321,26.439374,6.909,0.206,hip2,HIP85840,
24840,,,5.325329,-25.124119,6.909,1.483,hip2,HIP24840,
57064,,,11.698257,-60.230812,6.909,0.351,hip2,HIP57064,
63951,,,13.106308,22.279844,6.909,0.313,hip2,HIP63951,
78742,,,16.074886,0.672421,6.909,0.451,hip2,HIP78742,
117825,,,23.896827,-83.006966,6.909,1.503,hip2,HIP117825,
116164,,,23.536864,7.085015,6.909,0.505,hip2,HIP116164,
26008,,,5.550808,68.013432,6.909,0.370,hip2,HIP26008,
81027,,,16.548814,-10.562526,6.909,0.279,hip2,HIP81027,
115043,,,23.300204,-61.003444,6.909,1.099,hip2,HIP115043,
79161,,,16.156535,63.407670,6.910,0.117,hip2,HIP79161,
3042,,,0.644627,-73.137632,6.910,0.114,hip2,HIP3042,
97293,,,19.773525,54.405603,6.910,0.945,hip2,HIP97293,
4559,,,0.972066,6.844327,6.910,1.063,hip2,HIP4559,
88349,,,18.041876,58.627207,6.910,0.147,hip2,HIP88349,
86179,,,17.610219,13.813285,6.910,0.209,hip2,HIP86179,
88686,,,18.104735,24.413714,6.910,1.421,hip2,HIP88686,
25616,,,5.472532,-22.434285,6.910,0.590,hip2,HIP25616,
29790,,,6.272386,30.102537,6.910,-0.039,hip2,HIP29790,
82702,,,16.905217,46.539086,6.910,0.117,hip2,HIP82702,
59423,,,12.189451,-2.698936,6.910,1.074,hip2,HIP59423,
25184,,,5.386837,47.021644,6.910,1.700,hip2,HIP25184,
57720,,,11.837240,54.252552,6.910,1.074,hip2,HIP57720,
102120,,,20.694946,24.182495,6.910,-0.054,hip2,HIP102120,
35497,,,7.325644,-61.144998,6.911,1.234,hip2,HIP35497,
88434,,,18.055715,19.555888,6.911,1.620,hip2,HIP88434,
79571,,,16.235500,-48.932752,6.911,1.290,hip2,HIP79571,
54949,,,11.252381,-39.476934,6.911,0.108,hip2,HIP54949,
62437,,,12.796771,50.156964,6.911,0.387,hip2,HIP62437,
94067,,,19.149910,14.780399,6.911,1.100,hip2,HIP94067,
5458,,,1.164512,54.738879,6.911,1.140,hip2,HIP5458,
2901,,,0.612931,54.957397,6.911,1.419,hip2,HIP2901,
22848,,,4.915662,8.600002,6.911,0.150,hip2,HIP22848,
45659,,,9.306927,-57.273085,6.911,1.469,hip2,HIP45659,
116127,,,23.530635,44.072827,6.911,1.473,hip2,HIP116127,
26510,,,5.637579,-4.108188,6.911,0.129,hip2,HIP26510,
86422,,,17.658487,44.001188,6.911,0.086,hip2,HIP86422,
2036,,,0.430900,71.807122,6.911,-0.023,hip2,HIP2036,
42537,,,8.671677,1.920262,6.912,1.382,hip2,HIP42537,
48095,,,9.805980,-75.778087,6.912,0.483,hip2,HIP48095,
30838,,,6.477283,-0.721082,6.912,0.495,hip2,HIP30838,
76299,,,15.586124,43.167438,6.912,0.953,hip2,HIP76299,
906,,,0.186008,-3.321359,6.912,1.025,hip2,HIP906,
92723,,,18.894710,-31.991963,6.912,1.591,hip2,HIP92723,
3084,,,0.653122,-57.967788,6.912,0.471,hip2,HIP3084,
54960,,,11.254895,-19.637559,6.912,0.080,hip2,HIP54960,
21843,,,4.696151,-47.260024,6.912,0.745,hip2,HIP21843,
22786,,,4.901142,-38.162886,6.912,1.257,hip2,HIP22786,
51247,,,10.467580,48.963956,6.912,0.919,hip2,HIP51247,
106968,,,21.664467,-43.132006,6.912,1.024,hip2,HIP106968,
60905,,,12.481910,-61.870909,6.912,-0.060,hip2,HIP60905,
68124,,,13.946665,-46.386003,6.912,-0.126,hip2,HIP68124,
77067,,,15.736215,-50.215644,6.912,0.353,hip2,HIP77067,
2560,,,0.542201,18.795072,6.912,1.540,hip2,HIP2560,
32455,,,6.773839,-19.877901,6.912,0.965,hip2,HIP32455,
84229,,,17.216448,-58.596761,6.912,0.394,hip2,HIP84229,
3188,,,0.675924,-29.420879,6.912,0.996,hip2,HIP3188,
3445,,,0.734169,70.823480,6.912,0.921,hip2,HIP3445,
90950,,,18.552805,-18.368367,6.912,0.460,hip2,HIP90950,
47817,,,9.747658,-17.706413,6.913,1.441,hip2,HIP47817,
8225,,,1.765279,3.417578,6.913,0.362,hip2,HIP8225,
37533,,,7.703232,-55.178983,6.913,-0.076,hip2,HIP37533,
89708,,,18.308464,-34.686102,6.913,-0.058,hip2,HIP89708,
25685,,,5.485192,-30.116748,6.913,1.061,hip2,HIP25685,
46313,,,9.444370,-24.167869,6.913,-0.003,hip2,HIP46313,
17168,,,3.677432,28.773429,6.913,0.154,hip2,HIP17168,
70988,,,14.519810,-40.386391,6.913,0.963,hip2,HIP70988,
64711,,,13.263040,7.952966,6.913,1.163,hip2,HIP64711,
74359,,,15.196590,10.216523,6.913,0.048,hip2,HIP74359,
39944,,,8.158019,55.255912,6.913,0.351,hip2,HIP39944,
97592,,,19.836043,-10.007152,6.913,0.900,hip2,HIP97592,
29357,,,6.187730,47.906840,6.914,0.176,hip2,HIP29357,
51739,,,10.571387,-37.386803,6.914,0.023,hip2,HIP51739,
59111,,,12.121161,-64.681793,6.914,0.465,hip2,HIP59111,
72447,,,14.814791,5.954616,6.914,0.458,hip2,HIP72447,
99849,,,20.257884,-7.531382,6.914,0.218,hip2,HIP99849,
103748,,,21.023860,-32.895602,6.914,0.160,hip2,HIP103748,
21893,,,4.706171,-23.177943,6.914,1.579,hip2,HIP21893,
83168,,,16.997247,58.462553,6.914,0.122,hip2,HIP83168,
114501,,,23.189864,50.771326,6.914,0.456,hip2,HIP114501,
25293,,,5.411217,-2.497845,6.914,-0.048,hip2,HIP25293,
103624,,,20.995251,38.822921,6.914,0.793,hip2,HIP103624,
46553,,,9.493530,-58.299189,6.914,1.014,hip2,HIP46553,
94023,,,19.142601,50.363842,6.914,-0.046,hip2,HIP94023,
106081,,,21.487613,28.583346,6.914,1.086,hip2,HIP106081,
27378,,,5.798926,24.686848,6.914,1.530,hip2,HIP27378,
51810,,,10.585060,-69.351434,6.914,1.715,hip2,HIP51810,
72756,,,14.873351,-46.759937,6.914,1.669,hip2,HIP72756,
9343,,,1.999547,6.035533,6.915,0.999,hip2,HIP9343,
48512,,,9.893617,34.983847,6.915,1.297,hip2,HIP48512,
98336,,,19.978849,1.666551,6.915,1.217,hip2,HIP98336,
42899,,,8.742000,5.285827,6.915,0.118,hip2,HIP42899,
17617,,,3.773955,13.509166,6.915,0.069,hip2,HIP17617,
27935,,,5.910881,-26.660378,6.915,0.204,hip2,HIP27935,
2227,,,0.470596,-29.040206,6.915,1.127,hip2,HIP2227,
109181,,,22.117380,11.767752,6.915,1.640,hip2,HIP109181,
50561,,,10.327975,-59.146095,6.915,-0.120,hip2,HIP50561,
44568,,,9.080562,-46.816068,6.915,0.081,hip2,HIP44568,
67521,,,13.835070,18.628995,6.915,0.335,hip2,HIP67521,
24474,,,5.252434,-36.652896,6.915,1.123,hip2,HIP24474,
35809,,,7.385256,-70.636671,6.915,1.076,hip2,HIP35809,
27749,,,5.873479,-52.055163,6.915,1.619,hip2,HIP27749,
35095,,,7.258085,-58.542640,6.916,0.266,hip2,HIP35095,
44099,,,8.982168,-68.139276,6.916,-0.060,hip2,HIP44099,
59448,,,12.193903,-54.417640,6.916,0.558,hip2,HIP59448,
91512,,,18.663282,-58.869208,6.916,1.177,hip2,HIP91512,
54110,,,11.072006,-1.278197,6.916,0.054,hip2,HIP54110,
91035,,,18.570689,-66.279260,6.916,0.894,hip2,HIP91035,
78690,,,16.063847,17.802731,6.916,1.204,hip2,HIP78690,
101751,,,20.622545,-15.147224,6.916,1.260,hip2,HIP101751,
77534,,,15.831190,-17.901936,6.916,0.407,hip2,HIP77534,
82166,,,16.787762,63.531348,6.916,1.556,hip2,HIP82166,
33610,,,6.983451,-32.722265,6.917,0.830,hip2,HIP33610,
65891,,,13.507028,-58.664334,6.917,1.003,hip2,HIP65891,
73366,,,14.992932,53.860204,6.917,0.312,hip2,HIP73366,
99856,,,20.259032,2.846570,6.917,0.452,hip2,HIP99856,
20667,,,4.427668,-1.410870,6.917,0.913,hip2,HIP20667,
22616,,,4.865881,9.872774,6.917,0.423,hip2,HIP22616,
47752,,,9.735248,42.051077,6.917,0.309,hip2,HIP47752,
51379,,,10.493964,-43.050832,6.917,1.583,hip2,HIP51379,
75658,,,15.457495,-66.121398,6.917,-0.024,hip2,HIP75658,
100926,,,20.462815,-5.654211,6.917,1.474,hip2,HIP100926,
113064,,,22.897819,1.843182,6.917,1.635,hip2,HIP113064,
23405,,,5.029896,-10.933891,6.917,0.909,hip2,HIP23405,
55912,,,11.460467,-25.860913,6.917,1.032,hip2,HIP55912,
59192,,,12.138742,-34.674951,6.917,1.069,hip2,HIP59192,
74037,,,15.130599,63.117105,6.917,0.413,hip2,HIP74037,
91247,,,18.611699,15.448037,6.917,0.979,hip2,HIP91247,
2695,,,0.569655,10.299581,6.918,0.949,hip2,HIP2695,
16308,,,3.503671,-11.646108,6.918,0.732,hip2,HIP16308,
41489,,,8.461337,-4.414781,6.918,0.365,hip2,HIP41489,
73150,,,14.949297,-26.284963,6.918,0.015,hip2,HIP73150,
40822,,,8.331647,-12.856956,6.918,1.390,hip2,HIP40822,
7108,,,1.526103,-19.022896,6.918,0.260,hip2,HIP7108,
57173,,,11.725196,-15.042827,6.918,-0.054,hip2,HIP57173,
76849,,,15.691845,-53.391252,6.918,-0.024,hip2,HIP76849,
88878,,,18.144233,-2.907433,6.918,1.001,hip2,HIP88878,
28047,,,5.931351,-21.689186,6.918,0.734,hip2,HIP28047,
22576,,,4.858174,35.815427,6.918,0.717,hip2,HIP22576,
47530,,,9.690231,-33.396316,6.918,0.026,hip2,HIP47530,
57547,,,11.794832,-67.692268,6.918,1.064,hip2,HIP57547,
86227,,,17.621311,-49.244957,6.918,-0.032,hip2,HIP86227,
52369,,,10.703661,-13.787295,6.919,0.622,hip2,HIP52369,
57451,,,11.776782,-64.765974,6.919,0.068,hip2,HIP57451,
64150,,,13.147493,5.208869,6.919,0.667,hip2,HIP64150,
102309,,,20.729907,23.791118,6.919,-0.046,hip2,HIP102309,
27133,,,5.753638,-31.669319,6.919,0.374,hip2,HIP27133,
72718,,,14.867565,46.476750,6.919,1.219,hip2,HIP72718,
86755,,,17.727020,-45.971303,6.919,-0.027,hip2,HIP86755,
11569,,,2.484429,67.402396,6.919,0.387,tyc2,TYC4058-01504-2,4058-01504-2
115569,,,23.409990,63.853544,6.919,1.080,hip2,HIP115569,
59243,,,12.152174,-78.781295,6.919,0.254,hip2,HIP59243,
82758,,,16.914118,-23.512284,6.919,0.944,hip2,HIP82758,
34881,,,7.217835,31.965499,6.919,0.051,hip2,HIP34881,
77458,,,15.814678,-1.001273,6.919,1.592,hip2,HIP77458,
11153,,,2.391327,35.441078,6.919,1.157,hip2,HIP11153,
105810,,,21.429553,15.617770,6.919,1.549,hip2,HIP105810,
87478,,,17.873716,60.396271,6.920,0.199,hip2,HIP87478,
29929,,,6.301540,-53.559173,6.920,0.171,hip2,HIP29929,
22075,,,4.748632,52.339683,6.920,0.116,hip2,HIP22075,
63981,,,13.110519,-31.611794,6.920,1.019,hip2,HIP63981,
81555,,,16.656104,22.006182,6.920,1.292,hip2,HIP81555,
116421,,,23.591360,31.017181,6.920,0.568,tyc2,TYC2766-00652-1,2766-00652-1
31916,,,6.670248,44.332902,6.920,1.029,hip2,HIP31916,
39710,,,8.116749,-29.402074,6.920,0.600,hip2,HIP39710,
41618,,,8.484886,-43.918860,6.920,1.390,hip2,HIP41618,
2888,,,0.610454,-49.132001,6.920,0.639,hip2,HIP2888,
76001,,,15.521451,-33.819768,6.920,0.000,hip2,HIP76001,
51977,,,10.620239,-31.762710,6.920,1.367,hip2,HIP51977,
62611,,,12.829733,-15.078910,6.920,1.516,hip2,HIP62611,
85806,,,17.532699,0.042509,6.920,1.112,hip2,HIP85806,
6736,,,1.445495,27.246704,6.921,1.015,hip2,HIP6736,
53685,,,10.984604,-53.539274,6.921,0.501,hip2,HIP53685,
77619,,,15.846285,48.483068,6.921,1.407,hip2,HIP77619,
40118,,,8.194156,32.458696,6.921,0.679,hip2,HIP40118,
43898,,,8.942733,45.764120,6.921,0.344,hip2,HIP43898,
45667,,,9.308876,-39.043876,6.921,0.060,hip2,HIP45667,
50575,,,10.331209,-51.567885,6.921,0.439,hip2,HIP50575,
32488,,,6.780369,16.772491,6.921,0.408,hip2,HIP32488,
40965,,,8.360084,-11.045673,6.921,0.292,hip2,HIP40965,
35288,,,7.290727,-38.913442,6.921,1.352,hip2,HIP35288,
117963,,,23.927204,46.358325,6.921,-0.065,hip2,HIP117963,
38525,,,7.889185,28.052023,6.921,-0.006,hip2,HIP38525,
73921,,,15.106325,-72.170145,6.921,-0.014,hip2,HIP73921,
28448,,,6.006807,34.507946,6.922,0.948,hip2,HIP28448,
110842,,,22.455892,-58.000641,6.922,0.200,hip2,HIP110842,
95116,,,19.349959,19.145386,6.922,0.458,hip2,HIP95116,
40543,,,8.279043,-21.882084,6.922,-0.142,hip2,HIP40543,
64312,,,13.181205,21.233889,6.922,0.420,hip2,HIP64312,
73699,,,15.063691,27.081178,6.922,1.456,hip2,HIP73699,
4934,,,1.055011,-60.097260,6.922,0.480,hip2,HIP4934,
17211,,,3.686638,58.845086,6.922,0.325,hip2,HIP17211,
33358,,,6.937927,17.737239,6.922,1.064,hip2,HIP33358,
53347,,,10.910313,-55.618981,6.922,1.256,hip2,HIP53347,
75479,,,15.418904,47.060906,6.922,0.607,hip2,HIP75479,
41012,,,8.369864,2.151456,6.922,1.469,hip2,HIP41012,
43805,,,8.921418,-11.371637,6.922,0.168,hip2,HIP43805,
56520,,,11.587264,-35.612047,6.923,0.109,hip2,HIP56520,
61366,,,12.575206,7.734819,6.923,1.086,hip2,HIP61366,
91728,,,18.704969,-7.337321,6.923,1.702,hip2,HIP91728,
87840,,,17.945277,44.987384,6.923,-0.018,hip2,HIP87840,
101948,,,20.659169,42.249088,6.923,0.507,hip2,HIP101948,
50915,,,10.397090,25.568311,6.923,1.180,hip2,HIP50915,
111085,,,22.504367,-42.291065,6.923,-0.046,hip2,HIP111085,
104291,,,21.128012,68.254068,6.923,0.101,hip2,HIP104291,
36787,,,7.566198,-39.905932,6.923,1.129,hip2,HIP36787,
102480,,,20.767002,-0.340397,6.923,0.955,hip2,HIP102480,
30422,,,6.396249,4.595870,6.923,0.450,hip2,HIP30422,
48741,,,9.941932,-13.463839,6.923,1.376,hip2,HIP48741,
32947,,,6.862709,5.084411,6.923,0.008,hip2,HIP32947,
71216,,,14.563813,-67.617632,6.923,-0.065,hip2,HIP71216,
85010,,,17.374939,-54.285425,6.923,0.504,hip2,HIP85010,
100201,,,20.323832,-20.950767,6.923,0.330,hip2,HIP100201,
117737,,,23.878023,-24.985199,6.923,1.301,hip2,HIP117737,
53155,,,10.875250,52.565411,6.924,1.071,hip2,HIP53155,
67918,,,13.910676,-34.597350,6.924,0.415,hip2,HIP67918,
82154,,,16.783802,-39.533820,6.924,-0.029,hip2,HIP82154,
88622,,,18.093743,4.657955,6.924,0.610,hip2,HIP88622,
15869,,,3.406835,-13.992958,6.924,0.142,hip2,HIP15869,
83285,,,17.020613,52.604481,6.924,0.091,hip2,HIP83285,
8986,,,1.930104,30.354781,6.924,0.240,hip2,HIP8986,
80819,,,16.504356,-27.916220,6.924,0.078,hip2,HIP80819,
82568,,,16.878090,18.062188,6.924,0.529,hip2,HIP82568,
98533,,,20.016836,-64.807293,6.924,0.412,hip2,HIP98533,
,,,7.609919,-14.483427,6.924,-0.061,tyc2,TYC5409-04230-1,5409-04230-1
26700,,,5.674725,61.948888,6.924,0.232,hip2,HIP26700,
34721,,,7.189619,-39.102216,6.924,0.141,hip2,HIP34721,
23037,,,4.954283,61.753108,6.924,0.947,hip2,HIP23037,
63221,,,12.953782,8.293757,6.924,0.468,hip2,HIP63221,
6477,,,1.388097,-33.548012,6.925,1.524,hip2,HIP6477,
22013,,,4.731667,22.944450,6.925,0.014,hip2,HIP22013,
95354,,,19.399432,32.723676,6.925,1.227,hip2,HIP95354,
32069,,,6.699917,-16.007220,6.925,-0.027,hip2,HIP32069,
96329,,,19.585446,19.004998,6.925,1.652,hip2,HIP96329,
70269,,,14.377404,-7.767853,6.925,0.584,hip2,HIP70269,
112021,,,22.690455,-12.229907,6.925,1.367,hip2,HIP112021,
42879,,,8.738532,-37.526838,6.925,1.404,hip2,HIP42879,
76382,,,15.600719,39.802406,6.925,0.906,hip2,HIP76382,
109201,,,22.121696,-10.446869,6.925,1.620,hip2,HIP109201,
65236,,,13.368728,-60.184984,6.926,-0.015,hip2,HIP65236,
111049,,,22.497476,-78.213161,6.926,1.495,hip2,HIP111049,
114074,,,23.103407,36.820289,6.926,1.154,hip2,HIP114074,
15838,,,3.400250,19.907043,6.926,1.630,hip2,HIP15838,
92682,,,18.885146,-18.636777,6.926,1.276,hip2,HIP92682,
99431,,,20.181775,30.789690,6.926,-0.104,hip2,HIP99431,
98314,,,19.975724,7.920633,6.926,0.902,hip2,HIP98314,
19677,,,4.215619,-6.388040,6.926,1.074,hip2,HIP19677,
84063,,,17.185939,-58.025484,6.926,1.288,hip2,HIP84063,
99967,,,20.281942,31.505241,6.926,-0.001,hip2,HIP99967,
23824,,,5.121754,-83.860258,6.926,0.573,hip2,HIP23824,
86047,,,17.585078,-38.799537,6.926,1.240,hip2,HIP86047,
15072,,,3.238088,22.953789,6.926,1.111,hip2,HIP15072,
39769,,,8.128148,-3.406688,6.926,1.595,hip2,HIP39769,
90140,,,18.395574,38.345074,6.926,-0.004,hip2,HIP90140,
90836,,,18.531481,-19.125058,6.926,1.070,hip2,HIP90836,
55126,,,11.286301,-41.390537,6.926,0.328,hip2,HIP55126,
8321,,,1.788318,58.021236,6.926,1.074,hip2,HIP8321,
47790,,,9.743454,-22.751909,6.926,0.967,hip2,HIP47790,
65528,,,13.432792,-35.075824,6.926,1.627,hip2,HIP65528,
3122,,,0.662123,-11.150480,6.926,0.432,hip2,HIP3122,
93185,,,18.980824,30.180172,6.926,0.606,hip2,HIP93185,
104293,,,21.128447,-2.052220,6.926,0.210,hip2,HIP104293,
38601,,,7.903696,21.105299,6.927,1.663,hip2,HIP38601,
77381,,,15.796219,45.732881,6.927,1.190,hip2,HIP77381,
78756,,,16.079028,-39.434597,6.927,-0.084,hip2,HIP78756,
99873,,,20.262694,15.317141,6.927,0.259,hip2,HIP99873,
36499,,,7.509336,5.254660,6.927,0.029,hip2,HIP36499,
68050,,,13.933442,-3.661894,6.927,1.375,hip2,HIP68050,
31928,,,6.672585,40.969706,6.927,0.471,hip2,HIP31928,
108301,,,21.940917,59.795105,6.927,0.090,hip2,HIP108301,
107323,,,21.738336,-55.473019,6.927,1.607,hip2,HIP107323,
3316,,,0.704030,-11.804800,6.927,1.348,hip2,HIP3316,
30328,,,6.379236,4.210423,6.927,0.110,hip2,HIP30328,
18762,,,4.018600,20.199351,6.928,1.055,hip2,HIP18762,
40503,,,8.269408,46.802225,6.928,1.603,hip2,HIP40503,
72505,,,14.824649,19.510383,6.928,0.042,hip2,HIP72505,
29154,,,6.149912,2.496423,6.928,0.033,hip2,HIP29154,
66904,,,13.711271,-61.737831,6.928,0.264,hip2,HIP66904,
89505,,,18.264814,30.399835,6.928,1.029,hip2,HIP89505,
94735,,,19.276849,-52.437733,6.928,1.025,hip2,HIP94735,
51457,,,10.510021,36.273634,6.928,0.324,hip2,HIP51457,
110780,,,22.442959,-7.377461,6.928,0.320,hip2,HIP110780,
28081,,,5.936291,-21.122628,6.928,0.096,hip2,HIP28081,
1429,,,0.297565,20.227024,6.929,1.585,hip2,HIP1429,
46732,,,9.525352,1.465331,6.929,0.552,hip2,HIP46732,
37107,,,7.625139,18.918017,6.929,0.339,hip2,HIP37107,
38551,,,7.894044,-23.313725,6.929,-0.079,hip2,HIP38551,
78792,,,16.085695,-3.527634,6.929,0.176,hip2,HIP78792,
86599,,,17.697159,23.753453,6.929,-0.113,hip2,HIP86599,
41882,,,8.539829,-49.601334,6.929,0.157,hip2,HIP41882,
103116,,,20.892589,31.626143,6.929,0.309,hip2,HIP103116,
64111,,,13.139433,-36.224127,6.929,0.325,hip2,HIP64111,
32022,,,6.689562,-7.168718,6.929,-0.115,hip2,HIP32022,
54518,,,11.154652,51.378997,6.929,1.484,hip2,HIP54518,
42560,,,8.675710,10.924154,6.930,1.382,hip2,HIP42560,
85076,,,17.387645,71.869898,6.930,1.486,hip2,HIP85076,
112525,,,22.792318,-69.474552,6.930,0.308,hip2,HIP112525,
115944,,,23.490815,46.464945,6.930,0.132,hip2,HIP115944,
18366,,,3.926998,52.226556,6.930,0.518,hip2,HIP18366,
30630,,,6.436201,18.757303,6.930,0.938,hip2,HIP30630,
40823,,,8.332173,39.884715,6.930,0.989,hip2,HIP40823,
21869,,,4.702264,-37.613495,6.931,-0.034,hip2,HIP21869,
65539,,,13.435598,-32.547271,6.931,0.356,hip2,HIP65539,
112221,,,22.728220,47.411786,6.931,1.322,hip2,HIP112221,
93732,,,19.085707,9.642138,6.931,0.157,hip2,HIP93732,
57004,,,11.686263,-61.140997,6.931,1.311,hip2,HIP57004,
116657,,,23.640679,42.511512,6.931,0.031,hip2,HIP116657,
44415,,,9.047731,-32.440047,6.931,-0.018,hip2,HIP44415,
101526,,,20.575502,6.878092,6.931,-0.122,hip2,HIP101526,
36134,,,7.443286,-13.188979,6.931,-0.005,hip2,HIP36134,
46068,,,9.394517,5.219576,6.931,0.214,hip2,HIP46068,
107896,,,21.861161,19.306940,6.931,0.500,hip2,HIP107896,
2025,,,0.428302,7.691231,6.931,1.300,hip2,HIP2025,
67888,,,13.904470,-28.743146,6.931,1.188,hip2,HIP67888,
27538,,,5.832092,31.785744,6.932,0.204,hip2,HIP27538,
58388,,,11.972315,-40.947313,6.932,0.963,hip2,HIP58388,
101263,,,20.525563,21.895087,6.932,0.255,hip2,HIP101263,
116312,,,23.566163,43.904213,6.932,-0.002,hip2,HIP116312,
50951,,,10.406163,34.176453,6.932,1.476,hip2,HIP50951,
80267,,,16.385461,-37.424460,6.932,1.271,hip2,HIP80267,
18850,,,4.041449,3.847248,6.932,0.029,hip2,HIP18850,
19226,,,4.121039,-9.757804,6.932,1.177,hip2,HIP19226,
23586,,,5.071666,-6.031316,6.932,-0.014,hip2,HIP23586,
,,,5.941187,-11.277979,6.932,1.204,tyc2,TYC5356-01136-1,5356-01136-1
28372,,,5.994111,-35.352700,6.932,1.315,hip2,HIP28372,
73253,,,14.971165,14.037587,6.933,1.306,hip2,HIP73253,
52924,,,10.823815,-42.367505,6.933,1.195,hip2,HIP52924,
55944,,,11.465591,44.565844,6.933,0.387,hip2,HIP55944,
75207,,,15.369114,-32.189603,6.933,1.542,hip2,HIP75207,
97831,,,19.879909,64.176107,6.933,1.096,hip2,HIP97831,
59926,,,12.292251,-48.925489,6.933,0.574,hip2,HIP59926,
67899,,,13.906706,-54.412109,6.933,0.931,hip2,HIP67899,
103342,,,20.936660,75.719721,6.933,1.114,hip2,HIP103342,
109511,,,22.184370,43.030731,6.933,1.109,hip2,HIP109511,
5026,,,1.073307,-47.940370,6.933,1.596,hip2,HIP5026,
42936,,,8.751403,-58.723878,6.933,-0.081,tyc2,TYC8581-03008-1,8581-03008-1
43822,,,8.924895,-7.969962,6.933,0.190,tyc2,TYC5443-01951-2,5443-01951-2
63083,,,12.925679,-30.070086,6.933,0.070,hip2,HIP63083,
38770,,,7.936542,-51.338444,6.933,0.970,hip2,HIP38770,
101125,,,20.498689,10.302118,6.933,1.060,hip2,HIP101125,
54582,,,11.170413,-7.388984,6.933,0.613,hip2,HIP54582,
72362,,,14.796379,-39.926380,6.933,0.013,hip2,HIP72362,
101432,,,20.556375,-41.524334,6.933,0.666,hip2,HIP101432,
43176,,,8.794545,-38.991980,6.933,-0.161,hip2,HIP43176,
714,,,0.147222,40.494569,6.934,1.568,hip2,HIP714,
47909,,,9.764424,18.683616,6.934,1.360,hip2,HIP47909,
56941,,,11.673355,0.952177,6.934,0.215,hip2,HIP56941,
97895,,,19.894025,41.355811,6.934,-0.155,hip2,HIP97895,
20791,,,4.455078,36.520354,6.934,1.075,hip2,HIP20791,
98987,,,20.095640,22.797219,6.934,0.039,hip2,HIP98987,
113877,,,23.061801,-40.817039,6.934,1.624,hip2,HIP113877,
28787,,,6.077706,38.575130,6.934,-0.025,hip2,HIP28787,
115760,,,23.452658,-62.737127,6.934,1.633,hip2,HIP115760,
38987,,,7.979218,5.623271,6.934,-0.071,hip2,HIP38987,
84465,,,17.268024,60.713813,6.934,0.385,hip2,HIP84465,
22041,,,4.739279,48.175934,6.935,1.269,hip2,HIP22041,
84188,,,17.209527,-63.685366,6.935,0.009,hip2,HIP84188,
101022,,,20.480538,-1.734459,6.935,0.547,hip2,HIP101022,
81477,,,16.641931,-39.152279,6.935,-0.020,hip2,HIP81477,
6451,,,1.381549,11.366618,6.935,1.123,hip2,HIP6451,
19785,,,4.240673,23.696454,6.935,1.133,hip2,HIP19785,
72192,,,14.766017,-44.867474,6.935,0.053,hip2,HIP72192,
34706,,,7.188041,-70.119663,6.935,1.005,hip2,HIP34706,
44180,,,8.999433,26.434465,6.935,0.264,hip2,HIP44180,
65373,,,13.397977,-47.890488,6.935,1.034,hip2,HIP65373,
82538,,,16.871129,-25.600579,6.936,0.058,hip2,HIP82538,
82918,,,16.944351,14.140194,6.936,0.945,hip2,HIP82918,
98071,,,19.931682,47.090076,6.936,0.164,hip2,HIP98071,
64564,,,13.233866,-62.653881,6.936,0.998,hip2,HIP64564,
10505,,,2.256700,24.271764,6.936,0.690,hip2,HIP10505,
75762,,,15.477331,-15.700723,6.936,0.821,hip2,HIP75762,
80907,,,16.522550,1.308721,6.936,1.390,hip2,HIP80907,
116183,,,23.540525,-10.998770,6.936,0.910,hip2,HIP116183,
94052,,,19.147763,30.301006,6.936,1.268,hip2,HIP94052,
12250,,,2.629005,-22.992003,6.936,1.036,hip2,HIP12250,
18634,,,3.988809,13.975190,6.936,1.178,hip2,HIP18634,
98138,,,19.944915,30.947143,6.936,0.646,hip2,HIP98138,
114445,,,23.177671,-5.960277,6.936,-0.098,hip2,HIP114445,
70401,,,14.403226,25.703843,6.936,1.282,hip2,HIP70401,
87555,,,17.886801,-32.032342,6.936,1.395,hip2,HIP87555,
88852,,,18.139388,44.112519,6.936,0.440,hip2,HIP88852,
63081,,,12.925098,11.495896,6.936,1.536,hip2,HIP63081,
91424,,,18.644965,-30.027896,6.936,0.401,hip2,HIP91424,
52822,,,10.800211,39.742403,6.937,1.279,hip2,HIP52822,
98699,,,20.046474,28.514847,6.937,-0.015,hip2,HIP98699,
28353,,,5.991029,8.415508,6.937,0.947,hip2,HIP28353,
31457,,,6.590054,-36.779914,6.937,-0.026,tyc2,TYC7086-01672-2,7086-01672-2
84634,,,17.301520,-38.163984,6.937,0.039,hip2,HIP84634,
100088,,,20.304738,25.648243,6.937,-0.143,hip2,HIP100088,
40262,,,8.222687,56.527996,6.937,0.449,hip2,HIP40262,
72953,,,14.909898,30.063599,6.937,0.430,hip2,HIP72953,
18688,,,4.002902,40.013718,6.937,0.135,hip2,HIP18688,
85700,,,17.513324,-37.436910,6.937,0.106,hip2,HIP85700,
21078,,,4.517811,6.791550,6.937,0.000,hip2,HIP21078,
28987,,,6.116625,-46.205575,6.937,0.463,hip2,HIP28987,
29310,,,6.179822,13.659473,6.937,-0.004,hip2,HIP29310,
48723,,,9.937663,-31.091477,6.937,0.003,hip2,HIP48723,
64484,,,13.217638,38.277383,6.938,0.474,hip2,HIP64484,
98209,,,19.956579,28.693922,6.938,0.915,hip2,HIP98209,
16690,,,3.578567,-54.322395,6.938,0.436,hip2,HIP16690,
26213,,,5.586885,-0.735358,6.938,-0.107,hip2,HIP26213,
26661,,,5.666479,-85.914343,6.938,0.940,hip2,HIP26661,
102412,,,20.753259,-35.166352,6.938,0.630,hip2,HIP102412,
981,,,0.202236,53.623918,6.938,0.262,hip2,HIP981,
7143,,,1.534181,16.947707,6.938,0.929,hip2,HIP7143,
43466,,,8.853867,-38.633099,6.938,-0.167,hip2,HIP43466,
96662,,,19.652877,68.652504,6.938,0.865,hip2,HIP96662,
43057,,,8.772060,-47.549896,6.938,0.255,hip2,HIP43057,
64914,,,13.305520,-63.449144,6.938,0.748,hip2,HIP64914,
79055,,,16.136344,-53.078951,6.938,1.989,hip2,HIP79055,
81066,,,16.558097,30.499072,6.938,0.242,hip2,HIP81066,
86943,,,17.765782,-48.934301,6.938,1.693,hip2,HIP86943,
87589,,,17.892836,-27.282653,6.938,0.177,hip2,HIP87589,
91273,,,18.617578,-28.512732,6.938,0.954,hip2,HIP91273,
33961,,,7.047045,-16.699367,6.939,1.147,hip2,HIP33961,
92103,,,18.771055,-72.813371,6.939,0.489,hip2,HIP92103,
110166,,,22.314572,16.257973,6.939,0.132,hip2,HIP110166,
1602,,,0.334740,6.292620,6.939,1.532,hip2,HIP1602,
75956,,,15.513383,-53.374257,6.939,1.243,hip2,HIP75956,
93350,,,19.013936,42.252883,6.939,0.534,hip2,HIP93350,
91752,,,18.710267,15.199414,6.939,0.067,hip2,HIP91752,
47863,,,9.754856,-54.247466,6.939,0.078,hip2,HIP47863,
1955,,,0.412308,-51.043247,6.939,0.596,hip2,HIP1955,
29555,,,6.227902,-56.918323,6.939,1.161,hip2,HIP29555,
30149,,,6.344459,-9.890995,6.939,0.097,hip2,HIP30149,
90347,,,18.434267,0.780481,6.939,0.277,hip2,HIP90347,
4878,,,1.045168,9.133013,6.939,0.498,hip2,HIP4878,
16118,,,3.460820,49.599981,6.939,-0.007,hip2,HIP16118,
95901,,,19.503500,56.644459,6.939,0.052,hip2,HIP95901,
8914,,,1.912483,50.295841,6.939,1.583,hip2,HIP8914,
71382,,,14.597222,-46.815746,6.939,0.933,hip2,HIP71382,
92521,,,18.855523,-17.154283,6.939,0.264,hip2,HIP92521,
30333,,,6.380452,17.574115,6.939,0.022,hip2,HIP30333,
54493,,,11.149172,-19.416451,6.939,0.019,hip2,HIP54493,
20958,,,4.494147,5.164309,6.939,1.740,hip2,HIP20958,
38900,,,7.961040,77.576478,6.940,0.235,hip2,HIP38900,
112562,,,22.798040,65.062167,6.940,0.242,hip2,HIP112562,
38118,,,7.811591,-31.617837,6.940,-0.106,hip2,HIP38118,
96071,,,19.533523,7.487916,6.940,1.421,hip2,HIP96071,
83290,,,17.021669,7.428613,6.940,1.239,hip2,HIP83290,
21287,,,4.567403,-28.449554,6.940,0.407,hip2,HIP21287,
105635,,,21.395831,69.534465,6.940,0.013,hip2,HIP105635,
432,,,0.086945,35.571103,6.940,0.174,hip2,HIP432,
76799,,,15.680956,-44.622731,6.940,0.183,hip2,HIP76799,
60821,,,12.467169,-14.450855,6.941,1.466,hip2,HIP60821,
15039,,,3.230607,-38.809282,6.941,0.172,hip2,HIP15039,
82636,,,16.892287,42.825646,6.941,0.631,hip2,HIP82636,
111143,,,22.516802,-49.432799,6.941,0.603,hip2,HIP111143,
9534,,,2.043128,-21.965770,6.941,-0.106,hip2,HIP9534,
12675,,,2.714024,-28.151306,6.941,0.800,hip2,HIP12675,
31787,,,6.646646,6.901883,6.941,0.003,hip2,HIP31787,
47950,,,9.771150,-33.508251,6.941,-0.012,hip2,HIP47950,
83998,,,17.170816,-19.436263,6.941,0.017,hip2,HIP83998,
84427,,,17.260574,34.707687,6.941,1.186,hip2,HIP84427,
37138,,,7.630991,-6.958000,6.941,-0.104,hip2,HIP37138,
58463,,,11.989531,-30.060812,6.941,1.601,hip2,HIP58463,
107593,,,21.792948,-37.951982,6.941,0.978,hip2,HIP107593,
108353,,,21.951362,46.592439,6.941,1.149,hip2,HIP108353,
81680,,,16.685502,-11.838565,6.941,1.779,hip2,HIP81680,
31976,,,6.682586,-12.182257,6.941,0.046,hip2,HIP31976,
37276,,,7.654667,-49.051405,6.942,-0.092,hip2,HIP37276,
9800,,,2.100478,41.532906,6.942,0.314,hip2,HIP9800,
22563,,,4.855796,-68.069799,6.942,0.615,hip2,HIP22563,
82078,,,16.765820,-67.750117,6.942,0.181,hip2,HIP82078,
96011,,,19.521216,47.481271,6.942,0.279,hip2,HIP96011,
105352,,,21.339038,33.485459,6.942,0.027,hip2,HIP105352,
96888,,,19.694607,30.808586,6.942,1.613,hip2,HIP96888,
111512,,,22.592534,-51.603951,6.942,1.070,hip2,HIP111512,
9042,,,1.942137,70.203792,6.942,2.239,hip2,HIP9042,
86325,,,17.638587,36.747284,6.942,1.189,hip2,HIP86325,
64199,,,13.157661,-48.524636,6.942,0.443,hip2,HIP64199,
66679,,,13.669103,-27.577760,6.942,1.433,hip2,HIP66679,
75349,,,15.397529,-57.330636,6.942,1.189,hip2,HIP75349,
36961,,,7.598436,-23.548702,6.943,1.158,hip2,HIP36961,
96588,,,19.636026,17.243227,6.943,0.005,hip2,HIP96588,
42059,,,8.573143,-82.566880,6.943,0.436,hip2,HIP42059,
44545,,,9.075792,-56.341061,6.943,0.040,hip2,HIP44545,
91636,,,18.687877,30.294703,6.943,0.820,hip2,HIP91636,
2701,,,0.572059,-42.431286,6.943,0.180,hip2,HIP2701,
46443,,,9.472367,-9.986865,6.943,1.014,hip2,HIP46443,
64532,,,13.226914,56.708314,6.943,0.603,hip2,HIP64532,
69584,,,14.243055,-66.154141,6.943,-0.022,hip2,HIP69584,
45974,,,9.375617,49.544839,6.943,-0.026,hip2,HIP45974,
69487,,,14.226151,-84.544629,6.943,0.982,hip2,HIP69487,
116025,,,23.509499,-41.988604,6.943,1.153,hip2,HIP116025,
63093,,,12.927342,0.055301,6.943,0.960,hip2,HIP63093,
72868,,,14.894199,2.237579,6.943,1.518,hip2,HIP72868,
41438,,,8.451160,-32.183463,6.944,0.747,hip2,HIP41438,
35884,,,7.398294,-17.413382,6.944,0.489,hip2,HIP35884,
100886,,,20.455797,23.790506,6.944,0.201,hip2,HIP100886,
102371,,,20.742573,-14.185763,6.944,1.569,hip2,HIP102371,
13568,,,2.913171,-64.002384,6.944,1.018,hip2,HIP13568,
15597,,,3.347628,20.509486,6.944,1.168,hip2,HIP15597,
28482,,,6.013428,67.014033,6.944,0.192,hip2,HIP28482,
26795,,,5.690769,3.778025,6.944,1.120,hip2,HIP26795,
44135,,,8.989074,-63.466851,6.944,0.001,hip2,HIP44135,
54543,,,11.161432,-58.837732,6.944,0.831,hip2,HIP54543,
2431,,,0.516641,-10.084653,6.944,0.200,hip2,HIP2431,
27027,,,5.732944,54.864866,6.944,-0.049,hip2,HIP27027,
60119,,,12.329392,-76.800885,6.944,0.445,hip2,HIP60119,
75764,,,15.477573,61.726637,6.945,0.126,hip2,HIP75764,
10810,,,2.319092,19.688012,6.945,0.566,hip2,HIP10810,
84596,,,17.292959,28.913262,6.945,1.663,hip2,HIP84596,
49393,,,10.083845,-56.897961,6.945,0.370,hip2,HIP49393,
60598,,,12.420600,-25.986554,6.945,0.397,hip2,HIP60598,
56246,,,11.529967,-73.902670,6.945,0.204,hip2,HIP56246,
82678,,,16.900706,-54.438279,6.945,0.009,hip2,HIP82678,
111382,,,22.565194,-44.690328,6.945,0.918,hip2,HIP111382,
8549,,,1.837727,-12.886890,6.945,1.631,hip2,HIP8549,
28654,,,6.050881,-37.547111,6.945,0.201,hip2,HIP28654,
43984,,,8.956998,58.218789,6.945,0.168,hip2,HIP43984,
24252,,,5.205988,26.454971,6.945,1.003,hip2,HIP24252,
91084,,,18.578328,-50.721693,6.945,1.296,hip2,HIP91084,
114868,,,23.266874,35.399826,6.945,0.288,hip2,HIP114868,
83787,,,17.124170,-65.747413,6.946,0.401,hip2,HIP83787,
52849,,,10.806531,37.570297,6.946,-0.227,hip2,HIP52849,
61232,,,12.547246,-30.044734,6.946,0.864,hip2,HIP61232,
112286,,,22.743674,-62.548306,6.946,1.133,hip2,HIP112286,
96936,,,19.705365,18.465631,6.946,0.069,hip2,HIP96936,
101371,,,20.545484,16.767235,6.946,-0.058,hip2,HIP101371,
113878,,,23.062282,-30.444894,6.946,0.939,hip2,HIP113878,
67260,,,13.786274,-52.269216,6.946,0.020,hip2,HIP67260,
36345,,,7.481031,-31.846929,6.946,-0.153,tyc2,TYC7104-03986-1,7104-03986-1
41604,,,8.481573,-72.081883,6.946,0.211,hip2,HIP41604,
6819,,,1.461871,31.966761,6.946,1.021,hip2,HIP6819,
22926,,,4.933618,1.625084,6.946,0.246,hip2,HIP22926,
62349,,,12.775770,24.145576,6.946,0.540,hip2,HIP62349,
60845,,,12.471331,-61.765323,6.947,0.670,hip2,HIP60845,
116277,,,23.559622,17.818771,6.947,0.666,hip2,HIP116277,
50513,,,10.316603,51.405489,6.947,0.644,hip2,HIP50513,
90282,,,18.421324,-57.095469,6.947,0.441,hip2,HIP90282,
76632,,,15.649959,85.285857,6.947,0.207,hip2,HIP76632,
20953,,,4.492392,-26.275934,6.947,1.236,hip2,HIP20953,
116204,,,23.544612,-45.121461,6.947,0.122,hip2,HIP116204,
,,,5.274189,46.416060,6.947,0.118,tyc2,TYC3358-01284-1,3358-01284-1
111805,,,22.646467,44.313739,6.947,0.581,hip2,HIP111805,
35391,,,7.309280,-30.798799,6.947,-0.185,hip2,HIP35391,
87102,,,17.796541,-34.310669,6.947,0.002,hip2,HIP87102,
11623,,,2.498838,39.137111,6.947,1.075,hip2,HIP11623,
14786,,,3.182064,2.315912,6.947,1.071,hip2,HIP14786,
42442,,,8.654011,-69.273945,6.947,-0.122,hip2,HIP42442,
54424,,,11.137093,-52.402481,6.947,0.408,hip2,HIP54424,
6331,,,1.354862,-6.159436,6.947,0.966,hip2,HIP6331,
90483,,,18.462747,24.697378,6.947,0.000,hip2,HIP90483,
95516,,,19.428701,-22.451541,6.947,1.296,hip2,HIP95516,
117807,,,23.892848,51.522568,6.947,0.985,hip2,HIP117807,
75815,,,15.487720,-65.890136,6.947,1.628,hip2,HIP75815,
99588,,,20.210725,-6.366095,6.947,0.058,hip2,HIP99588,
102284,,,20.724828,55.291821,6.948,-0.065,hip2,HIP102284,
30023,,,6.318005,47.394114,6.948,0.561,hip2,HIP30023,
17089,,,3.660898,-56.234627,6.948,1.639,hip2,HIP17089,
98831,,,20.070264,31.243167,6.948,0.271,hip2,HIP98831,
117332,,,23.791493,25.579573,6.948,1.232,hip2,HIP117332,
39601,,,8.092556,13.504172,6.948,1.272,hip2,HIP39601,
103242,,,20.916037,33.764024,6.948,1.748,hip2,HIP103242,
107164,,,21.706719,57.736065,6.948,0.142,hip2,HIP107164,
91192,,,18.603332,41.278074,6.948,0.066,hip2,HIP91192,
92130,,,18.777619,-39.730860,6.948,1.613,hip2,HIP92130,
25489,,,5.451766,-44.862132,6.948,1.432,hip2,HIP25489,
86737,,,17.723888,-35.297659,6.948,2.000,hip2,HIP86737,
65245,,,13.370852,30.292021,6.948,1.357,hip2,HIP65245,
92449,,,18.840149,24.106690,6.948,1.703,hip2,HIP92449,
5339,,,1.137602,28.868155,6.949,0.371,hip2,HIP5339,
26035,,,5.554500,-34.303994,6.949,0.316,hip2,HIP26035,
33789,,,7.016285,10.625092,6.949,1.568,hip2,HIP33789,
45566,,,9.287118,-67.676453,6.949,1.308,hip2,HIP45566,
54166,,,11.080190,-75.155168,6.949,0.118,hip2,HIP54166,
63145,,,12.938510,-55.561053,6.949,1.520,hip2,HIP63145,
43362,,,8.832630,6.547222,6.949,0.011,hip2,HIP43362,
94366,,,19.206766,36.182205,6.949,-0.027,hip2,HIP94366,
10180,,,2.181575,39.043337,6.949,0.081,hip2,HIP10180,
13139,,,2.816418,-45.089966,6.949,0.991,hip2,HIP13139,
86499,,,17.676712,57.310260,6.949,0.918,hip2,HIP86499,
94677,,,19.265588,31.035726,6.949,1.223,hip2,HIP94677,
43565,,,8.872341,-12.808441,6.949,0.553,hip2,HIP43565,
103633,,,20.997120,55.218033,6.949,1.367,hip2,HIP103633,
110520,,,22.390182,-46.668624,6.949,0.057,hip2,HIP110520,
80641,,,16.465180,25.984315,6.949,0.100,hip2,HIP80641,
96255,,,19.571942,-16.374179,6.949,2.985,hip2,HIP96255,
27723,,,5.870520,38.560181,6.949,0.022,hip2,HIP27723,
72082,,,14.745853,-9.703945,6.949,0.427,hip2,HIP72082,
27458,,,5.814394,39.533667,6.949,0.820,hip2,HIP27458,
31925,,,6.671905,-6.346303,6.949,1.607,hip2,HIP31925,
38028,,,7.793115,-47.012977,6.949,-0.108,hip2,HIP38028,
89669,,,18.298565,17.981227,6.949,1.327,hip2,HIP89669,
106145,,,21.500247,45.494193,6.950,-0.040,hip2,HIP106145,
52683,,,10.772032,12.747921,6.950,0.132,hip2,HIP52683,
5016,,,1.071316,54.204400,6.950,0.528,hip2,HIP5016,
52414,,,10.714536,-23.549032,6.950,0.911,hip2,HIP52414,
104338,,,21.135936,-0.989685,6.950,0.263,hip2,HIP104338,
105267,,,21.322357,-13.047944,6.950,0.212,hip2,HIP105267,
112932,,,22.872403,10.414425,6.950,0.398,hip2,HIP112932,
9248,,,1.981791,18.358148,6.950,1.202,hip2,HIP9248,
18863,,,4.044017,-0.801021,6.950,0.031,hip2,HIP18863,
803,,,0.165283,-2.561229,6.950,1.611,hip2,HIP803,
78387,,,16.003280,44.279617,6.950,1.165,hip2,HIP78387,
94812,,,19.292179,21.813863,6.950,0.185,hip2,HIP94812,
104773,,,21.224845,-47.550693,6.950,1.631,hip2,HIP104773,
29024,,,6.123845,36.274643,6.950,0.400,hip2,HIP29024,
82891,,,16.939426,62.369865,6.950,0.127,hip2,HIP82891,
26957,,,5.720486,41.696546,6.951,0.710,hip2,HIP26957,
15882,,,3.409574,22.040361,6.951,0.110,hip2,HIP15882,
38778,,,7.937643,29.852066,6.951,1.414,hip2,HIP38778,
102869,,,20.841719,-24.982551,6.951,0.490,hip2,HIP102869,
89139,,,18.192218,25.561157,6.951,1.110,hip2,HIP89139,
97736,,,19.861621,-14.776867,6.951,0.281,hip2,HIP97736,
106004,,,21.469583,-52.302387,6.951,1.233,hip2,HIP106004,
83448,,,17.054982,-31.614609,6.951,-0.073,hip2,HIP83448,
18267,,,3.907750,16.616456,6.951,0.719,hip2,HIP18267,
52794,,,10.793537,65.616735,6.951,1.522,hip2,HIP52794,
86808,,,17.738074,33.226132,6.951,-0.108,hip2,HIP86808,
92594,,,18.867281,59.667018,6.951,-0.048,hip2,HIP92594,
18286,,,3.910417,-46.416873,6.951,0.156,hip2,HIP18286,
97141,,,19.743281,13.230352,6.951,1.659,hip2,HIP97141,
32743,,,6.828675,25.484455,6.952,1.561,hip2,HIP32743,
40012,,,8.171640,9.168155,6.952,0.844,hip2,HIP40012,
43179,,,8.795535,-38.941497,6.952,-0.100,hip2,HIP43179,
89902,,,18.345044,-59.839872,6.952,-0.114,hip2,HIP89902,
46105,,,9.402216,25.918449,6.952,1.264,hip2,HIP46105,
70108,,,14.345856,26.075537,6.952,0.922,hip2,HIP70108,
21594,,,4.636340,-14.303978,6.952,0.701,tyc2,TYC5327-01434-2,5327-01434-2
25482,,,5.449955,-68.622668,6.952,0.336,tyc2,TYC9162-00986-2,9162-00986-2
26742,,,5.682325,-1.507186,6.952,-0.139,hip2,HIP26742,
31985,,,6.683848,-7.572634,6.952,1.541,hip2,HIP31985,
66458,,,13.624383,36.294739,6.952,0.348,tyc2,TYC2543-01189-2,2543-01189-2
19363,,,4.148193,23.098646,6.952,0.306,hip2,HIP19363,
39716,,,8.118209,-47.793891,6.952,-0.072,hip2,HIP39716,
68038,,,13.931421,-9.755314,6.952,0.477,hip2,HIP68038,
78118,,,15.951403,-35.927556,6.952,0.115,hip2,HIP78118,
1107,,,0.229886,1.383622,6.952,1.257,hip2,HIP1107,
70918,,,14.502776,-43.863827,6.952,0.126,hip2,HIP70918,
74782,,,15.283170,-38.447589,6.952,0.433,hip2,HIP74782,
95657,,,19.457379,18.295900,6.952,1.008,hip2,HIP95657,
118054,,,23.946470,4.725111,6.952,0.331,hip2,HIP118054,
90790,,,18.521957,-18.908339,6.953,0.861,hip2,HIP90790,
101823,,,20.634683,-24.228839,6.953,0.198,hip2,HIP101823,
117656,,,23.861167,4.697839,6.953,1.478,hip2,HIP117656,
10479,,,2.252138,55.088189,6.953,1.391,hip2,HIP10479,
64920,,,13.306517,-28.332311,6.953,0.981,hip2,HIP64920,
58059,,,11.907409,-56.969770,6.953,1.674,hip2,HIP58059,
5764,,,1.233657,-13.475325,6.953,0.312,hip2,HIP5764,
70816,,,14.482350,3.719564,6.953,1.615,hip2,HIP70816,
31572,,,6.607768,-31.886910,6.953,0.366,hip2,HIP31572,
76606,,,15.644889,-45.708732,6.953,-0.078,hip2,HIP76606,
89486,,,18.261162,-33.091528,6.953,0.013,hip2,HIP89486,
18353,,,3.923570,49.040597,6.953,0.486,hip2,HIP18353,
34417,,,7.135181,-57.331205,6.953,0.358,hip2,HIP34417,
84434,,,17.262415,-51.083258,6.953,0.028,hip2,HIP84434,
16274,,,3.496961,-22.505517,6.954,1.065,hip2,HIP16274,
36682,,,7.546155,-53.555263,6.954,-0.085,hip2,HIP36682,
70455,,,14.412203,-40.755113,6.954,-0.053,hip2,HIP70455,
87365,,,17.851357,5.228982,6.954,1.441,hip2,HIP87365,
116440,,,23.595167,51.263923,6.954,1.639,hip2,HIP116440,
56920,,,11.669262,23.708152,6.954,0.300,hip2,HIP56920,
92926,,,18.932539,44.228309,6.954,0.200,hip2,HIP92926,
107046,,,21.680064,3.896902,6.954,1.509,hip2,HIP107046,
32669,,,6.814051,-29.743671,6.954,1.518,hip2,HIP32669,
13962,,,2.996867,57.663246,6.954,1.916,hip2,HIP13962,
84600,,,17.293606,1.742520,6.954,0.416,hip2,HIP84600,
74678,,,15.261514,25.642542,6.954,-0.078,hip2,HIP74678,
29936,,,6.302346,-6.725468,6.954,1.049,hip2,HIP29936,
48699,,,9.931945,7.677282,6.954,1.025,hip2,HIP48699,
72992,,,14.916719,74.881206,6.954,1.655,hip2,HIP72992,
78703,,,16.066775,73.148150,6.954,0.488,hip2,HIP78703,
40407,,,8.249086,-35.688789,6.954,1.270,hip2,HIP40407,
98045,,,19.923331,-19.292842,6.954,0.375,hip2,HIP98045,
53654,,,10.977084,19.622088,6.954,1.336,hip2,HIP53654,
76422,,,15.607815,-66.545444,6.954,1.484,hip2,HIP76422,
2708,,,0.573650,-45.425869,6.955,1.293,hip2,HIP2708,
96806,,,19.678345,-54.210319,6.955,0.142,hip2,HIP96806,
99670,,,20.226325,16.265232,6.955,1.705,hip2,HIP99670,
2151,,,0.453457,49.985730,6.955,-0.014,hip2,HIP2151,
78858,,,16.097853,9.935930,6.955,0.042,hip2,HIP78858,
107813,,,21.841895,32.657714,6.955,1.137,hip2,HIP107813,
,,,19.218918,-38.681070,6.955,0.181,tyc2,TYC7918-00636-1,7918-00636-1
20780,,,4.451350,18.207581,6.955,0.021,hip2,HIP20780,
70081,,,14.341373,0.182042,6.955,1.219,hip2,HIP70081,
98182,,,19.952301,30.777475,6.956,-0.031,hip2,HIP98182,
26128,,,5.571392,41.123425,6.956,1.871,hip2,HIP26128,
97739,,,19.862521,-13.032610,6.956,1.556,hip2,HIP97739,
4496,,,0.960487,-18.998633,6.956,0.082,hip2,HIP4496,
61078,,,12.517880,39.582060,6.956,1.044,hip2,HIP61078,
8979,,,1.928441,81.958988,6.957,1.641,hip2,HIP8979,
55165,,,11.294210,-33.546332,6.957,0.508,hip2,HIP55165,
64470,,,13.213759,42.626618,6.957,0.947,hip2,HIP64470,
102986,,,20.865543,8.772737,6.957,1.518,hip2,HIP102986,
35444,,,7.317693,-17.213140,6.957,1.082,hip2,HIP35444,
92279,,,18.806292,15.394145,6.957,0.025,hip2,HIP92279,
101055,,,20.485766,12.681040,6.957,0.014,hip2,HIP101055,
91301,,,18.623831,-47.074542,6.957,0.362,hip2,HIP91301,
7330,,,1.573173,-28.236634,6.957,1.660,hip2,HIP7330,
19196,,,4.114216,-49.628554,6.957,0.405,hip2,HIP19196,
24072,,,5.171891,37.301849,6.957,1.941,tyc2,TYC2401-00031-2,2401-00031-2
80795,,,16.496799,-11.129519,6.957,0.167,hip2,HIP80795,
83802,,,17.126456,-46.679717,6.957,0.255,hip2,HIP83802,
16757,,,3.593842,31.680443,6.957,0.407,hip2,HIP16757,
72569,,,14.837804,-58.976735,6.957,1.108,hip2,HIP72569,
32094,,,6.704760,7.397844,6.957,1.630,hip2,HIP32094,
63350,,,12.981323,-39.105616,6.957,0.027,hip2,HIP63350,
60668,,,12.433673,-49.588273,6.957,0.092,hip2,HIP60668,
40743,,,8.316377,56.254732,6.958,1.561,hip2,HIP40743,
93637,,,19.068362,-63.784661,6.958,-0.036,hip2,HIP93637,
20179,,,4.325274,-8.119563,6.958,-0.009,hip2,HIP20179,
98801,,,20.066493,17.122943,6.958,0.114,hip2,HIP98801,
115942,,,23.490498,-52.678566,6.958,0.955,hip2,HIP115942,
42760,,,8.714249,73.169217,6.958,0.012,hip2,HIP42760,
98945,,,20.088983,0.454512,6.958,0.049,hip2,HIP98945,
78513,,,16.028118,-3.763508,6.958,0.395,hip2,HIP78513,
85250,,,17.420405,-34.429829,6.958,0.962,hip2,HIP85250,
68665,,,14.056110,22.495802,6.958,0.322,hip2,HIP68665,
11886,,,2.554533,-75.893574,6.958,0.450,hip2,HIP11886,
33690,,,6.999959,-61.336825,6.958,0.786,hip2,HIP33690,
69775,,,14.280400,-5.644010,6.958,0.341,hip2,HIP69775,
84230,,,17.216472,7.749314,6.959,0.379,hip2,HIP84230,
3961,,,0.847899,-71.151526,6.959,0.447,hip2,HIP3961,
26548,,,5.645675,70.364531,6.959,-0.045,hip2,HIP26548,
72725,,,14.868730,20.290683,6.959,0.100,hip2,HIP72725,
28293,,,5.979522,60.380126,6.959,0.437,hip2,HIP28293,
58466,,,11.989988,1.826819,6.959,1.457,hip2,HIP58466,
80240,,,16.381550,-17.019126,6.959,0.373,hip2,HIP80240,
42769,,,8.714940,-9.805511,6.959,0.166,hip2,HIP42769,
115198,,,23.333514,61.149842,6.959,0.033,hip2,HIP115198,
55766,,,11.427289,29.987313,6.960,0.322,hip2,HIP55766,
57861,,,11.867816,-49.401142,6.960,-0.100,hip2,HIP57861,
10961,,,2.353589,54.510087,6.960,0.456,hip2,HIP10961,
57176,,,11.725339,31.762119,6.960,1.085,hip2,HIP57176,
103868,,,21.046439,15.967122,6.960,1.715,hip2,HIP103868,
10254,,,2.198422,-47.170258,6.960,1.400,hip2,HIP10254,
19249,,,4.124799,-6.007431,6.960,0.152,hip2,HIP19249,
6039,,,1.293053,-65.211780,6.960,1.571,hip2,HIP6039,
39313,,,8.037940,60.993418,6.960,0.384,hip2,HIP39313,
78875,,,16.100782,13.320976,6.960,0.995,hip2,HIP78875,
95056,,,19.340860,39.926207,6.960,0.799,hip2,HIP95056,
11909,,,2.562105,-72.349092,6.960,0.568,hip2,HIP11909,
21300,,,4.570955,-73.208917,6.960,0.919,hip2,HIP21300,
31193,,,6.544506,35.293763,6.960,1.142,hip2,HIP31193,
95099,,,19.346754,-4.502487,6.960,2.070,hip2,HIP95099,
55531,,,11.374652,-8.842651,6.960,0.149,hip2,HIP55531,
70405,,,14.404062,-33.086868,6.960,0.953,hip2,HIP70405,
19881,,,4.264359,-22.151333,6.961,0.072,hip2,HIP19881,
35783,,,7.380792,55.284391,6.961,-0.051,hip2,HIP35783,
48198,,,9.825883,-11.784969,6.961,1.232,hip2,HIP48198,
49610,,,10.125604,-22.489619,6.961,1.538,hip2,HIP49610,
60503,,,12.403594,-38.913816,6.961,0.272,hip2,HIP60503,
99676,,,20.227555,46.711856,6.961,-0.133,hip2,HIP99676,
29439,,,6.203112,-65.531518,6.961,0.481,hip2,HIP29439,
30605,,,6.432820,58.603231,6.961,0.371,hip2,HIP30605,
72056,,,14.738261,-24.128754,6.961,1.420,hip2,HIP72056,
78346,,,15.997231,-64.854138,6.961,1.767,hip2,HIP78346,
109424,,,22.169521,56.083883,6.961,0.059,hip2,HIP109424,
84632,,,17.301376,3.146981,6.962,0.412,hip2,HIP84632,
95468,,,19.419435,-51.100580,6.962,1.550,hip2,HIP95468,
115858,,,23.473680,-25.420500,6.962,0.160,hip2,HIP115858,
45114,,,9.191459,0.291313,6.962,1.324,hip2,HIP45114,
1669,,,0.348366,32.978163,6.962,0.478,hip2,HIP1669,
35385,,,7.308918,-32.346853,6.962,-0.089,hip2,HIP35385,
37385,,,7.673963,-30.079762,6.962,0.007,hip2,HIP37385,
96887,,,19.694388,40.022311,6.962,0.147,hip2,HIP96887,
101350,,,20.540444,48.216464,6.962,-0.075,hip2,HIP101350,
110198,,,22.322182,-28.208578,6.962,1.545,hip2,HIP110198,
32813,,,6.840358,-69.986223,6.962,0.997,hip2,HIP32813,
22240,,,4.785235,-59.137119,6.962,1.044,hip2,HIP22240,
40608,,,8.291212,-32.870096,6.962,0.048,hip2,HIP40608,
91163,,,18.598540,72.380216,6.963,1.340,hip2,HIP91163,
51104,,,10.440450,-39.361990,6.963,0.972,hip2,HIP51104,
62773,,,12.864059,-31.201898,6.963,-0.055,hip2,HIP62773,
34438,,,7.139414,-20.859360,6.963,1.510,hip2,HIP34438,
89808,,,18.328153,-45.698822,6.963,0.533,hip2,HIP89808,
858,,,0.175671,33.130886,6.963,1.429,hip2,HIP858,
23011,,,4.949647,-8.458888,6.963,0.315,hip2,HIP23011,
25240,,,5.397600,-0.866971,6.963,0.490,tyc2,TYC4753-01892-1,4753-01892-1
30795,,,6.470735,-77.290935,6.963,0.062,hip2,HIP30795,
33150,,,6.902106,32.511398,6.963,0.002,hip2,HIP33150,
33894,,,7.035443,-6.022338,6.963,1.487,hip2,HIP33894,
8135,,,1.743549,-34.406021,6.963,1.425,hip2,HIP8135,
63225,,,12.955284,-8.910814,6.963,0.086,hip2,HIP63225,
7812,,,1.675269,59.052870,6.964,-0.040,hip2,HIP7812,
29725,,,6.260849,36.148680,6.964,0.440,hip2,HIP29725,
69917,,,14.308656,52.033328,6.964,0.157,hip2,HIP69917,
103850,,,21.043083,48.030676,6.964,1.683,hip2,HIP103850,
16914,,,3.628083,-74.822567,6.964,0.328,hip2,HIP16914,
87560,,,17.887771,-34.620836,6.964,-0.026,hip2,HIP87560,
4550,,,0.970196,70.496369,6.964,-0.054,hip2,HIP4550,
9414,,,2.015760,-78.870167,6.964,0.576,hip2,HIP9414,
12048,,,2.588894,-3.559540,6.964,0.670,hip2,HIP12048,
54814,,,11.221528,-50.122518,6.964,0.426,hip2,HIP54814,
107877,,,21.856775,-23.270414,6.964,0.487,hip2,HIP107877,
114809,,,23.256399,25.672211,6.965,0.850,hip2,HIP114809,
79837,,,16.296072,31.803625,6.965,0.605,hip2,HIP79837,
43635,,,8.886670,17.368639,6.965,0.404,hip2,HIP43635,
72807,,,14.881511,32.690897,6.965,0.432,hip2,HIP72807,
76762,,,15.673528,-44.288560,6.965,-0.072,hip2,HIP76762,
38591,,,7.901996,-18.331033,6.965,1.662,hip2,HIP38591,
96932,,,19.703617,-36.633262,6.965,0.459,hip2,HIP96932,
18292,,,3.911800,2.089934,6.965,0.975,hip2,HIP18292,
32148,,,6.713568,-50.451812,6.965,-0.140,hip2,HIP32148,
107355,,,21.744137,58.225640,6.965,1.054,hip2,HIP107355,
63677,,,13.049855,22.637589,6.965,0.124,hip2,HIP63677,
3346,,,0.710554,52.337162,6.965,0.059,hip2,HIP3346,
41823,,,8.526863,-45.784791,6.965,-0.106,hip2,HIP41823,
40940,,,8.355222,-14.975852,6.965,1.324,hip2,HIP40940,
95717,,,19.468413,17.846774,6.965,0.315,hip2,HIP95717,
113227,,,22.929728,44.308252,6.965,0.850,hip2,HIP113227,
11143,,,2.389814,-26.995248,6.966,1.097,hip2,HIP11143,
92501,,,18.851511,-3.260996,6.966,0.285,hip2,HIP92501,
5363,,,1.142727,-46.668039,6.966,0.292,hip2,HIP5363,
7182,,,1.542369,70.019451,6.966,-0.004,hip2,HIP7182,
58616,,,12.020497,12.377781,6.966,0.106,hip2,HIP58616,
64834,,,13.290938,-10.546327,6.966,0.338,hip2,HIP64834,
,,,18.589315,38.894839,6.966,0.028,tyc2,TYC3105-00820-1,3105-00820-1
1349,,,0.281553,-52.651592,6.966,0.655,hip2,HIP1349,
72029,,,14.734307,61.098353,6.966,0.409,hip2,HIP72029,
88069,,,17.987073,-36.938818,6.966,0.125,hip2,HIP88069,
92262,,,18.803290,-14.708257,6.966,0.498,hip2,HIP92262,
3114,,,0.660597,-85.700845,6.966,1.260,hip2,HIP3114,
32957,,,6.864395,-2.176033,6.966,0.520,hip2,HIP32957,
70041,,,14.331922,67.782484,6.966,0.020,hip2,HIP70041,
74253,,,15.175420,11.673577,6.966,1.655,hip2,HIP74253,
98079,,,19.932550,10.207178,6.966,0.903,hip2,HIP98079,
26786,,,5.689612,17.522191,6.966,1.803,hip2,HIP26786,
92235,,,18.797870,-20.274500,6.966,0.120,hip2,HIP92235,
95480,,,19.421709,37.245271,6.966,1.129,hip2,HIP95480,
66042,,,13.539443,36.818221,6.966,0.760,hip2,HIP66042,
69165,,,14.157810,2.797581,6.966,1.020,hip2,HIP69165,
117129,,,23.745944,43.746239,6.967,0.081,hip2,HIP117129,
19243,,,4.123811,74.636654,6.967,0.966,hip2,HIP19243,
51633,,,10.548513,-22.527610,6.967,-0.028,hip2,HIP51633,
65235,,,13.368444,-14.419764,6.967,1.507,hip2,HIP65235,
,,,15.789451,-41.027095,6.967,0.979,tyc2,TYC7841-00992-1,7841-00992-1
76586,,,15.641421,-14.516662,6.967,1.232,hip2,HIP76586,
83406,,,17.047922,-50.160370,6.967,0.262,hip2,HIP83406,
60570,,,12.415546,-65.211013,6.967,0.110,hip2,HIP60570,
47919,,,9.766604,-35.863587,6.967,0.403,hip2,HIP47919,
37842,,,7.757984,-14.686117,6.968,0.345,hip2,HIP37842,
44542,,,9.075475,-56.343459,6.968,0.400,hip2,HIP44542,
55060,,,11.271950,59.943184,6.968,0.172,hip2,HIP55060,
107300,,,21.733472,-57.282925,6.968,0.477,hip2,HIP107300,
13063,,,2.798700,55.613617,6.968,0.132,hip2,HIP13063,
97788,,,19.871036,28.252189,6.968,1.351,hip2,HIP97788,
89975,,,18.357713,25.056765,6.968,-0.090,hip2,HIP89975,
98783,,,20.062080,29.989465,6.968,1.165,hip2,HIP98783,
85668,,,17.506918,-66.869948,6.968,-0.091,hip2,HIP85668,
33922,,,7.039061,-42.632500,6.968,-0.138,hip2,HIP33922,
13183,,,2.827189,0.921035,6.968,1.020,hip2,HIP13183,
13569,,,2.913763,-33.524896,6.968,0.261,hip2,HIP13569,
54971,,,11.256157,-66.511946,6.968,1.900,hip2,HIP54971,
88945,,,18.155926,29.951564,6.968,0.633,hip2,HIP88945,
54347,,,11.118030,25.537162,6.968,0.513,hip2,HIP54347,
69178,,,14.160325,15.621703,6.969,0.442,hip2,HIP69178,
93553,,,19.054964,25.826122,6.969,-0.028,hip2,HIP93553,
56864,,,11.658365,-13.184020,6.969,0.987,hip2,HIP56864,
70225,,,14.367121,-28.308432,6.969,0.964,hip2,HIP70225,
43426,,,8.845660,35.070694,6.969,0.592,hip2,HIP43426,
50626,,,10.340954,-72.130299,6.969,1.578,hip2,HIP50626,
3637,,,0.777025,-30.190929,6.969,1.225,hip2,HIP3637,
,,,18.401089,-34.334094,6.969,-0.038,tyc2,TYC7401-02423-1,7401-02423-1
98718,,,20.050710,18.295529,6.969,0.616,hip2,HIP98718,
114626,,,23.220912,-49.618589,6.969,0.922,hip2,HIP114626,
13106,,,2.808599,-33.782973,6.969,0.974,hip2,HIP13106,
20756,,,4.447532,17.028760,6.969,1.494,hip2,HIP20756,
49411,,,10.086676,-28.197055,6.969,-0.015,hip2,HIP49411,
2968,,,0.629357,72.894855,6.969,-0.005,hip2,HIP2968,
56649,,,11.616120,-38.959534,6.969,0.045,hip2,HIP56649,
49141,,,10.028979,-23.806865,6.970,1.003,hip2,HIP49141,
17993,,,3.845647,-38.981966,6.970,1.363,hip2,HIP17993,
87698,,,17.913301,-34.542154,6.970,0.019,hip2,HIP87698,
23834,,,5.123965,-8.653162,6.970,-0.104,hip2,HIP23834,
70261,,,14.376321,-20.757654,6.970,1.032,hip2,HIP70261,
80567,,,16.450227,-82.559862,6.970,1.049,hip2,HIP80567,
87119,,,17.799824,47.583940,6.970,1.042,hip2,HIP87119,
111852,,,22.656894,81.392055,6.970,0.757,hip2,HIP111852,
115742,,,23.449179,-15.247698,6.970,0.201,hip2,HIP115742,
64365,,,13.192321,21.918728,6.970,0.880,hip2,HIP64365,
115579,,,23.412051,36.362176,6.970,-0.135,hip2,HIP115579,
39719,,,8.118470,9.980140,6.970,0.932,hip2,HIP39719,
65822,,,13.493384,-47.875784,6.970,0.080,hip2,HIP65822,
24670,,,5.293195,-15.219573,6.970,-0.036,hip2,HIP24670,
53481,,,10.940786,57.503035,6.970,0.995,hip2,HIP53481,
33212,,,6.911903,24.245793,6.971,0.582,hip2,HIP33212,
108869,,,22.054656,-31.445148,6.971,1.396,hip2,HIP108869,
52599,,,10.755694,45.566318,6.971,-0.003,hip2,HIP52599,
115645,,,23.427450,68.956038,6.971,1.208,hip2,HIP115645,
37815,,,7.753419,-4.453858,6.971,1.216,hip2,HIP37815,
,,,8.452730,-23.438041,6.971,1.280,tyc2,TYC6569-02521-1,6569-02521-1
,,,10.658095,-60.985779,6.971,-0.102,tyc2,TYC8957-01605-1,8957-01605-1
9358,,,2.004119,-3.368276,6.971,0.337,hip2,HIP9358,
53532,,,10.952224,-0.311890,6.971,0.421,hip2,HIP53532,
54470,,,11.144669,17.201134,6.971,1.025,hip2,HIP54470,
76695,,,15.660755,79.983119,6.971,0.392,hip2,HIP76695,
111127,,,22.511919,-44.093714,6.971,0.065,hip2,HIP111127,
55735,,,11.419961,-73.632483,6.971,0.378,hip2,HIP55735,
96199,,,19.561723,-34.197640,6.971,0.039,hip2,HIP96199,
28897,,,6.100622,-5.880177,6.972,1.578,hip2,HIP28897,
106884,,,21.649088,57.494215,6.972,0.200,hip2,HIP106884,
30132,,,6.340821,-49.104316,6.972,1.180,hip2,HIP30132,
73494,,,15.020898,-67.983283,6.972,-0.058,hip2,HIP73494,
78676,,,16.061540,59.089651,6.972,0.990,hip2,HIP78676,
37495,,,7.696027,-22.404208,6.972,0.277,hip2,HIP37495,
45367,,,9.245483,-43.464912,6.972,1.132,hip2,HIP45367,
42937,,,8.752447,-32.249066,6.972,0.325,hip2,HIP42937,
58148,,,11.925111,-24.857757,6.972,1.100,hip2,HIP58148,
81848,,,16.717840,36.509623,6.972,1.541,hip2,HIP81848,
93314,,,19.006790,33.741835,6.972,1.119,hip2,HIP93314,
98641,,,20.036201,10.738974,6.972,-0.093,hip2,HIP98641,
22647,,,4.872316,36.642065,6.972,1.100,hip2,HIP22647,
46345,,,9.449089,14.303220,6.972,1.387,hip2,HIP46345,
92266,,,18.803721,-19.198889,6.972,1.661,hip2,HIP92266,
9563,,,2.047848,-2.377721,6.972,0.197,hip2,HIP9563,
4390,,,0.937444,35.228640,6.973,0.114,hip2,HIP4390,
14345,,,3.083116,-74.319955,6.973,1.280,hip2,HIP14345,
22391,,,4.819931,-34.311770,6.973,1.267,hip2,HIP22391,
33436,,,6.952607,-10.824463,6.973,0.281,hip2,HIP33436,
53984,,,11.043557,-3.512579,6.973,0.950,hip2,HIP53984,
62880,,,12.887028,-39.390231,6.973,1.526,hip2,HIP62880,
70289,,,14.381091,-39.623946,6.973,1.420,hip2,HIP70289,
113505,,,22.986902,52.303005,6.973,-0.035,hip2,HIP113505,
53109,,,10.865613,-58.415462,6.973,0.423,hip2,HIP53109,
105738,,,21.416598,27.418010,6.973,-0.082,hip2,HIP105738,
24445,,,5.244054,63.126956,6.973,0.308,hip2,HIP24445,
81634,,,16.676431,4.207227,6.973,0.136,hip2,HIP81634,
25221,,,5.394130,-37.336706,6.973,1.037,hip2,HIP25221,
101647,,,20.604562,-12.381269,6.973,1.267,hip2,HIP101647,
62447,,,12.798150,-25.015278,6.973,1.045,hip2,HIP62447,
106586,,,21.587130,-34.329439,6.973,0.492,hip2,HIP106586,
11927,,,2.565380,-12.337046,6.973,0.333,hip2,HIP11927,
98705,,,20.047816,10.911710,6.973,0.140,hip2,HIP98705,
62913,,,12.893785,-60.357060,6.973,0.187,hip2,HIP62913,
26632,,,5.660223,37.988889,6.974,0.015,hip2,HIP26632,
42263,,,8.617706,-26.416333,6.974,1.140,hip2,HIP42263,
96081,,,19.534840,25.596225,6.974,0.456,hip2,HIP96081,
36663,,,7.542925,21.407846,6.974,0.979,hip2,HIP36663,
38851,,,7.950841,-34.378446,6.974,1.580,hip2,HIP38851,
64089,,,13.134012,24.831061,6.974,0.933,hip2,HIP64089,
7289,,,1.565090,35.608212,6.974,1.596,hip2,HIP7289,
12600,,,2.700188,30.935892,6.974,1.036,hip2,HIP12600,
82790,,,16.918865,-6.650930,6.974,1.307,hip2,HIP82790,
94548,,,19.243446,-29.831198,6.974,1.620,hip2,HIP94548,
26328,,,5.607336,21.993314,6.974,0.501,hip2,HIP26328,
47973,,,9.778455,45.114714,6.974,0.949,hip2,HIP47973,
97599,,,19.837535,17.710026,6.974,1.137,hip2,HIP97599,
115696,,,23.440927,40.386939,6.974,0.950,hip2,HIP115696,
116297,,,23.563672,46.681098,6.974,1.142,hip2,HIP116297,
68536,,,14.030385,40.420058,6.974,1.183,hip2,HIP68536,
82347,,,16.825902,-31.651350,6.974,1.149,hip2,HIP82347,
97232,,,19.761295,36.088647,6.974,0.024,hip2,HIP97232,
2304,,,0.489757,-40.665412,6.975,1.273,hip2,HIP2304,
11682,,,2.511314,40.167664,6.975,1.355,hip2,HIP11682,
32284,,,6.740183,56.933069,6.975,1.658,hip2,HIP32284,
77102,,,15.743473,80.932169,6.975,1.504,hip2,HIP77102,
87181,,,17.811871,-39.898787,6.975,-0.034,hip2,HIP87181,
52230,,,10.670818,-47.160265,6.975,-0.070,hip2,HIP52230,
116265,,,23.557800,24.342413,6.975,0.200,hip2,HIP116265,
99,,,0.021068,60.355298,6.975,2.835,hip2,HIP99,
84477,,,17.270330,71.792370,6.975,1.071,hip2,HIP84477,
56841,,,11.652966,-57.739527,6.975,-0.023,hip2,HIP56841,
105491,,,21.366292,-9.327860,6.975,1.194,hip2,HIP105491,
40754,,,8.319083,16.121896,6.975,-0.045,hip2,HIP40754,
31595,,,6.611765,23.098051,6.975,-0.114,hip2,HIP31595,
74808,,,15.288253,62.771021,6.975,0.952,hip2,HIP74808,
102291,,,20.726324,-11.641452,6.975,0.993,hip2,HIP102291,
36521,,,7.513186,-9.776898,6.976,1.096,hip2,HIP36521,
45296,,,9.231094,-61.279800,6.976,-0.040,hip2,HIP45296,
84056,,,17.184547,-20.654234,6.976,1.030,hip2,HIP84056,
3787,,,0.811416,52.100843,6.976,0.844,hip2,HIP3787,
80241,,,16.381712,-75.974642,6.976,1.551,hip2,HIP80241,
81362,,,16.616169,14.475245,6.976,-0.174,hip2,HIP81362,
112472,,,22.781770,-33.182482,6.976,0.972,hip2,HIP112472,
17118,,,3.666290,63.870761,6.976,0.478,hip2,HIP17118,
6551,,,1.403386,-31.811777,6.976,0.569,hip2,HIP6551,
73357,,,14.991457,-30.711442,6.976,0.231,hip2,HIP73357,
49375,,,10.080288,-28.188715,6.976,-0.038,hip2,HIP49375,
44268,,,9.014821,-24.153670,6.976,0.097,hip2,HIP44268,
81933,,,16.736270,23.517458,6.976,0.563,hip2,HIP81933,
85875,,,17.549720,-17.495975,6.976,1.021,hip2,HIP85875,
108938,,,22.070237,59.867156,6.976,0.034,hip2,HIP108938,
32288,,,6.740390,3.141577,6.977,0.789,hip2,HIP32288,
37838,,,7.757606,-37.596314,6.977,-0.065,hip2,HIP37838,
57522,,,11.789611,-18.380568,6.977,1.250,hip2,HIP57522,
102921,,,20.851503,51.417144,6.977,0.303,hip2,HIP102921,
38682,,,7.919732,9.349982,6.977,1.143,hip2,HIP38682,
46017,,,9.384997,-53.820190,6.977,1.036,hip2,HIP46017,
37577,,,7.711382,-42.567455,6.977,-0.107,hip2,HIP37577,
1325,,,0.277617,1.850577,6.977,1.600,hip2,HIP1325,
111938,,,22.674210,4.575319,6.977,1.050,hip2,HIP111938,
9151,,,1.965384,40.760815,6.977,0.499,hip2,HIP9151,
28792,,,6.078569,-1.580422,6.977,0.099,hip2,HIP28792,
100347,,,20.350314,-10.982759,6.977,1.389,hip2,HIP100347,
89954,,,18.353446,-26.085124,6.977,0.249,hip2,HIP89954,
50950,,,10.405429,10.587780,6.977,1.110,hip2,HIP50950,
25562,,,5.464042,-32.417588,6.978,0.911,hip2,HIP25562,
68108,,,13.943607,15.890960,6.978,0.948,hip2,HIP68108,
6334,,,1.355340,11.536746,6.978,0.404,hip2,HIP6334,
48037,,,9.793013,-38.189712,6.978,1.352,hip2,HIP48037,
112281,,,22.742758,-63.953895,6.978,0.107,hip2,HIP112281,
16261,,,3.493056,-23.475810,6.978,0.442,hip2,HIP16261,
39595,,,8.091437,-10.123043,6.978,-0.018,hip2,HIP39595,
43880,,,8.938877,-37.122469,6.978,0.616,hip2,HIP43880,
104871,,,21.243435,56.883409,6.978,1.688,hip2,HIP104871,
31660,,,6.626096,12.181248,6.978,0.725,hip2,HIP31660,
38301,,,7.846829,5.859242,6.978,0.040,hip2,HIP38301,
2517,,,0.531911,19.642958,6.978,1.638,hip2,HIP2517,
34543,,,7.156935,-60.380472,6.978,0.821,hip2,HIP34543,
73622,,,15.049285,-47.941963,6.978,1.526,hip2,HIP73622,
51011,,,10.421169,-58.872477,6.978,-0.088,hip2,HIP51011,
43186,,,8.797646,-33.398373,6.978,1.158,hip2,HIP43186,
55928,,,11.461968,-60.495841,6.978,1.551,hip2,HIP55928,
52116,,,10.647611,-64.498039,6.979,0.023,hip2,HIP52116,
59966,,,12.298759,-24.013410,6.979,0.100,hip2,HIP59966,
116510,,,23.609433,-44.892776,6.979,0.200,hip2,HIP116510,
74147,,,15.150922,-61.887561,6.979,-0.009,hip2,HIP74147,
75571,,,15.438115,-36.598258,6.979,1.121,hip2,HIP75571,
59451,,,12.194510,4.055887,6.979,0.146,hip2,HIP59451,
4703,,,1.007773,21.249159,6.979,1.372,hip2,HIP4703,
7166,,,1.540075,68.409064,6.979,1.238,hip2,HIP7166,
77968,,,15.923027,-44.525966,6.979,-0.005,hip2,HIP77968,
109595,,,22.200626,-38.302862,6.979,0.387,hip2,HIP109595,
76714,,,15.665133,-19.769084,6.979,0.430,hip2,HIP76714,
30408,,,6.394114,40.521391,6.979,1.058,hip2,HIP30408,
109992,,,22.277862,22.896142,6.979,0.159,hip2,HIP109992,
71873,,,14.700629,-12.234902,6.980,1.216,hip2,HIP71873,
7298,,,1.566625,-62.476213,6.980,0.314,hip2,HIP7298,
99772,,,20.243034,-64.429701,6.980,0.158,hip2,HIP99772,
38221,,,7.829925,26.263848,6.980,0.961,hip2,HIP38221,
47227,,,9.625330,-59.889945,6.980,0.265,hip2,HIP47227,
87237,,,17.824471,68.688854,6.980,0.261,hip2,HIP87237,
46524,,,9.489340,56.241199,6.980,0.388,hip2,HIP46524,
81028,,,16.549091,50.142174,6.980,0.912,hip2,HIP81028,
,,,17.895595,-34.794405,6.980,0.006,tyc2,TYC7386-00463-1,7386-00463-1
111429,,,22.575052,40.774907,6.980,-0.119,hip2,HIP111429,
29713,,,6.258402,3.958204,6.980,-0.130,hip2,HIP29713,
49823,,,10.170676,-48.014047,6.980,0.886,hip2,HIP49823,
81335,,,16.611521,-35.916377,6.980,0.374,hip2,HIP81335,
83999,,,17.170990,0.481612,6.980,0.940,hip2,HIP83999,
4232,,,0.899734,-48.791376,6.980,0.962,hip2,HIP4232,
32782,,,6.834992,-27.333978,6.980,-0.183,hip2,HIP32782,
34416,,,7.135084,44.039996,6.980,1.070,hip2,HIP34416,
61639,,,12.635358,-55.931186,6.981,0.150,hip2,HIP61639,
7413,,,1.592599,72.442021,6.981,0.768,hip2,HIP7413,
30586,,,6.428354,14.092696,6.981,0.613,hip2,HIP30586,
35690,,,7.364095,75.089631,6.981,0.031,hip2,HIP35690,
104320,,,21.132611,14.673685,6.981,-0.133,hip2,HIP104320,
2246,,,0.475876,-11.237219,6.981,0.535,hip2,HIP2246,
9045,,,1.942271,41.892084,6.981,-0.035,hip2,HIP9045,
48592,,,9.909612,-12.950946,6.981,0.551,hip2,HIP48592,
30046,,,6.322027,23.469409,6.981,0.252,hip2,HIP30046,
33239,,,6.915765,21.571372,6.981,-0.023,hip2,HIP33239,
,,,12.919498,-68.906782,6.981,2.008,tyc2,TYC9241-01539-1,9241-01539-1
96499,,,19.618498,22.005951,6.981,0.202,hip2,HIP96499,
84275,,,17.227564,21.431309,6.981,0.990,hip2,HIP84275,
27165,,,5.758275,52.161504,6.981,0.637,hip2,HIP27165,
74131,,,15.149310,-26.497274,6.981,1.724,hip2,HIP74131,
115187,,,23.330518,57.243634,6.981,1.791,hip2,HIP115187,
70945,,,14.511243,-22.460908,6.982,0.167,hip2,HIP70945,
104173,,,21.106639,-34.628773,6.982,1.076,hip2,HIP104173,
114604,,,23.217095,42.062236,6.982,0.234,hip2,HIP114604,
31237,,,6.551718,1.273331,6.982,1.750,hip2,HIP31237,
109734,,,22.228646,-68.126384,6.982,1.384,hip2,HIP109734,
54570,,,11.166326,-29.794145,6.982,1.335,hip2,HIP54570,
109838,,,22.246418,-24.004673,6.982,0.376,hip2,HIP109838,
1456,,,0.302553,46.214354,6.982,1.319,hip2,HIP1456,
77964,,,15.922284,-43.391731,6.982,0.200,hip2,HIP77964,
43245,,,8.810288,10.433015,6.982,1.555,hip2,HIP43245,
51781,,,10.580534,27.961784,6.983,1.063,hip2,HIP51781,
66917,,,13.713876,-44.190865,6.983,-0.102,hip2,HIP66917,
35090,,,7.256667,-42.088031,6.983,-0.067,hip2,HIP35090,
31326,,,6.569005,2.898574,6.983,0.398,hip2,HIP31326,
46208,,,9.421284,-65.270368,6.983,0.299,hip2,HIP46208,
,,,17.906134,-34.878438,6.983,-0.022,tyc2,TYC7386-00522-1,7386-00522-1
99417,,,20.177519,-46.735006,6.983,1.170,hip2,HIP99417,
37501,,,7.696638,54.765789,6.983,0.989,hip2,HIP37501,
103114,,,20.892270,-19.113732,6.983,1.025,hip2,HIP103114,
119,,,0.026013,44.675446,6.983,1.071,hip2,HIP119,
4049,,,0.864485,-43.709038,6.983,0.362,hip2,HIP4049,
4868,,,1.043214,27.747932,6.983,0.448,hip2,HIP4868,
42754,,,8.713181,-46.807471,6.983,0.274,hip2,HIP42754,
67543,,,13.839869,21.276588,6.983,0.940,hip2,HIP67543,
2576,,,0.545337,38.843826,6.984,0.364,hip2,HIP2576,
45014,,,9.168382,-49.289772,6.984,-0.111,hip2,HIP45014,
100121,,,20.310405,0.641074,6.984,0.195,hip2,HIP100121,
42388,,,8.643540,-74.074626,6.984,1.048,hip2,HIP42388,
89698,,,18.305662,-54.332411,6.984,1.677,hip2,HIP89698,
66997,,,13.730408,-40.177957,6.984,0.352,hip2,HIP66997,
115197,,,23.333256,-47.540159,6.984,1.245,hip2,HIP115197,
97907,,,19.896472,34.583825,6.984,-0.110,hip2,HIP97907,
87939,,,17.964167,2.253551,6.984,0.087,hip2,HIP87939,
103420,,,20.953567,69.057653,6.984,1.258,hip2,HIP103420,
17999,,,3.847893,23.961581,6.984,0.078,hip2,HIP17999,
29619,,,6.241751,-29.604292,6.984,-0.013,hip2,HIP29619,
7057,,,1.516379,49.343358,6.984,1.363,hip2,HIP7057,
48563,,,9.904877,59.920403,6.984,1.406,hip2,HIP48563,
94331,,,19.200911,2.622616,6.984,0.102,hip2,HIP94331,
16410,,,3.522186,27.571854,6.985,0.052,hip2,HIP16410,
40713,,,8.310374,-14.566393,6.985,0.068,hip2,HIP40713,
57021,,,11.690587,-41.017960,6.985,0.590,hip2,HIP57021,
116421,,,23.591257,31.016557,6.985,0.604,hip2,HIP116421,
78306,,,15.988976,-33.012147,6.985,0.031,hip2,HIP78306,
93073,,,18.959229,32.989531,6.985,0.330,hip2,HIP93073,
102588,,,20.789903,-45.854508,6.985,1.282,hip2,HIP102588,
103037,,,20.875288,-13.202952,6.985,1.429,hip2,HIP103037,
90596,,,18.486646,-29.259419,6.986,0.463,hip2,HIP90596,
99604,,,20.213145,-2.995953,6.986,0.241,hip2,HIP99604,
28593,,,6.035089,-38.989479,6.986,0.936,hip2,HIP28593,
98835,,,20.070587,17.734874,6.986,0.512,hip2,HIP98835,
27025,,,5.732414,66.626314,6.986,1.216,hip2,HIP27025,
57072,,,11.699436,-24.385729,6.986,0.370,hip2,HIP57072,
,,,7.451395,9.043656,6.986,1.470,tyc2,TYC0764-00548-1,0764-00548-1
13593,,,2.918931,3.486902,6.986,0.309,hip2,HIP13593,
82204,,,16.793961,79.503638,6.986,1.267,hip2,HIP82204,
105298,,,21.327989,53.058108,6.986,1.021,hip2,HIP105298,
39634,,,8.099677,-19.892550,6.986,0.015,hip2,HIP39634,
25589,,,5.469240,16.439147,6.987,0.666,hip2,HIP25589,
95226,,,19.373797,-31.936600,6.987,1.719,hip2,HIP95226,
112183,,,22.720942,56.408238,6.987,0.314,hip2,HIP112183,
17675,,,3.786273,51.706570,6.987,0.373,hip2,HIP17675,
92089,,,18.767918,18.487850,6.987,0.058,hip2,HIP92089,
29432,,,6.200125,6.783691,6.987,0.642,hip2,HIP29432,
72995,,,14.918245,-61.873850,6.987,0.017,hip2,HIP72995,
20215,,,4.331885,16.522677,6.987,0.509,hip2,HIP20215,
26201,,,5.584324,24.290799,6.987,1.040,hip2,HIP26201,
86813,,,17.738437,13.783922,6.987,0.280,hip2,HIP86813,
2782,,,0.591406,54.203490,6.987,0.097,hip2,HIP2782,
67590,,,13.849943,53.290420,6.987,0.470,hip2,HIP67590,
48036,,,9.792636,11.428895,6.987,1.500,hip2,HIP48036,
37603,,,7.715636,-21.994434,6.987,1.098,hip2,HIP37603,
51602,,,10.541263,-6.074995,6.987,1.065,hip2,HIP51602,
56109,,,11.501215,29.965115,6.987,0.371,hip2,HIP56109,
87494,,,17.876962,-5.262022,6.987,0.989,hip2,HIP87494,
91054,,,18.574240,-34.815754,6.988,0.303,hip2,HIP91054,
105557,,,21.378333,76.554728,6.988,0.640,hip2,HIP105557,
98763,,,20.059776,-38.852383,6.988,0.252,hip2,HIP98763,
99035,,,20.106945,39.098600,6.988,1.546,hip2,HIP99035,
8929,,,1.915659,56.582479,6.988,1.151,hip2,HIP8929,
24239,,,5.204157,40.101575,6.988,0.037,hip2,HIP24239,
106115,,,21.494485,-14.026776,6.988,1.498,hip2,HIP106115,
70375,,,14.398810,-29.676278,6.988,0.188,hip2,HIP70375,
107326,,,21.738662,28.781734,6.988,0.411,hip2,HIP107326,
98697,,,20.046280,37.812780,6.988,0.259,hip2,HIP98697,
107923,,,21.865387,48.437088,6.988,1.610,hip2,HIP107923,
32080,,,6.702032,-6.114270,6.988,-0.142,hip2,HIP32080,
48126,,,9.812085,-9.918632,6.989,0.009,hip2,HIP48126,
65414,,,13.407254,-4.308631,6.989,1.080,hip2,HIP65414,
93462,,,19.034721,60.128413,6.989,1.577,hip2,HIP93462,
95083,,,19.344744,-24.210081,6.989,0.969,hip2,HIP95083,
10787,,,2.314962,-19.534569,6.989,1.561,hip2,HIP10787,
8804,,,1.886262,28.818983,6.989,1.475,hip2,HIP8804,
89082,,,18.180557,44.598334,6.989,0.991,hip2,HIP89082,
109862,,,22.250980,43.773448,6.989,1.084,hip2,HIP109862,
9438,,,2.020453,41.212355,6.989,1.427,hip2,HIP9438,
25238,,,5.397573,36.398435,6.989,0.903,hip2,HIP25238,
36884,,,7.583196,4.439521,6.989,1.180,hip2,HIP36884,
50043,,,10.216941,-19.689203,6.989,1.525,hip2,HIP50043,
73071,,,14.933438,24.386074,6.989,1.171,hip2,HIP73071,
32538,,,6.789662,-48.563662,6.989,0.300,hip2,HIP32538,
39069,,,7.993545,79.861501,6.989,1.355,hip2,HIP39069,
110031,,,22.286113,-34.760750,6.989,1.241,hip2,HIP110031,
116196,,,23.543053,53.686386,6.989,1.070,hip2,HIP116196,
56618,,,11.609506,6.106705,6.989,0.952,hip2,HIP56618,
100982,,,20.474056,-9.370397,6.989,1.170,hip2,HIP100982,
103472,,,20.963574,4.195488,6.989,1.391,hip2,HIP103472,
110410,,,22.364374,63.139942,6.989,0.082,hip2,HIP110410,
89660,,,18.297515,-33.396149,6.989,-0.068,hip2,HIP89660,
104501,,,21.168734,-64.025318,6.989,0.270,hip2,HIP104501,
117672,,,23.864129,42.909840,6.989,1.011,hip2,HIP117672,
97131,,,19.741033,-41.609118,6.990,1.286,hip2,HIP97131,
4637,,,0.992298,48.966416,6.990,0.410,hip2,HIP4637,
17482,,,3.745805,27.921460,6.990,0.642,hip2,HIP17482,
3995,,,0.855524,-9.405565,6.990,0.490,hip2,HIP3995,
6226,,,1.330088,-0.508782,6.990,0.227,tyc2,TYC4682-01383-2,4682-01383-2
17170,,,3.677822,-19.473012,6.990,1.125,hip2,HIP17170,
87232,,,17.823542,-38.983783,6.990,-0.077,hip2,HIP87232,
11971,,,2.573867,11.604882,6.990,0.005,hip2,HIP11971,
93077,,,18.959919,-19.153132,6.990,-0.102,hip2,HIP93077,
116847,,,23.684600,41.850551,6.990,1.423,hip2,HIP116847,
60396,,,12.383370,-24.871310,6.991,1.063,hip2,HIP60396,
66577,,,13.647325,-33.111259,6.991,-0.042,hip2,HIP66577,
81125,,,16.568351,-48.461487,6.991,0.264,hip2,HIP81125,
32926,,,6.859942,9.440128,6.991,1.363,hip2,HIP32926,
3438,,,0.731184,33.310684,6.991,0.311,hip2,HIP3438,
6859,,,1.471133,-12.245990,6.991,0.331,hip2,HIP6859,
109273,,,22.137907,72.768537,6.991,1.897,hip2,HIP109273,
31309,,,6.566005,52.461602,6.991,0.309,hip2,HIP31309,
44181,,,9.000304,-49.557986,6.991,1.320,hip2,HIP44181,
,,,17.741821,-43.905101,6.991,1.323,tyc2,TYC7897-00968-1,7897-00968-1
116396,,,23.586360,12.662122,6.991,0.114,hip2,HIP116396,
15399,,,3.309034,44.719619,6.991,0.109,hip2,HIP15399,
93381,,,19.019307,-4.438987,6.991,1.684,hip2,HIP93381,
96196,,,19.560255,3.761335,6.991,0.006,hip2,HIP96196,
88379,,,18.047482,75.790093,6.991,0.123,hip2,HIP88379,
6733,,,1.445281,43.691971,6.992,0.387,hip2,HIP6733,
87559,,,17.887604,-5.928820,6.992,1.266,hip2,HIP87559,
108034,,,21.886648,71.989714,6.992,-0.013,hip2,HIP108034,
109199,,,22.120861,-22.240713,6.992,0.883,hip2,HIP109199,
21575,,,4.631760,7.317633,6.992,-0.057,hip2,HIP21575,
100713,,,20.417890,-19.433705,6.992,1.007,hip2,HIP100713,
39556,,,8.082958,-3.495839,6.992,0.011,hip2,HIP39556,
65509,,,13.427802,15.564066,6.992,1.242,hip2,HIP65509,
76217,,,15.569479,-33.171272,6.992,0.011,hip2,HIP76217,
8734,,,1.872873,37.430092,6.992,0.440,hip2,HIP8734,
79343,,,16.192649,-27.150798,6.992,0.121,hip2,HIP79343,
39385,,,8.052001,-41.126072,6.992,0.950,hip2,HIP39385,
109365,,,22.156827,-70.904061,6.992,0.968,hip2,HIP109365,
24603,,,5.277172,-45.913775,6.992,-0.103,hip2,HIP24603,
33530,,,6.968643,-9.027311,6.992,1.505,hip2,HIP33530,
85007,,,17.374336,24.879837,6.992,0.526,hip2,HIP85007,
65151,,,13.351333,-24.470244,6.992,1.653,hip2,HIP65151,
99990,,,20.285146,-21.317879,6.992,2.450,hip2,HIP99990,
100736,,,20.423802,42.604986,6.992,0.457,hip2,HIP100736,
55387,,,11.341649,-45.728771,6.993,0.370,hip2,HIP55387,
26062,,,5.558543,24.628913,6.993,0.055,hip2,HIP26062,
68099,,,13.942015,-27.638086,6.993,0.962,hip2,HIP68099,
112612,,,22.807830,-27.564088,6.993,0.918,hip2,HIP112612,
32433,,,6.769808,42.265584,6.993,1.597,hip2,HIP32433,
49338,,,10.072428,-48.445827,6.993,1.015,hip2,HIP49338,
49892,,,10.186879,-67.892366,6.993,1.172,hip2,HIP49892,
68054,,,13.934617,-55.953008,6.993,0.967,hip2,HIP68054,
20586,,,4.409108,50.845331,6.993,0.456,hip2,HIP20586,
72423,,,14.808807,-17.340106,6.993,0.621,hip2,HIP72423,
89420,,,18.248947,49.158125,6.993,1.233,hip2,HIP89420,
92750,,,18.900447,-47.274284,6.993,0.508,hip2,HIP92750,
107191,,,21.711266,63.721564,6.993,0.531,hip2,HIP107191,
51486,,,10.515902,-44.367836,6.993,0.861,hip2,HIP51486,
89446,,,18.254397,54.140932,6.993,0.951,hip2,HIP89446,
19356,,,4.146477,50.200483,6.994,0.095,hip2,HIP19356,
90665,,,18.499205,10.482884,6.994,0.337,hip2,HIP90665,
34401,,,7.132463,-4.677876,6.994,0.297,hip2,HIP34401,
28255,,,5.970422,1.856407,6.994,0.259,hip2,HIP28255,
33385,,,6.943062,-8.333724,6.994,0.240,hip2,HIP33385,
42441,,,8.653959,-37.470206,6.994,1.678,hip2,HIP42441,
67673,,,13.864191,11.937140,6.994,0.432,hip2,HIP67673,
37611,,,7.717518,-27.668410,6.994,0.183,hip2,HIP37611,
106259,,,21.522731,-83.033688,6.994,0.115,hip2,HIP106259,
631,,,0.128033,-65.932275,6.994,1.158,hip2,HIP631,
86935,,,17.763780,-64.325237,6.994,0.234,hip2,HIP86935,
18635,,,3.988963,-43.917450,6.995,1.073,hip2,HIP18635,
117324,,,23.789800,-68.393886,6.995,0.462,hip2,HIP117324,
5631,,,1.205334,12.281947,6.995,0.494,hip2,HIP5631,
51806,,,10.584624,-57.677126,6.995,0.861,hip2,HIP51806,
84236,,,17.218406,54.139150,6.995,0.307,hip2,HIP84236,
91659,,,18.691252,12.236534,6.995,0.998,hip2,HIP91659,
116338,,,23.573639,5.470544,6.995,0.428,hip2,HIP116338,
20650,,,4.424904,-53.111885,6.995,0.371,hip2,HIP20650,
76143,,,15.552486,-24.489224,6.995,0.264,tyc2,TYC6768-01534-1,6768-01534-1
97023,,,19.718604,24.598600,6.995,0.567,hip2,HIP97023,
61054,,,12.513985,-4.060816,6.995,1.430,hip2,HIP61054,
107963,,,21.872631,-41.412606,6.995,1.300,hip2,HIP107963,
34152,,,7.081559,-20.830097,6.995,1.677,hip2,HIP34152,
45436,,,9.259607,-33.323899,6.995,1.311,hip2,HIP45436,
71570,,,14.637070,-45.871788,6.995,1.167,hip2,HIP71570,
42788,,,8.718580,-45.561758,6.995,1.510,hip2,HIP42788,
21219,,,4.551975,67.631493,6.996,0.173,hip2,HIP21219,
34506,,,7.149482,-45.331326,6.996,-0.067,hip2,HIP34506,
36629,,,7.532829,-5.942646,6.996,1.304,hip2,HIP36629,
121,,,0.026432,28.423774,6.996,1.197,hip2,HIP121,
111112,,,22.509064,61.623769,6.996,0.022,hip2,HIP111112,
85569,,,17.486923,-31.534286,6.996,-0.017,hip2,HIP85569,
73998,,,15.122021,8.958543,6.996,1.535,hip2,HIP73998,
99915,,,20.272418,22.287239,6.996,1.216,hip2,HIP99915,
61068,,,12.516174,65.897859,6.996,0.211,hip2,HIP61068,
112153,,,22.716137,1.217383,6.996,0.248,hip2,HIP112153,
90955,,,18.554071,18.915732,6.996,1.044,hip2,HIP90955,
33419,,,6.949943,24.642859,6.996,0.947,hip2,HIP33419,
95847,,,19.493834,-12.646622,6.996,0.471,hip2,HIP95847,
110089,,,22.301122,13.950360,6.996,0.986,hip2,HIP110089,
23081,,,4.967218,-58.208236,6.997,1.499,hip2,HIP23081,
97738,,,19.861869,-50.978540,6.997,0.499,hip2,HIP97738,
61853,,,12.676683,-14.099800,6.997,1.341,hip2,HIP61853,
2841,,,0.600222,-59.717195,6.997,0.368,hip2,HIP2841,
99090,,,20.116668,66.308051,6.997,0.070,hip2,HIP99090,
47999,,,9.784438,-31.268126,6.997,0.050,hip2,HIP47999,
50038,,,10.215937,-65.166494,6.997,-0.026,hip2,HIP50038,
112492,,,22.785860,-41.691864,6.997,1.274,hip2,HIP112492,
103654,,,21.001399,-69.578750,6.997,0.627,hip2,HIP103654,
25107,,,5.375648,-73.801466,6.997,1.448,hip2,HIP25107,
22309,,,4.805292,29.235880,6.997,0.461,hip2,HIP22309,
55175,,,11.296620,-59.207767,6.997,-0.080,hip2,HIP55175,
33781,,,7.014445,-19.444405,6.998,-0.001,hip2,HIP33781,
53576,,,10.960520,-45.875889,6.998,1.142,hip2,HIP53576,
81318,,,16.608727,-8.854002,6.998,0.563,hip2,HIP81318,
5512,,,1.176197,51.013288,6.998,0.430,hip2,HIP5512,
12855,,,2.754629,-46.286973,6.998,1.358,hip2,HIP12855,
94485,,,19.231497,25.758815,6.998,0.027,hip2,HIP94485,
106230,,,21.516999,59.418065,6.998,0.681,hip2,HIP106230,
41652,,,8.493442,8.417223,6.998,1.015,hip2,HIP41652,
70514,,,14.424358,-28.895435,6.998,1.085,hip2,HIP70514,
102205,,,20.709319,-84.407050,6.998,0.221,hip2,HIP102205,
51061,,,10.432967,2.929216,6.998,0.055,hip2,HIP51061,
88583,,,18.086435,66.945510,6.998,0.709,hip2,HIP88583,
99668,,,20.226071,-38.447644,6.998,0.458,hip2,HIP99668,
94593,,,19.250213,-48.962658,6.998,1.271,hip2,HIP94593,
103931,,,21.058193,-1.579646,6.998,0.423,hip2,HIP103931,
6791,,,1.456986,-20.351861,6.998,0.456,hip2,HIP6791,
48248,,,9.836215,24.561943,6.998,0.495,hip2,HIP48248,
91281,,,18.619285,0.951084,6.998,0.569,hip2,HIP91281,
19428,,,4.160781,31.651956,6.999,0.550,hip2,HIP19428,
102051,,,20.681465,41.202499,6.999,-0.067,hip2,HIP102051,
94859,,,19.303040,-18.863768,6.999,-0.030,hip2,HIP94859,
104451,,,21.158847,68.491000,6.999,1.097,hip2,HIP104451,
13528,,,2.903876,42.588985,6.999,0.537,hip2,HIP13528,
5943,,,1.274695,-67.431092,6.999,0.378,hip2,HIP5943,
73136,,Baekdu,14.946756,74.900913,6.999,0.985,hip2,HIP73136,
108789,,,22.037777,36.982847,6.999,1.621,hip2,HIP108789,
84846,,,17.341004,-29.364947,6.999,0.058,hip2,HIP84846,
104907,,,21.250591,-49.097539,6.999,1.300,hip2,HIP104907,
74415,,,15.208239,-63.033461,7.000,1.410,hip2,HIP74415,
107726,,,21.822660,15.761153,7.000,0.906,hip2,HIP107726,
75727,,,15.470348,-37.358518,7.000,1.614,hip2,HIP75727,
89362,,,18.235481,28.216484,7.000,1.092,hip2,HIP89362,
111910,,,22.668856,-9.359350,7.000,0.513,hip2,HIP111910,
47343,,,9.647170,-64.489258,7.000,1.161,hip2,HIP47343,
70508,,,14.423034,-55.018170,7.000,0.934,hip2,HIP70508,
106226,,,21.516426,70.823225,7.000,0.084,hip2,HIP106226,
37283,,,7.656022,50.528686,7.000,0.473,hip2,HIP37283,
59753,,,12.253772,16.907410,7.000,1.187,hip2,HIP59753,
112351,,,22.756798,44.752449,7.000,-0.026,hip2,HIP112351,
