HIP,HR,Name,RAh,Dec,Vmag,B-V,SourceCatalog,SourceId,TYC
32349,,Sirius,6.752569,-16.713143,-1.088,0.009,hip2,HIP32349,
30438,,Canopus,6.399192,-52.695718,-0.554,0.164,hip2,HIP30438,
91262,,Vega,18.615607,38.782993,0.087,-0.001,hip2,HIP91262,
69673,,Arcturus,14.261208,19.187270,0.111,1.239,hip2,HIP69673,
71683,,Rigil Kentaurus,14.661361,-60.835145,0.137,0.710,hip2,HIP71683,
24436,,Rigel,5.242298,-8.201640,0.193,-0.030,hip2,HIP24436,
24608,,Capella,5.278138,45.999029,0.238,0.795,hip2,HIP24608,
7588,,Achernar,1.628542,-57.236660,0.423,-0.158,hip2,HIP7588,
37279,,Procyon,7.655149,5.227508,0.461,0.432,hip2,HIP37279,
27989,,Betelgeuse,5.919525,7.407037,0.500,1.500,hip2,HIP27989,
68702,,Hadar,14.063735,-60.372979,0.537,-0.231,hip2,HIP68702,
60718,,Acrux,12.443317,-63.099057,0.674,-0.243,hip2,HIP60718,
97649,,Altair,19.846301,8.867385,0.827,0.221,hip2,HIP97649,
65474,,Spica,13.419890,-11.161245,0.889,-0.235,hip2,HIP65474,
80763,,Antares,16.490130,-26.431946,0.976,1.865,hip2,HIP80763,
21421,,Aldebaran,4.598667,16.509762,1.002,1.538,hip2,HIP21421,
62434,,Mimosa,12.795366,-59.688733,1.154,-0.238,hip2,HIP62434,
113368,,Fomalhaut,22.960785,-29.621837,1.181,0.145,hip2,HIP113368,
71681,,Toliman,14.660942,-60.839480,1.243,0.900,hip2,HIP71681,
37826,,Pollux,7.755379,28.026310,1.295,0.991,hip2,HIP37826,
102098,,Deneb,20.690532,45.280334,1.297,0.092,hip2,HIP102098,
49669,,Regulus,10.139572,11.967195,1.323,-0.087,hip2,HIP49669,
33579,,Adhara,6.977096,-28.972089,1.416,-0.211,hip2,HIP33579,
85927,,Shaula,17.560146,-37.103749,1.524,-0.231,hip2,HIP85927,
25336,,Bellatrix,5.418852,6.349735,1.549,-0.224,hip2,HIP25336,
36850,,Castor,7.576668,31.888635,1.581,0.034,hip2,HIP36850,
25428,,Elnath,5.438194,28.607874,1.615,-0.130,hip2,HIP25428,
26311,,Alnilam,5.603559,-1.201917,1.623,-0.184,hip2,HIP26311,
61084,,Gacrux,12.519425,-57.112569,1.630,1.600,hip2,HIP61084,
45238,,Miaplacidus,9.220067,-69.717472,1.663,0.070,hip2,HIP45238,
26727,,Alnitak,5.679312,-1.942579,1.681,-0.199,hip2,HIP26727,
109268,,Alnair,22.137188,-46.960616,1.698,-0.070,hip2,HIP109268,
39953,,,8.158876,-47.336612,1.703,-0.145,hip2,HIP39953,
62956,,Alioth,12.900454,55.959843,1.754,-0.022,hip2,HIP62956,
90185,,Kaus Australis,18.402874,-34.384315,1.799,-0.031,hip2,HIP90185,
67301,,Alkaid,13.792374,49.313303,1.799,-0.099,hip2,HIP67301,
100751,,Peacock,20.427458,-56.734881,1.858,-0.118,hip2,HIP100751,
30324,,Mirzam,6.378330,-17.955917,1.891,-0.240,hip2,HIP30324,
15863,,Mirfak,3.405375,49.861243,1.897,0.481,hip2,HIP15863,
28360,,Menkalinan,5.992158,44.947435,1.904,0.077,hip2,HIP28360,
86228,,Sargas,17.621979,-42.997820,1.927,0.406,hip2,HIP86228,
31681,,Alhena,6.628528,16.399414,1.929,0.001,hip2,HIP31681,
42913,,Alsephina,8.745055,-54.708568,1.951,0.043,hip2,HIP42913,
54061,,Dubhe,11.062177,61.751119,1.952,1.061,hip2,HIP54061,
34444,,Wezen,7.139857,-26.393208,1.963,0.671,hip2,HIP34444,
41037,,Avior,8.375240,-59.509538,2.000,1.196,hip2,HIP41037,
27366,,Saiph,5.795941,-9.669602,2.006,-0.168,hip2,HIP27366,
92855,,Nunki,18.921088,-26.296594,2.010,-0.134,hip2,HIP92855,
677,,Alpheratz,0.139769,29.090828,2.037,-0.038,hip2,HIP677,
112122,,Tiaki,22.711093,-46.884566,2.070,1.610,hip2,HIP112122,
82273,,Atria,16.811074,-69.027635,2.071,1.447,hip2,HIP82273,
14576,,Algol,3.136147,40.955651,2.097,-0.003,hip2,HIP14576,
11767,,Polaris,2.529743,89.264138,2.108,0.636,hip2,HIP11767,
86032,,Rasalhague,17.582224,12.560576,2.126,0.155,hip2,HIP86032,
46390,,Alphard,9.459792,-8.658683,2.135,1.440,hip2,HIP46390,
25930,,Mintaka,5.533444,-0.299093,2.136,-0.175,hip2,HIP25930,
39429,,Naos,8.059742,-40.003188,2.136,-0.269,hip2,HIP39429,
4427,,,0.945139,60.716750,2.138,-0.046,hip2,HIP4427,
61932,,,12.692001,-48.959886,2.146,-0.023,hip2,HIP61932,
57632,,Denebola,11.817744,14.572337,2.160,0.090,hip2,HIP57632,
50583,,Algieba,10.332823,19.841860,2.168,1.128,hip2,HIP50583,
9884,,Hamal,2.119524,23.462777,2.173,1.151,hip2,HIP9884,
5447,,Mirach,1.162166,35.620830,2.174,1.576,hip2,HIP5447,
72607,,Kochab,14.845110,74.155476,2.204,1.465,hip2,HIP72607,
3419,,Diphda,0.726452,-17.986684,2.206,1.019,hip2,HIP3419,
66657,,,13.664798,-53.466363,2.210,-0.171,hip2,HIP66657,
76267,,Alphecca,15.578108,26.714911,2.221,0.032,hip2,HIP76267,
68933,,Menkent,14.111479,-36.368696,2.223,1.011,hip2,HIP68933,
71860,,Uridim,14.698826,-47.388141,2.230,-0.154,hip2,HIP71860,
9640,,Almach,2.064977,42.329848,2.241,1.370,hip2,HIP9640,
65378,,Mizar,13.398728,54.925415,2.254,0.057,hip2,HIP65378,
78401,,Dschubba,16.005559,-22.621620,2.262,-0.117,hip2,HIP78401,
71352,,,14.591792,-42.157746,2.273,-0.157,hip2,HIP71352,
45556,,Aspidiske,9.284841,-59.275261,2.282,0.189,hip2,HIP45556,
86670,,,17.708133,-39.029921,2.316,-0.171,hip2,HIP86670,
44816,,Suhail,9.133271,-43.432624,2.338,1.665,hip2,HIP44816,
53910,,Merak,11.030664,56.382345,2.350,0.033,hip2,HIP53910,
100453,,Sadr,20.370472,40.256681,2.355,0.673,hip2,HIP100453,
746,,Caph,0.152803,59.150218,2.358,0.380,hip2,HIP746,
87833,,Eltanin,17.943438,51.488951,2.362,1.521,hip2,HIP87833,
3179,,Schedar,0.675108,56.537409,2.411,1.170,hip2,HIP3179,
45941,,Markeb,9.368564,-55.010695,2.413,-0.141,hip2,HIP45941,
35904,,Aludra,7.401585,-29.303120,2.421,-0.083,hip2,HIP35904,
58001,,Phecda,11.897150,53.694733,2.429,0.044,hip2,HIP58001,
84012,,Sabik,17.172962,-15.725148,2.439,0.059,hip2,HIP84012,
68002,,Leepwal,13.925676,-47.288266,2.442,-0.176,hip2,HIP68002,
82396,,Larawag,16.836179,-34.292609,2.453,1.144,hip2,HIP82396,
113963,,Markab,23.079338,15.205368,2.478,-0.002,hip2,HIP113963,
113881,,Scheat,23.062870,28.082454,2.486,1.655,hip2,HIP113881,
105199,,Alderamin,21.309606,62.585455,2.514,0.257,hip2,HIP105199,
72105,,Izar,14.749792,27.074174,2.517,0.966,hip2,HIP72105,
59196,,,12.139318,-50.722410,2.524,-0.128,hip2,HIP59196,
107315,,Enif,21.736428,9.875008,2.546,1.520,hip2,HIP107315,
59803,,Gienah,12.263463,-17.541984,2.548,-0.107,hip2,HIP59803,
2081,,Ankaa,0.438019,-42.305121,2.551,1.083,hip2,HIP2081,
81377,,,16.619314,-10.567152,2.571,0.038,hip2,HIP81377,
74785,,Zubeneschamali,15.283464,-9.382867,2.574,-0.071,hip2,HIP74785,
54872,,Zosma,11.235114,20.524034,2.593,0.128,hip2,HIP54872,
78820,,Acrab,16.090621,-19.805394,2.594,-0.065,hip2,HIP78820,
73273,,,14.975543,-43.133867,2.598,-0.184,hip2,HIP73273,
85696,,Lesath,17.512733,-37.295740,2.604,-0.179,hip2,HIP85696,
28380,,Mahasim,5.995344,37.212764,2.610,-0.083,hip2,HIP28380,
61585,,,12.619745,-69.135534,2.611,-0.176,hip2,HIP61585,
26634,,Phact,5.660817,-34.074049,2.612,-0.120,hip2,HIP26634,
14135,,Menkar,3.037994,4.089926,2.620,1.630,hip2,HIP14135,
93506,,Ascella,19.043534,-29.880115,2.621,0.062,hip2,HIP93506,
25985,,Arneb,5.545504,-17.822292,2.643,0.211,hip2,HIP25985,
102488,,Aljanah,20.770120,33.969453,2.643,1.021,hip2,HIP102488,
52419,,,10.715952,-64.394479,2.654,-0.220,hip2,HIP52419,
26241,,Hatysa,5.590550,-5.909900,2.671,-0.210,hip2,HIP26241,
76297,,,15.585683,-41.166695,2.700,-0.216,hip2,HIP76297,
8903,,Sheratan,1.910653,20.808300,2.704,0.165,hip2,HIP8903,
59747,,Imai,12.252432,-58.748902,2.707,-0.193,hip2,HIP59747,
6686,,Ruchbah,1.430167,60.235404,2.715,0.160,hip2,HIP6686,
81266,,Paikauhale,16.598044,-28.215962,2.737,-0.206,hip2,HIP81266,
1067,,Algenib,0.220597,15.183616,2.754,-0.190,hip2,HIP1067,
65109,,Kulou,13.343352,-36.712081,2.772,0.068,hip2,HIP65109,
85792,,,17.530700,-49.875982,2.787,-0.136,hip2,HIP85792,
72622,,Zubenelgenubi,14.847994,-16.041610,2.789,0.147,hip2,HIP72622,
67927,,Muphrid,13.911421,18.398587,2.796,0.580,hip2,HIP67927,
77070,,Unukalhai,15.737777,6.425520,2.797,1.167,hip2,HIP77070,
61359,,Kraz,12.573121,-23.396623,2.810,0.893,hip2,HIP61359,
61941,,Porrima,12.694445,-1.449522,2.821,0.368,hip2,HIP61941,
23875,,Cursa,5.130843,-5.086263,2.826,0.161,hip2,HIP23875,
78265,,Fang,15.980867,-26.114043,2.827,-0.180,hip2,HIP78265,
79593,,Yed Prior,16.239102,-3.693976,2.828,1.584,hip2,HIP79593,
35264,,,7.285712,-37.097487,2.830,1.616,hip2,HIP35264,
52727,,,10.779478,-49.420125,2.830,0.901,hip2,HIP52727,
23015,,Hassaleh,4.949893,33.166136,2.834,1.490,hip2,HIP23015,
18532,,,3.964228,40.010273,2.835,-0.199,hip2,HIP18532,
63125,,Cor Caroli,12.933845,38.318246,2.847,-0.115,hip2,HIP63125,
17702,,Alcyone,3.791407,24.105242,2.848,-0.086,hip2,HIP17702,
36188,,Gomeisa,7.452520,8.289409,2.855,-0.097,hip2,HIP36188,
89931,,Kaus Media,18.349895,-29.828039,2.865,1.380,hip2,HIP89931,
97165,,Fawaris,19.749567,45.130692,2.868,-0.002,hip2,HIP97165,
97278,,Tarazed,19.770992,10.613269,2.869,1.507,hip2,HIP97278,
80331,,Athebyne,16.399863,61.514075,2.872,0.910,hip2,HIP80331,
74946,,,15.315191,-68.679467,2.882,0.014,hip2,HIP74946,
18246,,,3.902200,31.883658,2.898,0.271,hip2,HIP18246,
77952,,,15.919113,-63.429750,2.908,0.315,hip2,HIP77952,
84345,,Rasalgethi,17.244128,14.390253,2.914,1.164,hip2,HIP84345,
30343,,Tejat,6.382664,22.513850,2.914,1.621,hip2,HIP30343,
39757,,Tureis,8.125751,-24.304437,2.916,0.458,hip2,HIP39757,
26451,,Tianguan,5.627412,21.142593,2.918,-0.148,hip2,HIP26451,
80112,,Alniyat,16.353145,-25.592753,2.923,0.299,hip2,HIP80112,
82514,,Xamidimura,16.864511,-38.047327,2.925,-0.200,hip2,HIP82514,
86742,,Cebalrai,17.724549,4.566917,2.928,1.168,hip2,HIP86742,
2021,,,0.427556,-77.255035,2.930,0.618,hip2,HIP2021,
9236,,,1.979409,-61.569925,2.930,0.290,hip2,HIP9236,
81693,,,16.688188,31.601887,2.934,0.650,hip2,HIP81693,
13847,,Acamar,2.971032,-40.304735,2.938,0.128,hip2,HIP13847,
80816,,Kornephoros,16.503684,21.489649,2.938,0.947,hip2,HIP80816,
107556,,Deneb Algedi,21.783968,-16.126566,2.941,0.180,hip2,HIP107556,
60965,,Algorab,12.497773,-16.515094,2.945,-0.012,hip2,HIP60965,
85670,,Rastaban,17.507216,52.301359,2.947,0.954,hip2,HIP85670,
30122,,Furud,6.338552,-30.063377,2.952,-0.160,hip2,HIP30122,
94141,,Albaldah,19.162732,-21.023525,2.966,0.377,hip2,HIP94141,
25606,,Nihal,5.470757,-20.759232,2.967,0.807,hip2,HIP25606,
17358,,,3.715412,47.787653,2.970,-0.125,hip2,HIP17358,
108085,,Aldhanab,21.898793,-37.364823,2.976,-0.084,hip2,HIP108085,
62322,,,12.771353,-68.108094,2.979,-0.178,hip2,HIP62322,
90496,,Kaus Borealis,18.466186,-25.421247,2.984,1.025,hip2,HIP90496,
85258,,,17.421666,-55.529824,2.994,1.479,hip2,HIP85258,
93747,,Okab,19.090170,13.863710,2.994,0.014,hip2,HIP93747,
63608,,Vindemiatrix,13.036322,10.959102,2.998,0.934,hip2,HIP63608,
33977,,,7.050409,-23.833301,3.005,-0.077,hip2,HIP33977,
110130,,Lang-Exster,22.308383,-60.259495,3.010,1.390,hip2,HIP110130,
48002,,,9.785038,-65.072019,3.019,0.273,hip2,HIP48002,
106278,,Sadalsuud,21.525978,-5.571156,3.040,0.828,hip2,HIP106278,
75097,,Pherkad,15.345486,71.833973,3.045,0.058,hip2,HIP75097,
14328,,,3.079942,53.506450,3.059,0.716,hip2,HIP14328,
10064,,,2.159034,34.987392,3.062,0.140,hip2,HIP10064,
73334,,,14.986027,-42.104142,3.067,-0.208,hip2,HIP73334,
18543,,Zaurak,3.967147,-13.508244,3.070,1.588,hip2,HIP18543,
112158,,Matar,22.716702,30.221307,3.090,0.852,hip2,HIP112158,
71075,,Seginus,14.534655,38.307884,3.098,0.191,hip2,HIP71075,
56561,,,11.596369,-63.019825,3.107,-0.044,hip2,HIP56561,
32768,,,6.832260,-50.614400,3.108,1.207,hip2,HIP32768,
109074,,Sadalmelik,22.096396,-0.319826,3.108,0.969,hip2,HIP109074,
87073,,,17.793078,-40.126982,3.109,0.509,hip2,HIP87073,
23767,,Haedus,5.108575,41.234641,3.116,-0.148,hip2,HIP23767,
47908,,,9.764195,23.774278,3.117,0.808,hip2,HIP47908,
92041,,,18.760931,-26.990779,3.134,-0.107,hip2,HIP92041,
88635,,Alnasl,18.096812,-30.423650,3.136,0.981,hip2,HIP88635,
83895,,Aldhibah,17.146451,65.714637,3.136,-0.120,hip2,HIP83895,
31685,,Pipit,6.629353,-43.195924,3.139,-0.103,hip2,HIP31685,
75141,,,15.356205,-40.647459,3.142,-0.227,hip2,HIP75141,
106032,,Alfirk,21.477660,70.560695,3.144,-0.201,hip2,HIP106032,
23416,,Almaaz,5.032815,43.823314,3.146,0.537,hip2,HIP23416,
84379,,Sarin,17.250534,24.839587,3.150,0.080,hip2,HIP84379,
89642,,,18.293814,-36.761281,3.151,1.582,hip2,HIP89642,
64962,,,13.315348,-23.171413,3.152,0.920,hip2,HIP64962,
50801,,Tania Australis,10.372168,41.499433,3.154,1.603,hip2,HIP50801,
54539,,,11.161072,44.498553,3.164,1.144,hip2,HIP54539,
59316,,,12.168757,-22.619792,3.176,1.326,hip2,HIP59316,
44127,,Talitha,8.986900,48.042350,3.188,0.223,hip2,HIP44127,
32246,,Mebsuta,6.732203,25.131155,3.192,1.377,hip2,HIP32246,
84970,,,17.366829,-24.999488,3.193,-0.186,hip2,HIP84970,
100345,,Dabih,20.350179,-14.781401,3.210,0.790,hip2,HIP100345,
95947,,Albireo,19.512024,27.959695,3.218,1.088,hip2,HIP95947,
99473,,Antinous,20.188407,-0.821476,3.224,-0.066,hip2,HIP99473,
94376,,Altais,19.209210,67.661317,3.230,0.990,hip2,HIP94376,
93194,,Sulafat,18.982396,32.689553,3.234,-0.049,hip2,HIP93194,
21281,,,4.566588,-55.045006,3.237,-0.079,hip2,HIP21281,
83081,,,16.977009,-55.990055,3.239,1.552,hip2,HIP83081,
71908,,Xami,14.708524,-64.974570,3.247,0.256,hip2,HIP71908,
45860,,,9.350961,34.392525,3.252,1.550,hip2,HIP45860,
24305,,,5.215520,-16.205429,3.253,-0.110,hip2,HIP24305,
52943,,,10.827064,-16.194132,3.271,1.232,hip2,HIP52943,
101772,,,20.626108,-47.291662,3.271,0.998,hip2,HIP101772,
85267,,,17.423239,-56.377688,3.271,-0.150,hip2,HIP85267,
46853,,,9.547868,51.678602,3.277,0.475,hip2,HIP46853,
50099,,,10.228966,-70.037922,3.278,-0.074,hip2,HIP50099,
43813,,,8.923246,5.945528,3.280,0.978,hip2,HIP43813,
46701,,,9.520376,-57.034391,3.281,1.538,hip2,HIP46701,
27628,,Wazn,5.849320,-35.769292,3.283,1.146,hip2,HIP27628,
22449,,Tabit,4.830594,6.961247,3.286,0.484,hip2,HIP22449,
14354,,,3.086249,38.840533,3.289,1.528,hip2,HIP14354,
25281,,,5.407949,-2.397139,3.292,-0.240,hip2,HIP25281,
29655,,Propus,6.247971,22.506824,3.295,1.600,hip2,HIP29655,
113136,,Skat,22.910844,-15.820760,3.296,0.066,hip2,HIP113136,
73714,,Brachium,15.067851,-25.281856,3.309,1.674,hip2,HIP73714,
8886,,Segin,1.906579,63.670147,3.311,-0.150,hip2,HIP8886,
32607,,,6.803205,-61.941980,3.311,0.225,hip2,HIP32607,
84380,,,17.250793,36.809155,3.312,1.437,hip2,HIP84380,
75264,,,15.378024,-44.689569,3.314,-0.191,hip2,HIP75264,
23685,,,5.091014,-22.370857,3.321,1.460,hip2,HIP23685,
51576,,,10.533746,-61.685360,3.322,-0.089,hip2,HIP51576,
67464,,Heng,13.825083,-41.687660,3.324,-0.225,hip2,HIP67464,
54879,,Chertan,11.237345,15.429763,3.329,-0.003,hip2,HIP54879,
26207,,Meissa,5.585633,9.934163,3.330,-0.160,hip2,HIP26207,
59774,,Megrez,12.257069,57.032598,3.335,0.077,hip2,HIP59774,
78384,,,16.002039,-38.396641,3.340,-0.206,hip2,HIP78384,
17678,,,3.787287,-74.239242,3.342,1.590,hip2,HIP17678,
87261,,Fuyue,17.830959,-37.043371,3.352,1.192,hip2,HIP87261,
83000,,,16.961186,9.375057,3.361,1.160,hip2,HIP83000,
45080,,,9.182807,-58.966930,3.367,-0.190,hip2,HIP45080,
104732,,,21.215606,30.227081,3.374,0.990,hip2,HIP104732,
36377,,,7.487188,-43.301891,3.376,1.509,hip2,HIP36377,
116727,,Errai,23.655828,77.631967,3.377,1.031,hip2,HIP116727,
18724,,,4.011339,12.490376,3.377,-0.099,hip2,HIP18724,
79882,,Yed Posterior,16.305345,-4.692608,3.389,0.966,hip2,HIP79882,
112029,,Homam,22.691021,10.831391,3.389,-0.086,hip2,HIP112029,
38827,,,7.946317,-52.982401,3.394,-0.177,hip2,HIP38827,
67472,,,13.826947,-42.473685,3.397,-0.170,hip2,HIP67472,
89962,,,18.355256,-2.897122,3.400,0.941,hip2,HIP89962,
93805,,,19.104153,-4.882335,3.403,-0.096,hip2,HIP93805,
66249,,Heze,13.578265,-0.595938,3.415,0.114,hip2,HIP66249,
84143,,,17.202549,-43.238490,3.415,0.441,hip2,HIP84143,
68895,,,14.106186,-26.682019,3.419,1.091,hip2,HIP68895,
90422,,,18.449564,-45.968329,3.423,-0.179,hip2,HIP90422,
3092,,,0.655444,30.861226,3.433,1.268,hip2,HIP3092,
63090,,Minelauva,12.926801,3.397599,3.441,1.571,hip2,HIP63090,
95501,,,19.424931,3.114579,3.441,0.319,hip2,HIP95501,
32362,,Alzirr,6.754843,12.896055,3.442,0.443,hip2,HIP32362,
50372,,Tania Borealis,10.284980,42.914468,3.459,0.029,hip2,HIP50372,
20894,,Chamukuy,4.477687,15.870947,3.460,0.179,hip2,HIP20894,
75458,,Edasich,15.415496,58.966024,3.464,1.166,hip2,HIP75458,
32759,,,6.830685,-32.508488,3.464,-0.116,hip2,HIP32759,
5165,,,1.101419,-46.718496,3.465,0.885,hip2,HIP5165,
93864,,,19.115678,-27.669815,3.469,1.169,hip2,HIP93864,
102395,,,20.749321,-66.203238,3.473,0.163,hip2,HIP102395,
82545,,Pipirima,16.872265,-38.017478,3.483,-0.210,hip2,HIP82545,
69996,,,14.323398,-46.058084,3.485,-0.184,hip2,HIP69996,
88048,,,17.983777,-9.773350,3.487,0.987,hip2,HIP88048,
19780,,Rhombus,4.240398,-62.473979,3.495,0.915,hip2,HIP19780,
12706,,Kaffaljidhma,2.721701,3.236172,3.500,0.093,hip2,HIP12706,
43109,,Ashlesha,8.779624,6.418908,3.500,0.685,hip2,HIP43109,
48774,,,9.947710,-54.567797,3.503,-0.067,hip2,HIP48774,
49583,,,10.122209,16.762666,3.503,-0.031,hip2,HIP49583,
41704,,Muscida,8.504453,60.718431,3.504,0.856,hip2,HIP41704,
50335,,Adhafera,10.278168,23.417328,3.510,0.307,hip2,HIP50335,
38170,,Azmidi,7.821572,-24.859784,3.511,1.218,hip2,HIP38170,
109492,,,22.180906,58.201250,3.512,1.558,hip2,HIP109492,
20042,,,4.298227,-33.798332,3.517,-0.108,hip2,HIP20042,
112623,,,22.809221,-51.316704,3.519,0.083,hip2,HIP112623,
8796,,Mothallah,1.884694,29.579397,3.521,0.488,hip2,HIP8796,
10602,,,2.275139,-51.512111,3.521,-0.120,hip2,HIP10602,
50371,,,10.284724,-61.332320,3.530,1.541,hip2,HIP50371,
6867,,,1.472762,-43.317729,3.533,1.542,hip2,HIP6867,
42536,,,8.671558,-52.921973,3.537,-0.168,hip2,HIP42536,
77516,,,15.827018,-3.430141,3.541,-0.036,hip2,HIP77516,
109427,,Biham,22.169950,6.197789,3.553,0.086,hip2,HIP109427,
24674,,,5.293444,-6.844386,3.554,-0.115,hip2,HIP24674,
86974,,,17.774366,27.722499,3.560,0.750,hip2,HIP86974,
92420,,Sheliak,18.834665,33.362678,3.562,0.003,hip2,HIP92420,
85727,,,17.518327,-60.683607,3.568,-0.104,hip2,HIP85727,
102422,,,20.754797,61.836794,3.569,0.912,hip2,HIP102422,
74395,,,15.204779,-52.099075,3.571,0.918,hip2,HIP74395,
27288,,,5.782597,-14.821947,3.578,0.104,hip2,HIP27288,
44471,,Alkaphrah,9.060433,47.156659,3.578,0.007,hip2,HIP44471,
13209,,Bharani,2.833053,27.260790,3.583,-0.100,hip2,HIP13209,
3821,,Achird,0.818084,57.816548,3.583,0.587,hip2,HIP3821,
33856,,Unurgunite,7.028653,-27.934842,3.585,1.729,hip2,HIP33856,
76600,,,15.644273,-29.777689,3.600,-0.177,hip2,HIP76600,
35550,,Wasat,7.335386,21.982340,3.603,0.374,hip2,HIP35550,
113726,,Alfarasalkamil,23.032013,42.325979,3.604,-0.099,hip2,HIP113726,
86263,,,17.626451,-15.398408,3.607,0.262,hip2,HIP86263,
17847,,Atlas,3.819370,24.053524,3.608,-0.070,hip2,HIP17847,
2920,,Fulu,0.616185,53.896932,3.611,-0.196,hip2,HIP2920,
35350,,,7.301557,16.540475,3.615,0.106,hip2,HIP35350,
42828,,,8.726541,-33.186411,3.619,-0.180,hip2,HIP42828,
98337,,,19.979274,19.492093,3.622,1.571,hip2,HIP98337,
5364,,,1.143129,-10.181928,3.623,1.161,hip2,HIP5364,
22549,,,4.853435,5.605101,3.624,-0.157,hip2,HIP22549,
74666,,,15.258362,33.315102,3.627,0.961,hip2,HIP74666,
47508,,Subra,9.685866,9.892399,3.628,0.516,hip2,HIP47508,
8102,,,1.734758,-15.939556,3.630,0.727,hip2,HIP8102,
88714,,,18.110522,-50.091455,3.633,-0.101,hip2,HIP88714,
55219,,Alula Borealis,11.307988,33.094239,3.638,1.400,hip2,HIP55219,
33018,,,6.879817,33.961370,3.640,0.102,hip2,HIP33018,
81833,,,16.714927,38.922461,3.641,0.916,hip2,HIP81833,
68756,,Thuban,14.073174,64.375809,3.645,-0.049,hip2,HIP68756,
73555,,Nekkar,15.032443,40.390637,3.647,0.956,hip2,HIP73555,
22797,,,4.904193,2.440672,3.647,-0.179,hip2,HIP22797,
46651,,,9.511698,-40.466888,3.658,0.371,hip2,HIP46651,
89937,,,18.350650,72.733698,3.667,0.489,hip2,HIP89937,
112748,,Sadalbari,22.833361,24.601685,3.668,0.933,hip2,HIP112748,
112724,,,22.828031,66.200711,3.670,1.053,hip2,HIP112724,
40526,,Tarf,8.275264,9.185664,3.671,1.481,hip2,HIP40526,
17378,,Rana,3.720821,-9.765199,3.680,0.915,hip2,HIP17378,
26549,,,5.645768,-2.600066,3.681,-0.190,hip2,HIP26549,
77233,,Zhou,15.769782,15.421926,3.684,0.073,hip2,HIP77233,
57363,,,11.760158,-66.728844,3.684,0.160,hip2,HIP57363,
17499,,Electra,3.747923,24.113448,3.686,-0.105,hip2,HIP17499,
99240,,,20.144961,-66.179321,3.688,0.751,hip2,HIP99240,
93085,,,18.962161,-21.106624,3.688,1.151,hip2,HIP93085,
75177,,,15.363455,-36.261167,3.691,1.534,hip2,HIP75177,
27072,,,5.741104,-22.447487,3.698,0.481,hip2,HIP27072,
20889,,Ain,4.476926,19.180521,3.699,1.014,hip2,HIP20889,
56343,,,11.550072,-31.857524,3.703,0.947,hip2,HIP56343,
16083,,,3.452811,9.732772,3.708,-0.082,hip2,HIP16083,
26551,,,5.646007,-2.599686,3.710,-0.180,hip2,HIP26551,
57757,,Zavijava,11.844802,1.765377,3.714,0.518,hip2,HIP57757,
55282,,,11.322367,-14.779044,3.718,1.112,hip2,HIP55282,
37819,,,7.754251,-37.968599,3.720,1.706,hip2,HIP37819,
101769,,Rotanev,20.625797,14.595206,3.723,0.425,hip2,HIP101769,
37740,,,7.740797,24.398129,3.728,0.932,hip2,HIP37740,
15474,,,3.325269,-21.757943,3.730,1.614,hip2,HIP15474,
1562,,,0.323801,-8.823830,3.731,1.214,hip2,HIP1562,
60260,,Ginan,12.356059,-60.401370,3.732,1.389,hip2,HIP60260,
46733,,,9.525436,63.061795,3.733,0.360,hip2,HIP46733,
71053,,,14.530516,30.371145,3.733,1.298,hip2,HIP71053,
72220,,,14.770831,1.892938,3.737,-0.005,hip2,HIP72220,
75695,,Nusakan,15.463848,29.105492,3.737,0.319,hip2,HIP75695,
100064,,Algedi,20.300894,-12.544859,3.739,0.883,hip2,HIP100064,
37229,,,7.647189,-26.803890,3.744,-0.159,hip2,HIP37229,
68245,,,13.971190,-42.100705,3.745,-0.224,hip2,HIP68245,
110960,,,22.480500,-0.020065,3.745,0.406,hip2,HIP110960,
76470,,,15.617072,-28.135071,3.747,1.361,hip2,HIP76470,
86414,,,17.657748,46.006322,3.750,-0.179,hip2,HIP86414,
7607,,Nembus,1.633195,48.628486,3.752,1.275,hip2,HIP7607,
77622,,,15.846914,4.477580,3.755,0.147,hip2,HIP77622,
88771,,,18.122506,9.563654,3.764,0.159,hip2,HIP88771,
87108,,Bake-eo (or Bake Eo),17.798215,2.707459,3.764,0.043,hip2,HIP87108,
101958,,Sualocin,20.660626,15.912053,3.765,-0.057,hip2,HIP101958,
82729,,,16.909751,-42.360759,3.765,1.393,hip2,HIP82729,
106985,,Nashira,21.668151,-16.662253,3.766,0.320,hip2,HIP106985,
63613,,,13.037716,-71.548799,3.770,1.190,hip2,HIP63613,
15900,,,3.413566,9.029064,3.770,0.887,hip2,HIP15900,
86929,,,17.762223,-64.723735,3.770,1.161,hip2,HIP86929,
49841,,,10.176499,-12.353839,3.775,1.007,hip2,HIP49841,
6537,,,1.400403,-8.182754,3.776,1.065,hip2,HIP6537,
102618,,Albali,20.794592,-9.495690,3.782,0.000,hip2,HIP102618,
111169,,Stellio,22.521493,50.282450,3.782,0.031,hip2,HIP111169,
68282,,,13.977992,-44.803531,3.788,-0.208,hip2,HIP68282,
28103,,,5.940088,-14.168038,3.789,0.337,hip2,HIP28103,
61199,,,12.541142,-72.132976,3.790,-0.157,hip2,HIP61199,
7097,,Alpherg,1.524721,15.345831,3.791,0.974,hip2,HIP7097,
30867,,,6.480298,-7.033052,3.792,-0.113,hip2,HIP30867,
51624,,Shaomin,10.546854,9.306594,3.796,-0.148,hip2,HIP51624,
71795,,,14.685811,13.728332,3.797,0.044,hip2,HIP71795,
43783,,,8.917462,-60.644712,3.805,-0.104,hip2,HIP43783,
112961,,,22.876907,-7.579679,3.807,1.626,hip2,HIP112961,
78104,,Iklil,15.948080,-29.214012,3.809,-0.199,hip2,HIP78104,
20205,,Prima Hyadum,4.329871,15.627700,3.812,0.981,hip2,HIP20205,
80170,,,16.365345,19.153022,3.812,0.299,hip2,HIP80170,
95853,,,19.495094,51.729467,3.814,0.148,hip2,HIP95853,
104887,,,21.246485,38.044321,3.823,0.393,hip2,HIP104887,
76952,,,15.712399,26.295514,3.823,0.020,hip2,HIP76952,
80883,,Marfik,16.515234,1.984101,3.825,0.022,hip2,HIP80883,
9487,,Alrescha,2.034111,2.763761,3.828,0.024,hip2,HIP9487,
45688,,,9.314074,36.802898,3.830,0.066,hip2,HIP45688,
103227,,,20.913494,-58.454095,3.834,1.250,hip2,HIP103227,
104060,,,21.082182,43.927851,3.834,1.609,hip2,HIP104060,
55425,,,11.350123,-54.491014,3.836,-0.157,hip2,HIP55425,
97365,,,19.789796,18.534259,3.836,1.313,hip2,HIP97365,
88794,,,18.125709,28.762470,3.838,-0.018,hip2,HIP88794,
61281,,,12.558067,69.788210,3.841,-0.116,hip2,HIP61281,
110395,,Sadachbia,22.360917,-1.387353,3.842,-0.057,hip2,HIP110395,
60823,,,12.467337,-50.230605,3.844,-0.192,hip2,HIP60823,
79992,,,16.329013,46.313271,3.847,-0.151,hip2,HIP79992,
48319,,,9.849914,59.039105,3.848,0.291,hip2,HIP48319,
114971,,,23.285970,3.282245,3.848,0.916,hip2,HIP114971,
114341,,Safina,23.157434,-21.172486,3.848,1.202,hip2,HIP114341,
9007,,,1.932453,-51.609587,3.851,0.844,hip2,HIP9007,
74376,,,15.198933,-48.737704,3.852,-0.029,hip2,HIP74376,
87933,,,17.962731,29.247925,3.853,0.935,hip2,HIP87933,
23453,,Saclateni,5.041300,41.075889,3.855,1.154,hip2,HIP23453,
57399,,Taiyangshou,11.767537,47.779337,3.855,1.181,hip2,HIP57399,
73807,,,15.085307,-47.051194,3.855,-0.144,hip2,HIP73807,
17448,,Atik,3.738646,32.288273,3.858,0.022,hip2,HIP17448,
8832,,,1.892157,19.294093,3.858,-0.047,hip2,HIP8832,
17573,,Maia,3.763776,24.367858,3.859,-0.063,hip2,HIP17573,
38414,,,7.870290,-40.575799,3.865,1.011,hip2,HIP38414,
16537,,Ran,3.549006,-9.458306,3.865,0.881,hip2,HIP16537,
50191,,,10.245632,-42.122063,3.865,0.051,hip2,HIP50191,
98036,,Alshain,19.921879,6.407933,3.867,0.855,hip2,HIP98036,
76276,,,15.580053,10.538859,3.868,0.268,hip2,HIP76276,
109176,,,22.116798,25.345046,3.868,0.435,hip2,HIP109176,
21444,,,4.605317,-3.352448,3.871,-0.210,hip2,HIP21444,
45336,,,9.239387,2.315025,3.871,-0.060,hip2,HIP45336,
17529,,,3.753234,42.578545,3.872,0.425,hip2,HIP17529,
89341,,Polis,18.229391,-21.058831,3.873,0.195,hip2,HIP89341,
61622,,,12.628424,-48.541288,3.875,0.049,hip2,HIP61622,
82363,,,16.829753,-59.041317,3.876,1.562,hip2,HIP82363,
28358,,,5.992097,54.284982,3.890,1.010,hip2,HIP28358,
87585,,Grumium,17.892119,56.872452,3.895,1.177,hip2,HIP87585,
51232,,,10.464651,-58.739409,3.895,0.317,hip2,HIP51232,
13268,,Miram,2.844942,55.895529,3.896,1.690,hip2,HIP13268,
107089,,,21.691242,-77.389462,3.898,1.008,hip2,HIP107089,
41307,,,8.427686,-3.906365,3.899,-0.012,hip2,HIP41307,
60129,,Zaniah,12.331775,-0.666747,3.899,0.026,hip2,HIP60129,
45101,,,9.187991,-62.317016,3.900,-0.180,hip2,HIP45101,
43023,,,8.767126,-46.041539,3.901,0.015,hip2,HIP43023,
26069,,,5.560421,-62.489856,3.903,0.640,hip2,HIP26069,
4436,,,0.945860,38.499255,3.903,0.130,hip2,HIP4436,
8645,,Baten Kaitos,1.857670,-10.334945,3.907,1.136,hip2,HIP8645,
27321,,,5.788079,-51.066713,3.908,0.171,hip2,HIP27321,
59449,,,12.194209,-52.368416,3.909,-0.156,hip2,HIP59449,
51986,,,10.621738,-48.225616,3.910,0.300,hip2,HIP51986,
83207,,,17.004835,30.926339,3.911,-0.018,hip2,HIP83207,
99675,,,20.227195,46.741325,3.912,1.270,hip2,HIP99675,
107259,,Garnet Star,21.725126,58.780053,3.912,2.242,hip2,HIP107259,
56211,,Giausar,11.523413,69.331122,3.917,1.613,hip2,HIP56211,
18907,,,4.052605,5.989309,3.920,0.032,hip2,HIP18907,
44511,,,9.069256,-47.097714,3.921,1.174,hip2,HIP44511,
93683,,,19.078037,-21.741354,3.921,1.011,hip2,HIP93683,
5348,,Wurren,1.139739,-55.245833,3.922,-0.120,hip2,HIP5348,
105881,,,21.444452,-22.411378,3.925,1.002,hip2,HIP105881,
27654,,,5.855320,-20.877514,3.926,0.984,hip2,HIP27654,
42570,,,8.677104,-46.648755,3.929,0.670,hip2,HIP42570,
34481,,,7.145785,-70.499194,3.929,1.006,hip2,HIP34481,
95347,,Rukbat,19.398098,-40.615646,3.929,-0.105,hip2,HIP95347,
78933,,,16.113453,-20.669135,3.931,-0.046,hip2,HIP78933,
20455,,Secunda Hyadum,4.382230,17.542584,3.931,0.983,hip2,HIP20455,
41312,,,8.428957,-66.136520,3.932,1.132,hip2,HIP41312,
92862,,,18.922246,43.945893,3.935,1.397,hip2,HIP92862,
95241,,Arkab Prior,19.377302,-44.458911,3.936,-0.085,hip2,HIP95241,
53253,,,10.891546,-58.853265,3.941,0.945,hip2,HIP53253,
47854,,,9.754119,-62.507923,3.941,1.010,hip2,HIP47854,
71865,,,14.699337,-37.793424,3.942,-0.157,hip2,HIP71865,
78072,,,15.940832,15.664733,3.946,0.478,hip2,HIP78072,
103413,,,20.952892,41.167194,3.950,0.027,hip2,HIP103413,
36046,,,7.428799,27.798286,3.951,1.024,hip2,HIP36046,
94779,,,19.285031,53.368161,3.951,0.950,hip2,HIP94779,
53229,,Praecipua,10.888511,34.215566,3.953,1.040,hip2,HIP53229,
98495,,,20.009831,-72.910184,3.953,-0.032,hip2,HIP98495,
63003,,,12.909905,-57.177891,3.954,-0.180,hip2,HIP63003,
77634,,,15.849317,-33.627105,3.955,-0.045,hip2,HIP77634,
14668,,Misam,3.158230,44.857889,3.956,0.980,hip2,HIP14668,
51069,,,10.434863,-16.836096,3.957,1.456,hip2,HIP51069,
71957,,,14.717656,-5.657429,3.959,0.385,hip2,HIP71957,
9598,,,2.057275,72.421240,3.960,-0.002,hip2,HIP9598,
116584,,Udkadua,23.626030,46.459176,3.970,0.984,hip2,HIP116584,
22109,,,4.758373,-3.254625,3.970,-0.148,hip2,HIP22109,
88192,,,18.010754,2.931587,3.970,0.029,hip2,HIP88192,
21393,,Theemin,4.592520,-30.562311,3.973,0.957,hip2,HIP21393,
72370,,Paradys,14.797702,-79.044712,3.980,1.433,hip2,HIP72370,
8068,,,1.727671,50.688765,3.980,-0.098,hip2,HIP8068,
14879,,Dalim,3.201189,-28.989106,3.982,0.543,hip2,HIP14879,
35037,,,7.246850,-26.772686,3.985,-0.150,hip2,HIP35037,
19343,,,4.144354,47.712594,3.986,-0.025,hip2,HIP19343,
95168,,,19.361215,-17.847251,3.988,0.228,hip2,HIP95168,
30277,,,6.368568,-33.436273,3.993,0.858,hip2,HIP30277,
2072,,,0.436699,-43.679910,3.995,0.175,hip2,HIP2072,
60009,,,12.307304,-64.003046,3.995,-0.168,hip2,HIP60009,
71536,,,14.631459,-49.425758,3.996,-0.152,hip2,HIP71536,
97433,,,19.802837,70.267835,3.997,0.888,hip2,HIP97433,
101421,,Aldulfin,20.553546,11.303332,3.998,-0.123,hip2,HIP101421,
17440,,,3.736543,-64.807094,4.002,1.133,hip2,HIP17440,
74117,,,15.147397,-45.279795,4.002,-0.162,hip2,HIP74117,
20885,,,4.476231,15.962217,4.004,0.952,hip2,HIP20885,
33152,,,6.902210,-24.184223,4.005,1.740,hip2,HIP33152,
90139,,Tusizuo,18.394935,21.770342,4.005,1.168,hip2,HIP90139,
91117,,,18.586788,-8.243308,4.007,1.317,hip2,HIP91117,
79374,,Jabbah,16.199928,-19.460647,4.008,0.076,hip2,HIP79374,
12387,,,2.658041,0.328517,4.008,-0.212,hip2,HIP12387,
19747,,,4.233356,-42.293873,4.012,1.085,hip2,HIP19747,
37677,,,7.730131,-28.954835,4.015,0.160,hip2,HIP37677,
111497,,,22.589258,-0.117361,4.016,-0.083,hip2,HIP111497,
81065,,,16.557629,-78.896959,4.020,0.923,hip2,HIP81065,
10670,,,2.288565,33.847321,4.021,0.019,hip2,HIP10670,
21594,,Sceptrum,4.636353,-14.303587,4.025,1.082,hip2,HIP21594,
79664,,,16.257296,-63.685649,4.025,1.105,hip2,HIP79664,
87808,,,17.937550,37.250522,4.028,1.350,hip2,HIP87808,
18614,,Menkib,3.982750,35.791027,4.031,0.016,hip2,HIP18614,
38164,,,7.820639,-46.373227,4.031,-0.160,hip2,HIP38164,
25859,,,5.520204,-35.470436,4.031,1.130,hip2,HIP25859,
55642,,,11.398714,10.529698,4.033,0.423,hip2,HIP55642,
55434,,,11.352291,6.029353,4.035,-0.058,hip2,HIP55434,
70090,,,14.342633,-37.885267,4.038,-0.030,hip2,HIP70090,
104987,,Kitalpha,21.263721,5.248074,4.042,0.549,hip2,HIP104987,
97804,,,19.874545,1.005678,4.044,0.630,hip2,HIP97804,
765,,,0.156817,-45.746988,4.045,1.013,hip2,HIP765,
114421,,,23.172619,-45.246648,4.049,0.998,hip2,HIP114421,
48455,,Rasalas,9.879433,26.007085,4.050,1.222,hip2,HIP48455,
44382,,,9.040777,-66.395844,4.051,0.145,hip2,HIP44382,
59929,,,12.292955,-67.960672,4.051,1.603,hip2,HIP59929,
65477,,Alcor,13.420393,54.987999,4.051,0.169,hip2,HIP65477,
47431,,Ukdah,9.664259,-1.142658,4.052,1.313,hip2,HIP47431,
13701,,Azha,2.940446,-8.897610,4.058,1.088,hip2,HIP13701,
44248,,,9.010764,41.783442,4.059,0.463,hip2,HIP44248,
98110,,,19.938443,35.083491,4.062,1.019,hip2,HIP98110,
65936,,,13.517408,-39.407280,4.064,1.186,hip2,HIP65936,
76333,,Zubenelhakrabi,15.592094,-14.789554,4.067,1.007,hip2,HIP76333,
34045,,Muliphein,7.062637,-15.633258,4.074,-0.112,hip2,HIP34045,
50954,,,10.406595,-74.031545,4.075,0.369,hip2,HIP50954,
13531,,,2.904295,52.762489,4.076,0.758,hip2,HIP13531,
104139,,,21.099105,-17.232711,4.084,-0.010,hip2,HIP104139,
114996,,,23.290503,-58.235927,4.086,0.410,hip2,HIP114996,
46974,,,9.574073,-59.229768,4.087,-0.013,hip2,HIP46974,
54463,,,11.143165,-58.975042,4.089,1.225,hip2,HIP54463,
12394,,,2.659784,-68.266948,4.093,-0.061,hip2,HIP12394,
20535,,Beemim,4.400601,-34.016986,4.094,1.468,hip2,HIP20535,
99848,,,20.257866,47.714206,4.096,1.451,hip2,HIP99848,
11001,,,2.362506,-68.659424,4.098,0.034,hip2,HIP11001,
37447,,,7.687466,-9.551083,4.099,1.021,hip2,HIP37447,
7083,,,1.520828,-49.073077,4.099,0.972,hip2,HIP7083,
30883,,,6.482720,20.212167,4.099,-0.115,hip2,HIP30883,
59199,,Alchiba,12.140209,-24.728780,4.099,0.334,hip2,HIP59199,
67457,,,13.824098,-34.450631,4.101,1.520,hip2,HIP67457,
9347,,,2.000062,-21.077772,4.101,1.554,hip2,HIP9347,
101076,,,20.489925,30.368557,4.103,0.404,hip2,HIP101076,
42911,,Asellus Australis,8.744753,18.154864,4.104,1.083,hip2,HIP42911,
74824,,,15.291933,-58.800879,4.104,0.088,hip2,HIP74824,
37504,,,7.696999,-72.606135,4.107,1.033,hip2,HIP37504,
76127,,,15.548832,31.359155,4.112,-0.127,hip2,HIP76127,
115438,,,23.382861,-20.100345,4.118,1.082,hip2,HIP115438,
78527,,,16.031584,58.564437,4.119,0.528,hip2,HIP78527,
35228,,,7.280509,-67.957173,4.120,0.760,hip2,HIP35228,
31592,,,6.611389,-19.255709,4.120,1.037,hip2,HIP31592,
28328,,,5.985775,-42.815108,4.120,1.146,hip2,HIP28328,
118268,,,23.988501,6.863594,4.122,0.419,hip2,HIP118268,
116805,,Kaffalmusalsala,23.673456,44.333978,4.126,-0.071,hip2,HIP116805,
94114,,Meridiana,19.157855,-37.904240,4.126,0.042,hip2,HIP94114,
42515,,,8.668371,-35.308301,4.126,0.936,hip2,HIP42515,
55705,,,11.414718,-17.684017,4.127,0.216,hip2,HIP55705,
19587,,Beid,4.197759,-6.837779,4.128,0.327,hip2,HIP19587,
112440,,,22.775512,23.565679,4.132,1.070,hip2,HIP112440,
14146,,,3.039887,-23.624336,4.133,0.163,hip2,HIP14146,
27673,,,5.858165,39.148480,4.138,1.132,hip2,HIP27673,
57380,,,11.764325,6.529814,4.139,1.501,hip2,HIP57380,
110997,,,22.487821,-43.495554,4.139,1.021,hip2,HIP110997,
111043,,,22.495957,-43.749228,4.141,1.570,hip2,HIP111043,
106481,,,21.566354,45.592066,4.141,0.885,hip2,HIP106481,
29651,,,6.247593,-6.274728,4.146,1.319,hip2,HIP29651,
34922,,,7.225620,-44.640530,4.146,1.331,hip2,HIP34922,
40702,,,8.308685,-76.919982,4.149,0.413,hip2,HIP40702,
112716,,,22.826530,-13.592538,4.149,1.570,hip2,HIP112716,
88601,,,18.090892,2.502439,4.150,0.860,hip2,HIP88601,
42313,,,8.627613,5.703799,4.151,0.003,hip2,HIP42313,
70497,,,14.420005,51.851714,4.151,0.497,hip2,HIP70497,
85112,,,17.394715,37.145924,4.153,-0.011,hip2,HIP85112,
17608,,Merope,3.772100,23.948462,4.153,-0.051,hip2,HIP17608,
34769,,,7.197739,-0.492781,4.154,-0.005,hip2,HIP34769,
78918,,,16.109877,-36.802214,4.158,-0.184,hip2,HIP78918,
25813,,,5.513069,5.948218,4.159,-0.143,hip2,HIP25813,
67459,,,13.824638,15.797806,4.159,1.520,hip2,HIP67459,
111954,,,22.677590,-27.043615,4.159,-0.105,hip2,HIP111954,
92609,,,18.870288,-62.187561,4.166,-0.150,hip2,HIP92609,
91792,,,18.717259,-71.427729,4.167,1.134,hip2,HIP91792,
36962,,,7.598714,26.896003,4.168,1.540,hip2,HIP36962,
34088,,Mekbuda,7.068482,20.570299,4.169,0.899,hip2,HIP34088,
42312,,,8.627400,-42.989104,4.170,0.109,hip2,HIP42312,
14632,,,3.150801,49.613500,4.176,0.595,hip2,HIP14632,
80000,,,16.330713,-50.155379,4.176,1.080,hip2,HIP80000,
93429,,,19.028011,-5.739018,4.178,1.079,hip2,HIP93429,
28614,,,6.039720,9.647368,4.179,0.170,hip2,HIP28614,
43409,,,8.842225,-27.710059,4.179,1.272,hip2,HIP43409,
80911,,,16.523039,-34.704321,4.182,-0.168,hip2,HIP80911,
23522,,,5.056971,60.442281,4.184,0.921,hip2,HIP23522,
93244,,,18.993719,15.068478,4.184,1.082,hip2,HIP93244,
69701,,Syrma,14.266912,-5.999526,4.185,0.510,hip2,HIP69701,
38518,,,7.888379,-48.102948,4.186,-0.130,hip2,HIP38518,
77450,,Gudja,15.812336,18.141779,4.193,1.616,hip2,HIP77450,
23972,,,5.152440,-8.754076,4.194,-0.187,hip2,HIP23972,
112405,,,22.767701,-81.381617,4.196,0.208,hip2,HIP112405,
43103,,,8.778287,28.760005,4.199,1.007,hip2,HIP43103,
11407,,,2.449751,-47.703827,4.200,-0.136,hip2,HIP11407,
89908,,,18.345956,71.337727,4.200,-0.093,hip2,HIP89908,
107533,,,21.779891,49.309575,4.202,-0.120,hip2,HIP107533,
24845,,,5.326257,-13.176777,4.202,-0.235,hip2,HIP24845,
81126,,,16.568386,42.436896,4.202,-0.013,hip2,HIP81126,
83153,,,16.993069,-53.160490,4.202,1.452,hip2,HIP83153,
60000,,,12.305818,-79.312269,4.204,-0.123,hip2,HIP60000,
72010,,,14.727634,-35.173225,4.205,1.356,hip2,HIP72010,
64004,,,13.115184,-49.906216,4.206,-0.182,hip2,HIP64004,
12770,,,2.735376,-13.858676,4.207,-0.122,hip2,HIP12770,
69732,,Xuange,14.273105,46.087919,4.207,0.087,hip2,HIP69732,
33160,,,6.903189,-12.038592,4.209,1.418,hip2,HIP33160,
12777,,,2.736580,49.228666,4.210,0.514,hip2,HIP12777,
42884,,,8.739991,-42.649323,4.210,0.874,hip2,HIP42884,
51839,,,10.591172,-78.607814,4.210,1.580,hip2,HIP51839,
2599,,,0.549996,62.931788,4.210,0.130,hip2,HIP2599,
7513,,Titawin,1.613327,41.406385,4.212,0.536,hip2,HIP7513,
92791,,,18.908414,36.898605,4.218,1.575,hip2,HIP92791,
102978,,,20.863693,-26.919126,4.220,1.633,hip2,HIP102978,
59072,,,12.114681,-64.613639,4.222,0.353,hip2,HIP59072,
74911,,,15.308902,-47.875191,4.223,-0.086,hip2,HIP74911,
79101,,,16.146166,44.934818,4.223,-0.045,hip2,HIP79101,
42799,,,8.720413,3.398666,4.227,-0.192,hip2,HIP42799,
102485,,,20.768268,-25.270517,4.232,0.426,hip2,HIP102485,
85340,,,17.439505,-24.175024,4.233,0.283,hip2,HIP85340,
107354,,,21.744084,25.645003,4.235,0.425,hip2,HIP107354,
5434,,,1.158367,47.241824,4.235,0.012,hip2,HIP5434,
26366,,,5.615092,9.291412,4.235,0.951,hip2,HIP26366,
22957,,,4.939534,13.514578,4.236,1.158,hip2,HIP22957,
16611,,,3.563124,-21.632816,4.236,-0.106,hip2,HIP16611,
21881,,,4.704084,22.956976,4.237,-0.112,hip2,HIP21881,
116771,,,23.665783,5.627354,4.237,0.507,hip2,HIP116771,
53740,,Alkes,10.996319,-18.299097,4.246,1.079,hip2,HIP53740,
36366,,,7.485169,31.784079,4.247,0.320,hip2,HIP36366,
105502,,,21.368093,19.804356,4.248,1.108,hip2,HIP105502,
3693,,Shimu,0.788997,24.267377,4.249,1.100,hip2,HIP3693,
57936,,,11.881823,-33.908130,4.252,-0.100,hip2,HIP57936,
20635,,,4.422805,22.293981,4.257,0.136,hip2,HIP20635,
109857,,,22.250466,57.043465,4.258,0.278,hip2,HIP109857,
31125,,,6.530936,-23.418437,4.259,-0.245,hip2,HIP31125,
4577,,,0.976763,-29.357464,4.263,-0.154,hip2,HIP4577,
116631,,Rasalnaqa,23.635605,43.268076,4.264,-0.083,hip2,HIP116631,
109139,,,22.107279,-13.869540,4.265,-0.075,hip2,HIP109139,
19860,,,4.258901,8.892410,4.266,-0.054,hip2,HIP19860,
57439,,,11.775236,-61.178359,4.266,0.895,hip2,HIP57439,
90568,,,18.480482,-49.070031,4.266,0.995,hip2,HIP90568,
105102,,,21.290265,39.394690,4.268,0.098,hip2,HIP105102,
17797,,,3.809951,-37.620128,4.270,-0.038,hip2,HIP17797,
101093,,,20.493008,62.994137,4.271,0.199,hip2,HIP101093,
57669,,,11.828080,-63.788490,4.272,-0.149,hip2,HIP57669,
17531,,Taygeta,3.753467,24.467379,4.272,-0.110,hip2,HIP17531,
11484,,,2.469311,8.460089,4.272,-0.053,hip2,HIP11484,
48356,,Zhang,9.857967,-14.846550,4.272,0.918,hip2,HIP48356,
94160,,,19.167153,-39.340707,4.273,1.163,hip2,HIP94160,
76440,,,15.611996,-66.316905,4.274,1.161,hip2,HIP76440,
12486,,,2.677759,-39.855309,4.275,1.006,hip2,HIP12486,
86565,,,17.690255,-12.875173,4.276,0.086,hip2,HIP86565,
67669,,,13.863785,-32.994017,4.276,-0.146,hip2,HIP67669,
110991,,,22.486180,58.415190,4.277,0.778,hip2,HIP110991,
98032,,,19.921022,-41.868413,4.277,1.063,hip2,HIP98032,
113638,,,23.014687,-52.754106,4.277,0.960,hip2,HIP113638,
68520,,,14.027440,1.544584,4.278,0.121,hip2,HIP68520,
19167,,,4.109738,50.351350,4.280,-0.011,hip2,HIP19167,
58948,,,12.086853,8.732846,4.280,0.967,hip2,HIP58948,
42568,,,8.676954,-59.761015,4.281,-0.117,hip2,HIP42568,
72683,,,14.860645,-43.575294,4.282,-0.154,hip2,HIP72683,
81304,,,16.606239,-35.255355,4.283,1.535,hip2,HIP81304,
19812,,,4.248294,48.409373,4.287,0.935,hip2,HIP19812,
80569,,,16.450400,-18.456197,4.287,0.217,hip2,HIP80569,
68862,,,14.100774,-41.179580,4.287,-0.198,hip2,HIP68862,
109937,,,22.266158,37.748735,4.290,1.447,hip2,HIP109937,
16826,,,3.608156,48.192701,4.293,-0.058,hip2,HIP16826,
77853,,,15.897077,-16.729622,4.293,1.003,hip2,HIP77853,
22783,,,4.900836,66.342660,4.294,-0.008,hip2,HIP22783,
25247,,,5.399121,-7.807955,4.295,0.943,hip2,HIP25247,
78159,,,15.959806,26.878026,4.299,1.231,hip2,HIP78159,
92043,,,18.761036,20.547123,4.299,0.483,hip2,HIP92043,
111188,,,22.525080,-32.346028,4.300,0.011,hip2,HIP111188,
21402,,,4.594232,10.160917,4.301,0.184,hip2,HIP21402,
88886,,Ramus,18.145970,20.814572,4.301,-0.164,hip2,HIP88886,
44066,,Acubens,8.974777,11.857772,4.302,0.141,hip2,HIP44066,
112447,,,22.778178,12.174084,4.306,0.501,hip2,HIP112447,
77055,,,15.734296,77.794499,4.306,0.038,hip2,HIP77055,
16369,,,3.514546,12.936681,4.308,1.112,hip2,HIP16369,
13254,,,2.843032,38.318908,4.308,0.343,hip2,HIP13254,
16228,,,3.484482,59.940335,4.309,0.419,hip2,HIP16228,
28199,,,5.958948,-35.283307,4.309,-0.165,hip2,HIP28199,
2912,,,0.614677,33.719353,4.310,-0.123,hip2,HIP2912,
39794,,,8.132178,-68.617136,4.311,-0.113,hip2,HIP39794,
98412,,,19.995604,-35.276244,4.311,-0.150,hip2,HIP98412,
28404,,,5.998917,45.936753,4.311,1.701,hip2,HIP28404,
93825,,,19.106955,-37.062757,4.312,0.523,hip2,HIP93825,
21589,,,4.635945,12.510874,4.314,0.122,hip2,HIP21589,
114724,,,23.238703,-6.048527,4.315,1.545,hip2,HIP114724,
62896,,,12.890596,-40.178819,4.316,0.224,hip2,HIP62896,
17651,,,3.780830,-23.248438,4.316,0.434,hip2,HIP17651,
67153,,,13.761546,-33.043366,4.319,0.390,hip2,HIP67153,
28734,,,6.068671,23.263632,4.320,0.835,hip2,HIP28734,
20648,,,4.424810,17.927989,4.321,0.049,hip2,HIP20648,
99655,,,20.223278,56.567522,4.322,0.114,hip2,HIP99655,
53417,,,10.926902,24.749755,4.324,0.016,hip2,HIP53417,
69427,,Kang,14.214928,-10.274044,4.325,1.323,hip2,HIP69427,
96468,,,19.612021,-1.286551,4.327,-0.079,hip2,HIP96468,
17874,,,3.824245,-36.200113,4.328,0.927,hip2,HIP17874,
105858,,,21.440692,-65.368144,4.330,0.494,hip2,HIP105858,
2484,,,0.525711,-62.958086,4.333,-0.064,hip2,HIP2484,
24327,,,5.220524,-12.941289,4.333,-0.094,hip2,HIP24327,
35415,,,7.311802,-24.954385,4.333,-0.132,hip2,HIP35415,
110003,,Ancha,22.280546,-7.783237,4.333,0.979,hip2,HIP110003,
107380,,,21.749108,-33.025553,4.334,-0.053,hip2,HIP107380,
19893,,,4.267081,-51.487096,4.334,0.312,hip2,HIP19893,
25945,,,5.536875,18.594245,4.335,2.060,hip2,HIP25945,
82673,,,16.900140,10.165443,4.340,-0.088,hip2,HIP82673,
38835,,,7.947655,-22.880148,4.340,0.718,hip2,HIP38835,
12828,,,2.748993,10.114220,4.344,0.311,hip2,HIP12828,
1599,,,0.333865,-64.877623,4.344,0.576,hip2,HIP1599,
26176,,,5.580344,9.489585,4.345,-0.157,hip2,HIP26176,
43234,,,8.807217,5.837885,4.346,-0.044,hip2,HIP43234,
84880,,,17.347121,-12.846882,4.350,0.037,hip2,HIP84880,
88267,,Bodu,18.025112,21.595689,4.351,0.406,hip2,HIP88267,
95294,,Arkab Posterior,19.386961,-44.799648,4.351,0.350,hip2,HIP95294,
116231,,,23.549497,-37.818359,4.352,-0.095,hip2,HIP116231,
70300,,,14.383960,-39.511766,4.352,-0.185,hip2,HIP70300,
108917,,Kurhah,22.063100,64.627754,4.352,0.379,hip2,HIP108917,
39906,,,8.150457,-19.245001,4.353,-0.160,hip2,HIP39906,
20711,,,4.438443,22.813694,4.356,0.263,hip2,HIP20711,
29038,,,6.126200,14.768523,4.359,-0.164,hip2,HIP29038,
94481,,Aladfar,19.229302,39.145970,4.359,-0.150,hip2,HIP94481,
51233,,,10.464748,36.707478,4.360,0.908,hip2,HIP51233,
64394,,,13.198034,27.876038,4.361,0.572,hip2,HIP64394,
115033,,,23.298390,-9.182490,4.361,-0.144,hip2,HIP115033,
70069,,,14.338765,-56.386479,4.363,0.082,hip2,HIP70069,
85822,,Yildun,17.536916,86.586329,4.364,0.021,hip2,HIP85822,
41075,,Alsciaukat,8.380592,43.188372,4.365,1.550,hip2,HIP41075,
22509,,,4.843534,8.900253,4.367,0.010,hip2,HIP22509,
82080,,,16.766155,82.037250,4.368,0.897,hip2,HIP82080,
113246,,,22.932470,-32.539702,4.368,0.952,hip2,HIP113246,
61317,,Chara,12.562526,41.356768,4.368,0.588,hip2,HIP61317,
33347,,,6.935618,-17.054247,4.369,-0.063,hip2,HIP33347,
64238,,,13.165837,-5.538929,4.369,-0.008,hip2,HIP64238,
3405,,,0.722568,-57.463098,4.370,0.024,hip2,HIP3405,
31407,,,6.582941,-52.975634,4.371,-0.021,hip2,HIP31407,
71121,,,14.543634,-50.457121,4.371,-0.177,hip2,HIP71121,
99255,,,20.148143,77.711362,4.371,-0.046,hip2,HIP99255,
85423,,,17.455907,-29.866700,4.374,0.402,hip2,HIP85423,
105138,,,21.298630,34.896881,4.374,-0.103,hip2,HIP105138,
102453,,,20.761044,30.719657,4.375,1.051,hip2,HIP102453,
21763,,,4.674026,-19.671257,4.376,1.599,hip2,HIP21763,
38957,,,7.970679,-49.244928,4.377,-0.180,hip2,HIP38957,
34981,,,7.237560,-26.352516,4.379,-0.170,hip2,HIP34981,
92175,,,18.786244,-4.747829,4.380,1.087,hip2,HIP92175,
52633,,,10.763093,-80.540203,4.382,-0.188,hip2,HIP52633,
75411,,Alkalurops,15.408204,37.376961,4.383,0.309,hip2,HIP75411,
61174,,,12.534579,-16.195865,4.385,0.388,hip2,HIP61174,
109410,,,22.166459,33.178268,4.385,0.471,hip2,HIP109410,
58758,,,12.050472,-63.312945,4.386,0.280,hip2,HIP58758,
5542,,,1.184981,55.149948,4.387,0.170,hip2,HIP5542,
114131,,,23.114658,-43.520324,4.388,0.423,hip2,HIP114131,
70692,,,14.458756,75.695939,4.388,1.431,hip2,HIP70692,
92161,,,18.783673,18.181230,4.389,0.148,hip2,HIP92161,
107418,,,21.757480,61.120811,4.391,0.474,hip2,HIP107418,
27100,,,5.746228,-65.735541,4.393,0.217,hip2,HIP27100,
21476,,,4.611509,41.264855,4.395,1.171,hip2,HIP21476,
15510,,,3.331451,-43.071549,4.395,0.711,hip2,HIP15510,
47175,,,9.613794,-49.355129,4.395,0.173,hip2,HIP47175,
81852,,,16.718172,-77.516572,4.395,1.060,hip2,HIP81852,
37629,,,7.721857,28.884072,4.396,1.118,hip2,HIP37629,
17884,,,3.825357,65.526006,4.398,1.870,hip2,HIP17884,
29426,,,6.198999,14.208814,4.399,-0.180,hip2,HIP29426,
91971,,,18.746204,37.605050,4.399,0.192,hip2,HIP91971,
88866,,,18.142997,-63.668048,4.399,0.228,hip2,HIP88866,
59173,,,12.134793,-50.661254,4.402,-0.163,hip2,HIP59173,
5372,,,1.145600,86.257118,4.406,1.213,hip2,HIP5372,
114855,,,23.264799,-9.087696,4.409,1.107,hip2,HIP114855,
8837,,,1.894117,-46.302446,4.410,1.597,hip2,HIP8837,
16852,,,3.614589,0.402833,4.410,0.575,hip2,HIP16852,
51172,,,10.452543,-31.067802,4.411,1.429,hip2,HIP51172,
100027,,,20.294127,-12.508214,4.411,0.928,hip2,HIP100027,
154,,,0.032664,-6.013971,4.412,1.631,hip2,HIP154,
53773,,,11.002568,-42.225869,4.415,0.116,hip2,HIP53773,
30788,,,6.469505,-32.580129,4.419,-0.169,hip2,HIP30788,
46750,,Alterf,9.528678,22.968065,4.425,1.541,hip2,HIP46750,
47193,,,9.618153,81.326421,4.426,1.488,hip2,HIP47193,
24244,,,5.204969,-11.869143,4.426,-0.099,hip2,HIP24244,
4906,,,1.049071,7.890073,4.427,0.952,hip2,HIP4906,
8198,,Torcular,1.756552,9.157641,4.427,0.942,hip2,HIP8198,
86170,,,17.609124,-38.634868,4.427,1.075,hip2,HIP86170,
111022,,,22.492173,47.706895,4.428,1.679,hip2,HIP111022,
38455,,,7.877404,-38.862822,4.429,-0.188,hip2,HIP38455,
64241,,Diadem,13.166542,17.529112,4.429,0.455,hip2,HIP64241,
53954,,,11.038828,20.179746,4.430,0.053,hip2,HIP53954,
45496,,,9.270028,-57.541438,4.436,1.602,hip2,HIP45496,
102532,,,20.777644,16.124775,4.436,1.042,hip2,HIP102532,
22701,,,4.881578,-5.452756,4.437,0.257,hip2,HIP22701,
70576,,,14.436334,-45.379261,4.439,0.434,hip2,HIP70576,
105515,,,21.370771,-16.834555,4.439,0.888,hip2,HIP105515,
115830,,,23.466158,6.379097,4.440,1.062,hip2,HIP115830,
43105,,,8.778489,-56.769797,4.440,-0.169,hip2,HIP43105,
38070,,,7.801437,-25.937180,4.443,-0.070,hip2,HIP38070,
80894,,,16.518999,-16.612640,4.444,0.924,hip2,HIP80894,
106723,,,21.618006,-19.466014,4.446,-0.180,hip2,HIP106723,
105319,,,21.331079,-53.449264,4.446,0.191,hip2,HIP105319,
23040,,,4.954783,53.752083,4.447,-0.017,hip2,HIP23040,
52154,,,10.655115,-55.603279,4.450,1.025,hip2,HIP52154,
50676,,,10.348560,-56.043224,4.451,-0.102,hip2,HIP50676,
98688,,,20.044294,-27.709880,4.451,1.640,hip2,HIP98688,
88290,,,18.029219,1.305109,4.452,0.046,hip2,HIP88290,
113889,,Fumalsamakah,23.064613,3.820070,4.453,-0.115,hip2,HIP113889,
30419,,,6.396138,4.592839,4.456,0.215,hip2,HIP30419,
36284,,,7.469397,8.925504,4.459,1.425,hip2,HIP36284,
30060,,,6.327053,59.010905,4.459,0.032,hip2,HIP30060,
3504,,,0.745417,48.284382,4.463,-0.069,hip2,HIP3504,
68523,,,14.028748,-45.603371,4.463,0.598,hip2,HIP68523,
78990,,,16.123417,-20.868654,4.465,0.831,hip2,HIP78990,
84405,,Guniibuu,17.255913,-26.600048,4.465,0.855,hip2,HIP84405,
43067,,,8.772924,-13.547705,4.466,0.900,hip2,HIP43067,
70638,,,14.448817,-83.667853,4.467,1.300,hip2,HIP70638,
56647,,,11.615814,-0.823854,4.467,0.983,hip2,HIP56647,
112948,,,22.875433,-32.875450,4.467,-0.037,hip2,HIP112948,
84893,,,17.350058,-21.112435,4.470,0.394,hip2,HIP84893,
101847,,,20.638965,-1.105080,4.474,0.949,hip2,HIP101847,
118322,,,23.998586,-65.577078,4.476,-0.075,hip2,HIP118322,
65271,,,13.377217,-60.988356,4.477,-0.141,hip2,HIP65271,
54682,,,11.194302,-22.825606,4.478,0.025,hip2,HIP54682,
108431,,,21.965286,-54.992567,4.478,0.297,hip2,HIP108431,
76552,,,15.634256,-42.567485,4.479,1.412,hip2,HIP76552,
62867,,,12.885271,-48.943253,4.479,1.344,hip2,HIP62867,
49641,,,10.132304,-0.371628,4.480,-0.032,hip2,HIP49641,
116971,,,23.712024,-14.544742,4.480,-0.032,hip2,HIP116971,
110838,,,22.455520,-64.966379,4.482,-0.029,hip2,HIP110838,
85355,,,17.441911,4.140342,4.483,1.480,hip2,HIP85355,
80704,,,16.477368,41.881690,4.484,1.289,hip2,HIP80704,
3881,,,0.830230,41.078955,4.485,-0.136,hip2,HIP3881,
80975,,,16.535607,-21.466478,4.486,0.130,hip2,HIP80975,
29696,,,6.256316,29.498712,4.487,1.021,hip2,HIP29696,
75304,,,15.385934,-36.858436,4.487,-0.155,hip2,HIP75304,
90098,,,18.387117,-61.493905,4.487,1.462,hip2,HIP90098,
87998,,,17.975042,30.189269,4.489,0.380,hip2,HIP87998,
76371,,,15.598129,-44.958337,4.491,-0.175,hip2,HIP76371,
111104,,,22.508128,43.123390,4.491,-0.086,hip2,HIP111104,
47391,,,9.655845,-61.328105,4.492,-0.070,hip2,HIP47391,
102624,,,20.795622,-5.027603,4.492,1.639,hip2,HIP102624,
26594,,,5.653096,4.121467,4.494,-0.098,hip2,HIP26594,
16335,,,3.509578,47.995172,4.495,1.367,hip2,HIP16335,
47006,,,9.580415,52.051568,4.495,0.027,hip2,HIP47006,
89826,,,18.331034,36.064447,4.495,1.162,hip2,HIP89826,
3031,,,0.642639,29.312369,4.499,0.871,hip2,HIP3031,
93015,,,18.949178,-67.233535,4.500,0.530,hip2,HIP93015,
31216,,,6.548397,7.332979,4.502,0.023,hip2,HIP31216,
33449,,,6.954611,58.423060,4.502,0.850,hip2,HIP33449,
40706,,,8.309276,-36.659533,4.502,0.222,hip2,HIP40706,
71762,,,14.678767,16.418302,4.504,-0.002,hip2,HIP71762,
102281,,,20.724318,15.074682,4.504,0.302,hip2,HIP102281,
37096,,,7.622811,-34.968570,4.506,-0.081,hip2,HIP37096,
115669,,,23.434116,-20.641861,4.508,1.460,hip2,HIP115669,
70574,,,14.435621,-45.221390,4.509,-0.147,hip2,HIP70574,
40888,,,8.344136,-77.484576,4.510,1.161,hip2,HIP40888,
107348,,,21.741858,17.350043,4.510,1.161,hip2,HIP107348,
25473,,,5.447286,3.095677,4.511,-0.199,hip2,HIP25473,
49637,,Yunü (Yunu),10.131755,9.997664,4.511,1.448,hip2,HIP49637,
14838,,Botein,3.193797,19.726698,4.512,1.033,hip2,HIP14838,
80582,,,16.453069,-47.554736,4.513,-0.070,hip2,HIP80582,
11569,,,2.484441,67.402384,4.513,0.153,hip2,HIP11569,
18744,,,4.014946,-62.159369,4.514,1.500,hip2,HIP18744,
60742,,,12.448980,28.268620,4.516,1.128,hip2,HIP60742,
55084,,,11.277712,-3.651514,4.516,0.210,hip2,HIP55084,
10324,,,2.216670,8.846753,4.517,0.878,hip2,HIP10324,
26237,,,5.589767,-4.838341,4.518,-0.183,hip2,HIP26237,
94713,,,19.272804,38.133728,4.518,1.258,hip2,HIP94713,
74392,,,15.203698,-19.791631,4.518,-0.071,hip2,HIP74392,
110351,,,22.350425,46.536565,4.520,-0.100,hip2,HIP110351,
25923,,,5.532183,-7.301526,4.520,-0.261,hip2,HIP25923,
74857,,,15.297179,-30.148662,4.520,1.100,hip2,HIP74857,
102589,,,20.790146,36.490737,4.521,-0.083,hip2,HIP102589,
27913,,,5.906412,20.276415,4.522,0.594,hip2,HIP27913,
39863,,,8.143238,-2.983777,4.522,0.970,hip2,HIP39863,
109285,,,22.139709,-32.988398,4.523,0.054,hip2,HIP109285,
17593,,,3.769028,-12.101735,4.524,1.604,hip2,HIP17593,
19038,,,4.078238,22.082068,4.524,1.064,hip2,HIP19038,
1170,,,0.244009,-18.932686,4.526,1.640,hip2,HIP1170,
79404,,,16.205059,-27.926316,4.528,-0.172,hip2,HIP79404,
96757,,Sham,19.668273,18.013938,4.528,0.777,hip2,HIP96757,
21770,,,4.676062,-41.863570,4.529,0.342,hip2,HIP21770,
31416,,,6.584272,-22.964833,4.533,-0.035,hip2,HIP31416,
76852,,,15.692526,19.670506,4.534,0.062,hip2,HIP76852,
44901,,,9.147885,51.604727,4.535,0.288,hip2,HIP44901,
29807,,,6.275871,-35.140731,4.537,0.978,hip2,HIP29807,
301,,,0.062326,-17.335970,4.537,-0.047,hip2,HIP301,
75323,,,15.389627,-59.320698,4.537,0.169,hip2,HIP75323,
49593,,,10.123813,35.244692,4.537,0.190,hip2,HIP49593,
1473,,,0.305474,36.785327,4.538,0.054,hip2,HIP1473,
114222,,,23.131622,75.387581,4.542,0.802,hip2,HIP114222,
95771,,Anser,19.478447,24.665165,4.542,1.502,hip2,HIP95771,
77257,,,15.774096,7.353240,4.543,0.604,hip2,HIP77257,
39311,,,8.037765,2.334314,4.544,1.252,hip2,HIP39311,
38500,,,7.884345,-49.613079,4.544,-0.228,hip2,HIP38500,
85693,,Maasym,17.512305,26.110604,4.546,1.434,hip2,HIP85693,
71284,,,14.577970,29.744807,4.547,0.364,hip2,HIP71284,
36795,,,7.567557,-22.296180,4.550,0.521,hip2,HIP36795,
9480,,,2.032653,70.907046,4.550,0.164,hip2,HIP9480,
64425,,,13.204897,-59.920537,4.550,-0.073,hip2,HIP64425,
73165,,,14.953071,-4.346087,4.552,0.318,hip2,HIP73165,
96837,,,19.684148,17.476124,4.552,1.041,hip2,HIP96837,
20713,,,4.439075,15.618346,4.552,0.262,hip2,HIP20713,
115623,,Alkarab,23.422961,23.404012,4.552,0.617,hip2,HIP115623,
2487,,,0.525932,-62.965450,4.553,0.147,hip2,HIP2487,
31978,,,6.682961,9.895760,4.555,-0.233,hip2,HIP31978,
3786,,,0.811360,7.585202,4.556,1.500,hip2,HIP3786,
116928,,,23.700801,1.780417,4.558,0.200,hip2,HIP116928,
73620,,,15.048353,2.091272,4.558,1.026,hip2,HIP73620,
40091,,,8.189306,-39.618553,4.559,1.590,hip2,HIP40091,
4463,,Kui,0.953452,23.417760,4.560,0.940,hip2,HIP4463,
34693,,,7.185664,30.245281,4.560,1.261,hip2,HIP34693,
72571,,Solitaire,14.838185,-27.960220,4.561,1.366,hip2,HIP72571,
27830,,,5.888790,27.612285,4.561,-0.008,hip2,HIP27830,
19849,,Keid,4.254900,-7.644559,4.561,0.820,hip2,HIP19849,
69974,,Khambalia,14.318501,-13.371166,4.562,0.128,hip2,HIP69974,
34834,,,7.209372,-46.759565,4.564,0.324,hip2,HIP34834,
86092,,,17.594337,-46.505591,4.565,-0.020,hip2,HIP86092,
63007,,,12.910894,-59.146665,4.566,-0.153,hip2,HIP63007,
32761,,,6.830921,-53.622492,4.568,0.899,hip2,HIP32761,
97886,,,19.891022,24.079526,4.568,-0.047,hip2,HIP97886,
69483,,,14.224708,51.789991,4.571,0.233,hip2,HIP69483,
12843,,,2.751662,-18.572650,4.572,0.481,hip2,HIP12843,
49402,,,10.085415,-13.064674,4.574,-0.087,hip2,HIP49402,
95176,,,19.362117,-15.955002,4.574,0.079,hip2,HIP95176,
62327,,,12.772986,-56.488780,4.576,-0.150,hip2,HIP62327,
77840,,,15.893536,-25.327080,4.576,-0.073,hip2,HIP77840,
96465,,,19.611775,-24.883567,4.576,-0.075,hip2,HIP96465,
44191,,,9.001511,-41.253738,4.577,0.646,hip2,HIP44191,
115102,,,23.313730,-32.531836,4.578,1.109,hip2,HIP115102,
96441,,,19.607373,50.220463,4.579,0.395,hip2,HIP96441,
100587,,,20.397666,32.190186,4.580,1.331,hip2,HIP100587,
73199,,,14.959755,65.932381,4.581,1.590,hip2,HIP73199,
48402,,,9.868433,54.064286,4.581,0.038,hip2,HIP48402,
80463,,Cujam,16.423592,14.033415,4.582,0.002,hip2,HIP80463,
102333,,,20.733941,-51.920840,4.584,0.278,hip2,HIP102333,
117452,,,23.815411,-28.130015,4.587,0.001,hip2,HIP117452,
110538,,,22.392677,52.229500,4.587,1.015,hip2,HIP110538,
40326,,,8.234135,-40.347730,4.587,1.170,hip2,HIP40326,
90797,,,18.522896,-62.278191,4.588,-0.116,hip2,HIP90797,
7884,,,1.690530,5.487605,4.591,1.347,hip2,HIP7884,
46776,,,9.533037,-1.184654,4.593,0.109,hip2,HIP46776,
104858,,,21.241331,10.007719,4.593,0.529,hip2,HIP104858,
18673,,,3.998743,-24.016257,4.593,-0.121,hip2,HIP18673,
51849,,,10.593143,-57.557635,4.594,1.604,hip2,HIP51849,
67275,,,13.787788,17.456774,4.595,0.508,hip2,HIP67275,
18216,,,3.895190,-24.612213,4.596,-0.136,hip2,HIP18216,
15549,,,3.338991,29.048498,4.598,1.555,hip2,HIP15549,
31700,,,6.631507,-18.237457,4.598,1.137,hip2,HIP31700,
19921,,,4.274745,-59.301749,4.598,1.078,hip2,HIP19921,
44599,,,9.085786,-72.602694,4.598,0.607,hip2,HIP44599,
56480,,,11.579364,-54.264132,4.599,-0.077,hip2,HIP56480,
18255,,,3.904857,-2.954734,4.601,0.672,hip2,HIP18255,
107310,,,21.735668,28.743223,4.603,0.512,hip2,HIP107310,
61789,,,12.664600,-39.987242,4.604,-0.082,hip2,HIP61789,
95081,,,19.344464,65.714430,4.604,0.033,hip2,HIP95081,
114570,,Honores,23.209145,49.405975,4.607,0.302,hip2,HIP114570,
54951,,,11.253401,23.095525,4.608,1.657,hip2,HIP54951,
104234,,,21.118802,-25.005748,4.610,1.604,hip2,HIP104234,
26221,,,5.587907,-5.389697,4.610,0.020,hip2,HIP26221,
96229,,,19.568119,7.379319,4.610,1.176,hip2,HIP96229,
75501,,,15.422292,-38.733588,4.611,0.000,hip2,HIP75501,
36917,,,7.589705,-28.369278,4.611,-0.111,hip2,HIP36917,
12719,,,2.724197,27.707171,4.611,-0.122,hip2,HIP12719,
110609,,,22.408610,49.476401,4.611,0.092,hip2,HIP110609,
76669,,,15.656301,36.635828,4.613,-0.103,hip2,HIP76669,
44626,,,9.093995,-70.538520,4.614,-0.149,hip2,HIP44626,
80473,,,16.426423,-23.447118,4.615,0.227,hip2,HIP80473,
46146,,,9.410911,26.182441,4.616,1.222,hip2,HIP46146,
94648,,,19.259248,73.355215,4.617,1.257,hip2,HIP94648,
106140,,,21.499133,23.638829,4.618,1.618,hip2,HIP106140,
36145,,,7.445239,49.211645,4.619,-0.001,hip2,HIP36145,
85365,,,17.443871,-5.086492,4.619,0.385,hip2,HIP85365,
13147,,,2.818155,-32.406284,4.619,0.981,hip2,HIP13147,
77635,,,15.849654,-25.751235,4.621,-0.072,hip2,HIP77635,
42402,,Minchir,8.645958,3.341475,4.621,1.216,hip2,HIP42402,
67627,,,13.857205,64.723283,4.622,1.572,hip2,HIP67627,
20070,,,4.304049,50.295639,4.622,0.043,hip2,HIP20070,
109111,,,22.101918,-39.543049,4.625,1.349,hip2,HIP109111,
57803,,,11.852431,-45.173450,4.627,1.283,hip2,HIP57803,
57565,,,11.799785,20.218941,4.629,0.547,hip2,HIP57565,
102431,,,20.755888,57.580298,4.630,0.535,hip2,HIP102431,
84606,,,17.294524,37.291343,4.630,0.043,hip2,HIP84606,
114119,,,23.111335,-23.743116,4.630,0.892,hip2,HIP114119,
23123,,,4.975806,1.714035,4.631,1.369,hip2,HIP23123,
1366,,,0.284871,38.681679,4.635,0.059,hip2,HIP1366,
114144,,,23.116738,9.409523,4.635,1.559,hip2,HIP114144,
17959,,,3.839299,71.332368,4.637,0.064,hip2,HIP17959,
29276,,,6.171643,-54.968661,4.637,-0.229,hip2,HIP29276,
24331,,,5.221522,2.861254,4.638,1.166,hip2,HIP24331,
43878,,,8.938688,-52.723511,4.639,-0.115,hip2,HIP43878,
9677,,,2.074842,-29.296839,4.641,-0.156,hip2,HIP9677,
86284,,,17.630755,-8.118721,4.642,0.132,hip2,HIP86284,
115250,,Salm,23.343951,23.740359,4.642,0.180,hip2,HIP115250,
39095,,,7.997793,-18.399143,4.643,0.087,hip2,HIP39095,
80079,,,16.343940,-24.169285,4.644,0.758,hip2,HIP80079,
107136,,Azelfafage,21.701572,51.189627,4.644,-0.119,hip2,HIP107136,
16244,,,3.489453,49.509019,4.645,-0.096,hip2,HIP16244,
32578,,,6.797682,2.412189,4.647,1.099,hip2,HIP32578,
109754,,,22.231306,39.714889,4.649,1.385,hip2,HIP109754,
91926,,,18.739660,39.612596,4.649,0.180,hip2,HIP91926,
18597,,,3.979094,-61.400151,4.650,1.590,hip2,HIP18597,
80343,,,16.401721,-20.037212,4.650,0.996,hip2,HIP80343,
13914,,,2.986871,21.340445,4.651,0.048,hip2,HIP13914,
37173,,,7.638346,-25.364788,4.654,-0.100,hip2,HIP37173,
99874,,,20.262822,27.814229,4.654,1.258,hip2,HIP99874,
23607,,,5.076150,15.404180,4.654,-0.064,hip2,HIP23607,
63945,,,13.104647,-48.463254,4.655,-0.148,hip2,HIP63945,
111944,,,22.675217,44.276281,4.657,1.318,hip2,HIP111944,
106039,,,21.478699,-21.807167,4.660,0.889,hip2,HIP106039,
25044,,,5.362708,-0.382469,4.662,-0.168,hip2,HIP25044,
32249,,,6.733137,13.228143,4.662,1.167,hip2,HIP32249,
21248,,,4.558508,-29.765832,4.662,0.972,hip2,HIP21248,
27530,,,5.830438,-56.166488,4.662,1.075,hip2,HIP27530,
46515,,,9.487427,-35.951348,4.662,1.408,hip2,HIP46515,
21479,,,4.612688,-62.076982,4.663,1.500,hip2,HIP21479,
35363,,,7.305111,-36.733968,4.666,-0.099,hip2,HIP35363,
87072,,,17.792674,-27.830763,4.667,0.600,hip2,HIP87072,
13328,,,2.858564,35.059894,4.667,1.554,hip2,HIP13328,
104459,,,21.159887,-11.371655,4.668,0.926,hip2,HIP104459,
53295,,,10.899641,43.190015,4.668,-0.039,hip2,HIP53295,
86614,,Dziban,17.698974,72.149499,4.668,0.434,hip2,HIP86614,
117863,,,23.906399,57.499391,4.668,1.190,hip2,HIP117863,
80047,,,16.339121,-78.695656,4.669,1.680,hip2,HIP80047,
56633,,,11.611375,-9.802254,4.670,-0.073,hip2,HIP56633,
16281,,,3.498541,58.878753,4.671,0.489,hip2,HIP16281,
42806,,Asellus Borealis,8.721448,21.468596,4.673,0.010,hip2,HIP42806,
5586,,,1.194330,30.089729,4.675,1.092,hip2,HIP5586,
52468,,,10.725641,-60.566627,4.676,1.700,hip2,HIP52468,
104194,,,21.110024,47.648406,4.676,1.569,hip2,HIP104194,
13954,,,2.995249,8.907401,4.677,-0.109,hip2,HIP13954,
23497,,,5.051584,21.590062,4.677,0.155,hip2,HIP23497,
98702,,,20.046958,67.873449,4.677,1.313,hip2,HIP98702,
73745,,,15.074127,26.947660,4.677,1.240,hip2,HIP73745,
56922,,,11.670228,-34.744655,4.677,-0.070,hip2,HIP56922,
27483,,,5.819572,39.181134,4.678,0.949,hip2,HIP27483,
65387,,,13.400123,-64.535617,4.680,0.822,hip2,HIP65387,
72659,,,14.856468,19.100634,4.680,0.720,hip2,HIP72659,
89112,,,18.187160,-45.954327,4.683,1.008,hip2,HIP89112,
80628,,,16.463396,-8.371700,4.684,0.185,hip2,HIP80628,
108874,,,22.055230,-2.155336,4.685,-0.100,hip2,HIP108874,
22845,,,4.914918,10.151145,4.686,0.085,hip2,HIP22845,
92946,,Alya,18.936989,4.203531,4.686,0.161,hip2,HIP92946,
13061,,Lilii Borea,2.798456,29.247424,4.687,1.112,hip2,HIP13061,
26199,,,5.584078,-6.002029,4.689,-0.248,hip2,HIP26199,
28910,,,6.102593,-14.935286,4.689,0.046,hip2,HIP28910,
28413,,,6.000929,-3.074077,4.689,1.202,hip2,HIP28413,
78662,,,16.058950,-57.774874,4.690,0.252,hip2,HIP78662,
101589,,,20.588474,14.674185,4.691,0.120,hip2,HIP101589,
76945,,,15.711399,-34.710333,4.691,-0.151,hip2,HIP76945,
118131,,,23.962653,25.141479,4.692,1.584,hip2,HIP118131,
24727,,,5.302930,33.372004,4.692,1.252,hip2,HIP24727,
24927,,,5.340809,-21.239739,4.692,-0.048,hip2,HIP24927,
58867,,,12.072011,-63.165711,4.693,-0.081,hip2,HIP58867,
96052,,,19.529534,34.452977,4.693,-0.150,hip2,HIP96052,
46977,,,9.574713,69.830154,4.694,0.781,hip2,HIP46977,
58590,,,12.014553,6.614395,4.694,0.122,hip2,HIP58590,
28716,,,6.065329,20.138458,4.695,0.236,hip2,HIP28716,
33694,,,7.001069,76.977441,4.695,1.365,hip2,HIP33694,
98162,,,19.949118,-27.169863,4.695,1.462,hip2,HIP98162,
46509,,,9.485789,-2.768956,4.697,0.411,hip2,HIP46509,
78592,,,16.046625,46.036854,4.697,-0.094,hip2,HIP78592,
46952,,,9.570382,36.397613,4.697,0.914,hip2,HIP46952,
15520,,,3.333127,65.652327,4.698,-0.108,hip2,HIP15520,
23595,,,5.073420,-35.482871,4.701,1.177,hip2,HIP23595,
115919,,,23.485906,12.760493,4.703,0.939,hip2,HIP115919,
22667,,,4.875545,14.250778,4.703,1.773,hip2,HIP22667,
54182,,,11.083675,7.336122,4.704,0.332,hip2,HIP54182,
67786,,,13.886819,-31.927587,4.707,-0.111,hip2,HIP67786,
88839,,,18.134712,-28.457016,4.708,0.938,hip2,HIP88839,
2505,,,0.529533,54.522325,4.708,-0.098,hip2,HIP2505,
111674,,,22.622907,51.545374,4.708,0.254,hip2,HIP111674,
36425,,,7.496606,12.006611,4.709,1.276,hip2,HIP36425,
88175,,,18.008033,-3.690161,4.709,0.390,hip2,HIP88175,
16341,,,3.510292,-5.075163,4.710,-0.092,hip2,HIP16341,
90595,,,18.486626,-14.565805,4.710,0.076,hip2,HIP90595,
66738,,,13.678970,54.681662,4.712,1.630,hip2,HIP66738,
99824,,,20.254414,25.591969,4.713,-0.181,hip2,HIP99824,
52370,,,10.703929,-64.466454,4.713,-0.139,hip2,HIP52370,
107119,,,21.698632,71.311187,4.714,1.108,hip2,HIP107119,
116247,,,23.554618,-20.914525,4.715,0.020,hip2,HIP116247,
98543,,,20.018336,27.753564,4.715,0.184,hip2,HIP98543,
13879,,,2.979347,39.662827,4.716,0.065,hip2,HIP13879,
50555,,,10.326879,-55.029314,4.716,1.600,hip2,HIP50555,
54751,,,11.210006,-60.317631,4.718,0.541,hip2,HIP54751,
21273,,,4.564126,14.844487,4.718,0.255,hip2,HIP21273,
103004,,,20.868813,27.097128,4.719,0.835,hip2,HIP103004,
66234,,,13.574270,49.015906,4.720,0.132,hip2,HIP66234,
77760,,,15.877832,42.449988,4.720,0.563,hip2,HIP77760,
103632,,,20.997097,47.520945,4.720,-0.084,hip2,HIP103632,
47522,,,9.688063,-23.591521,4.721,-0.117,hip2,HIP47522,
92818,,,18.912467,22.645074,4.721,0.782,hip2,HIP92818,
21683,,,4.654570,15.918024,4.725,0.147,hip2,HIP21683,
33202,,,6.910720,13.178016,4.726,0.321,hip2,HIP33202,
45448,,,9.262519,-37.413126,4.727,0.473,hip2,HIP45448,
44824,,,9.134127,-25.858537,4.728,1.594,hip2,HIP44824,
44700,,,9.108830,38.452250,4.728,1.037,hip2,HIP44700,
35205,,,7.276389,-27.881273,4.728,1.589,hip2,HIP35205,
91919,,,18.738983,39.669977,4.729,0.170,hip2,HIP91919,
35020,,,7.243929,-48.271928,4.730,-0.091,hip2,HIP35020,
37648,,,7.725665,-28.410957,4.731,1.632,hip2,HIP37648,
23364,,,5.023985,-7.173978,4.731,-0.164,hip2,HIP23364,
16870,,,3.618244,-40.274511,4.732,1.023,hip2,HIP16870,
116389,,,23.584592,-42.615101,4.733,0.078,hip2,HIP116389,
40274,,,8.224867,-35.899542,4.733,-0.110,hip2,HIP40274,
101474,,,20.565052,35.250865,4.733,1.593,hip2,HIP101474,
94005,,,19.139148,-40.496638,4.734,1.070,hip2,HIP94005,
88116,,,17.996544,-23.816011,4.735,-0.030,hip2,HIP88116,
93542,,,19.051898,-42.094994,4.735,-0.027,hip2,HIP93542,
76829,,,15.686532,-44.660559,4.737,0.413,hip2,HIP76829,
77512,,,15.826583,26.068549,4.739,0.794,hip2,HIP77512,
45075,,,9.181925,63.513781,4.739,0.381,hip2,HIP45075,
110672,,,22.421281,1.377393,4.740,-0.171,hip2,HIP110672,
51438,,,10.505576,-71.992720,4.740,0.042,hip2,HIP51438,
84573,,,17.288770,33.100114,4.740,-0.166,hip2,HIP84573,
103089,,,20.887429,44.387266,4.740,-0.134,hip2,HIP103089,
8497,,,1.826442,-10.686181,4.741,0.333,hip2,HIP8497,
82369,,,16.830548,-10.782802,4.742,0.478,hip2,HIP82369,
94703,,,19.270289,21.390443,4.742,-0.058,hip2,HIP94703,
106786,,Bunda,21.629178,-7.854142,4.743,0.175,hip2,HIP106786,
88149,,,18.004388,4.368647,4.744,-0.100,hip2,HIP88149,
105140,,,21.298957,-32.172485,4.745,0.070,hip2,HIP105140,
80815,,,16.503466,-25.115159,4.746,-0.116,hip2,HIP80815,
33092,,,6.892475,-20.224264,4.748,-0.212,hip2,HIP33092,
33302,,,6.927055,-20.136593,4.749,0.374,hip2,HIP33302,
48374,,,9.861302,-46.547644,4.750,1.172,hip2,HIP48374,
100310,,Alshat,20.344391,-12.759044,4.750,-0.047,hip2,HIP100310,
42527,,,8.670250,64.327872,4.750,1.179,hip2,HIP42527,
41039,,,8.375472,-48.490398,4.750,-0.146,hip2,HIP41039,
17351,,,3.713923,-37.313345,4.756,1.191,hip2,HIP17351,
52502,,,10.735260,-63.961101,4.756,-0.134,hip2,HIP52502,
64661,,,13.254166,-67.894563,4.757,-0.078,hip2,HIP64661,
39138,,,8.005547,-63.567503,4.757,-0.173,hip2,HIP39138,
3245,,,0.688771,-46.085009,4.759,0.953,hip2,HIP3245,
12413,,,2.663311,-42.891633,4.761,0.061,hip2,HIP12413,
49029,,,10.003562,8.044277,4.761,1.589,hip2,HIP49029,
66006,,,13.532763,-6.255711,4.761,1.606,hip2,HIP66006,
74449,,,15.213779,-44.500360,4.761,-0.177,hip2,HIP74449,
98608,,,20.029090,-59.375828,4.763,1.356,hip2,HIP98608,
53502,,,10.945277,-37.137463,4.766,1.006,hip2,HIP53502,
60710,,,12.442163,-51.450611,4.766,-0.141,hip2,HIP60710,
26224,,,5.588110,-5.387677,4.766,0.080,hip2,HIP26224,
3300,,,0.701079,50.512541,4.766,-0.105,hip2,HIP3300,
72125,,,14.754027,16.964403,4.767,0.972,hip2,HIP72125,
34495,,,7.147521,-39.655674,4.768,-0.179,hip2,HIP34495,
8833,,,1.892593,3.187478,4.769,0.928,hip2,HIP8833,
116602,,,23.630815,-45.492321,4.771,0.082,hip2,HIP116602,
76219,,,15.569589,-10.063960,4.772,1.000,hip2,HIP76219,
2472,,,0.523571,-48.803562,4.774,0.018,hip2,HIP2472,
6193,,,1.324438,27.264087,4.774,0.032,hip2,HIP6193,
89678,,,18.300886,-27.042634,4.776,1.629,hip2,HIP89678,
37297,,,7.657598,-38.308060,4.777,-0.189,hip2,HIP37297,
95585,,,19.441969,0.338576,4.778,0.576,hip2,HIP95585,
51192,,,10.456800,-57.638814,4.779,0.474,hip2,HIP51192,
42726,,,8.707058,-53.114041,4.779,-0.173,hip2,HIP42726,
29997,,,6.314106,69.320034,4.779,0.025,hip2,HIP29997,
443,,,0.088929,-5.707832,4.780,1.029,hip2,HIP443,
42835,,,8.727883,-7.233728,4.780,0.840,hip2,HIP42835,
40167,,Tegmine,8.203530,17.648136,4.781,0.531,hip2,HIP40167,
54301,,,11.109021,-62.424137,4.781,0.988,hip2,HIP54301,
104521,,,21.172353,10.131949,4.781,0.262,hip2,HIP104521,
14817,,,3.188167,39.611571,4.781,1.115,hip2,HIP14817,
90982,,,18.558378,-42.312459,4.782,0.994,hip2,HIP90982,
51658,,,10.553888,40.425540,4.783,0.222,hip2,HIP51658,
67665,,,13.863192,34.444318,4.783,1.611,hip2,HIP67665,
4422,,Castula,0.944447,59.181166,4.784,0.957,hip2,HIP4422,
91726,,,18.704562,-9.052553,4.788,0.358,hip2,HIP91726,
64844,,,13.292399,40.572563,4.790,0.306,hip2,HIP64844,
61394,,Phyllon Kissinou,12.580866,22.629190,4.791,0.012,hip2,HIP61394,
92512,,,18.853335,59.388289,4.791,1.185,hip2,HIP92512,
51056,,,10.431908,33.796264,4.793,0.260,hip2,HIP51056,
78914,,,16.108173,-45.173275,4.795,0.230,hip2,HIP78914,
91918,,,18.738711,-35.641921,4.795,-0.168,hip2,HIP91918,
87220,,,17.819576,-31.703185,4.795,-0.028,hip2,HIP87220,
110371,,,22.355369,28.330516,4.798,-0.010,hip2,HIP110371,
28237,,,5.966572,25.953916,4.798,-0.088,hip2,HIP28237,
67234,,,13.777602,-51.432698,4.799,0.955,hip2,HIP67234,
110386,,,22.358631,12.205172,4.799,-0.132,hip2,HIP110386,
45902,,,9.358222,-25.965416,4.799,1.633,hip2,HIP45902,
27890,,,5.901639,-63.091021,4.801,1.021,hip2,HIP27890,
26777,,,5.688254,16.534184,4.803,-0.125,hip2,HIP26777,
79881,,,16.304978,-28.613776,4.803,0.008,hip2,HIP79881,
55266,,,11.318873,38.185722,4.803,0.113,hip2,HIP55266,
52736,,,10.780901,-64.383497,4.804,-0.149,hip2,HIP52736,
88765,,,18.121765,8.733794,4.804,0.951,hip2,HIP88765,
85755,,,17.523597,-23.962580,4.804,0.016,hip2,HIP85755,
16245,,,3.489496,-62.938434,4.804,0.410,hip2,HIP16245,
40096,,,8.190527,-42.987289,4.804,0.164,hip2,HIP40096,
36514,,,7.511836,-30.962283,4.805,0.904,hip2,HIP36514,
42624,,,8.686983,-47.317141,4.805,0.137,hip2,HIP42624,
103045,,,20.877557,-8.983238,4.805,0.325,hip2,HIP103045,
25984,,,5.545465,32.192031,4.805,0.281,hip2,HIP25984,
112051,,,22.695947,29.307689,4.805,-0.013,hip2,HIP112051,
78639,,,16.053572,-49.229721,4.806,0.902,hip2,HIP78639,
101867,,,20.642026,21.201180,4.807,-0.030,hip2,HIP101867,
69713,,,14.269464,51.367014,4.808,0.236,hip2,HIP69713,
44390,,,9.042424,67.629575,4.808,1.542,hip2,HIP44390,
113919,,,23.069675,50.051684,4.809,1.058,hip2,HIP113919,
20354,,,4.359208,46.498963,4.809,-0.022,hip2,HIP20354,
88567,,,18.083673,-29.580076,4.810,0.774,hip2,HIP88567,
96100,,Alsafi,19.539052,69.665402,4.811,0.786,hip2,HIP96100,
27639,,,5.850670,37.305682,4.812,1.621,hip2,HIP27639,
111841,,,22.654355,39.050283,4.814,-0.207,hip2,HIP111841,
103738,,,21.021517,-32.257767,4.814,0.890,hip2,HIP103738,
39211,,,8.020360,-1.392424,4.814,1.475,hip2,HIP39211,
49712,,,10.148959,-51.811262,4.815,-0.120,hip2,HIP49712,
25737,,,5.495550,-1.092176,4.817,1.592,hip2,HIP25737,
23693,,,5.091858,-57.472989,4.819,0.526,hip2,HIP23693,
39847,,,8.140973,51.506676,4.820,0.048,hip2,HIP39847,
47310,,,9.640940,4.649414,4.821,1.310,hip2,HIP47310,
25302,,,5.412452,1.846446,4.823,-0.200,hip2,HIP25302,
24813,,,5.318911,40.100667,4.823,0.630,hip2,HIP24813,
26563,,,5.648081,-7.212709,4.824,0.139,hip2,HIP26563,
61740,,,12.654115,-7.995504,4.825,1.240,hip2,HIP61740,
76705,,,15.662771,-34.411893,4.825,0.964,hip2,HIP76705,
111123,,,22.510782,-10.677886,4.825,-0.053,hip2,HIP111123,
62012,,,12.709878,-48.813035,4.825,1.075,hip2,HIP62012,
112211,,,22.726459,-18.830307,4.826,1.358,hip2,HIP112211,
90135,,,18.394321,-8.934510,4.827,0.932,hip2,HIP90135,
105382,,,21.345995,-40.809508,4.828,0.029,hip2,HIP105382,
38901,,,7.961142,-30.334587,4.828,0.151,hip2,HIP38901,
101612,,,20.592991,-60.581298,4.828,0.291,hip2,HIP101612,
25539,,,5.460579,21.936982,4.829,-0.140,hip2,HIP25539,
52098,,,10.645337,31.976220,4.830,0.823,hip2,HIP52098,
62985,,,12.905882,-9.538947,4.831,1.590,hip2,HIP62985,
108870,,,22.054844,-56.779806,4.831,1.056,hip2,HIP108870,
53907,,,11.030464,-2.484497,4.831,1.593,hip2,HIP53907,
5571,,,1.190887,21.034676,4.832,1.024,hip2,HIP5571,
98066,,Terebellum,19.930618,-26.299685,4.832,0.748,hip2,HIP98066,
27810,,,5.885246,-33.801439,4.832,-0.154,hip2,HIP27810,
114104,,,23.110225,59.419765,4.832,-0.060,hip2,HIP114104,
9977,,,2.141429,37.859183,4.833,0.120,hip2,HIP9977,
5742,,,1.229149,24.583764,4.834,1.047,hip2,HIP5742,
21029,,,4.509325,16.194075,4.834,0.170,hip2,HIP21029,
114375,,,23.165244,-22.457593,4.835,0.674,hip2,HIP114375,
92024,,,18.757460,-64.870898,4.836,0.199,hip2,HIP92024,
93148,,,18.974376,-52.938607,4.837,-0.051,hip2,HIP93148,
96683,,,19.656279,30.153234,4.839,0.971,hip2,HIP96683,
82321,,,16.820611,45.983448,4.839,0.087,hip2,HIP82321,
82671,,,16.899924,-42.362020,4.839,0.444,hip2,HIP82671,
113116,,,22.906773,84.346119,4.840,1.418,hip2,HIP113116,
19811,,,4.248142,40.483725,4.842,1.007,hip2,HIP19811,
11783,,,2.534799,-15.244319,4.843,0.454,hip2,HIP11783,
106801,,,21.632007,62.081947,4.843,0.246,hip2,HIP106801,
39903,,,8.150238,-61.301706,4.844,0.437,hip2,HIP39903,
8928,,,1.915560,-67.647481,4.844,0.931,hip2,HIP8928,
88128,,,18.000950,16.750945,4.845,1.254,hip2,HIP88128,
63724,,,13.059263,-49.527236,4.847,0.029,hip2,HIP63724,
7294,,,1.565535,59.232097,4.848,0.991,hip2,HIP7294,
115990,,,23.500533,58.548910,4.848,-0.122,hip2,HIP115990,
78655,,,16.056723,-38.602472,4.848,-0.146,hip2,HIP78655,
57851,,,11.864243,-65.205895,4.850,-0.123,hip2,HIP57851,
86486,,,17.673259,-49.415155,4.850,0.415,hip2,HIP86486,
76880,,,15.699116,-19.678576,4.850,1.574,hip2,HIP76880,
78554,,,16.038247,22.804395,4.851,0.066,hip2,HIP78554,
23231,,,4.998809,-12.537205,4.851,0.267,hip2,HIP23231,
11313,,,2.427056,50.278666,4.851,1.532,hip2,HIP11313,
52102,,,10.645837,-59.182999,4.851,1.562,hip2,HIP52102,
20732,,,4.443438,14.713858,4.852,0.979,hip2,HIP20732,
20542,,,4.401582,17.444212,4.853,0.154,hip2,HIP20542,
70104,,,14.345153,-45.186882,4.853,0.310,hip2,HIP70104,
62268,,,12.760532,-60.981161,4.854,1.049,hip2,HIP62268,
101027,,,20.481007,-17.813668,4.854,0.386,hip2,HIP101027,
97679,,,19.851137,22.610087,4.854,-0.153,hip2,HIP97679,
43937,,,8.949563,-59.229359,4.855,-0.182,hip2,HIP43937,
12876,,,2.759037,-67.616724,4.855,0.058,hip2,HIP12876,
63355,,,12.982074,17.409360,4.856,1.568,hip2,HIP63355,
35412,,,7.311217,-24.558708,4.856,-0.160,hip2,HIP35412,
9153,,,1.965493,23.596096,4.858,0.290,hip2,HIP9153,
88404,,,18.051364,-8.180258,4.859,0.410,hip2,HIP88404,
26220,,,5.587726,-5.387280,4.859,0.000,hip2,HIP26220,
38089,,,7.805624,-47.077532,4.861,1.039,hip2,HIP38089,
77661,,,15.854429,20.977875,4.861,1.534,hip2,HIP77661,
100044,,,20.296446,38.032947,4.862,0.377,hip2,HIP100044,
57581,,,11.804025,-66.814871,4.863,1.522,hip2,HIP57581,
14862,,,3.198955,74.393869,4.864,0.035,hip2,HIP14862,
99639,,,20.221678,46.815671,4.864,0.100,hip2,HIP99639,
64852,,,13.293413,5.469845,4.864,1.638,hip2,HIP64852,
15197,,Zibal,3.263896,-8.819840,4.865,0.232,hip2,HIP15197,
87294,,,17.836419,-40.090428,4.865,0.259,hip2,HIP87294,
64924,,,13.306937,-18.308610,4.866,0.709,hip2,HIP64924,
45493,,,9.269800,54.021712,4.867,0.199,hip2,HIP45493,
66458,,,13.624360,36.294841,4.868,0.239,hip2,HIP66458,
71995,,,14.723714,26.527891,4.869,1.672,hip2,HIP71995,
118243,,,23.983480,55.754941,4.870,-0.071,hip2,HIP118243,
86201,,,17.615858,68.757189,4.870,0.430,hip2,HIP86201,
27511,,,5.825818,12.651366,4.871,-0.068,hip2,HIP27511,
26736,,,5.680754,-1.128786,4.872,-0.197,hip2,HIP26736,
68191,,,13.960816,-63.686616,4.874,1.075,hip2,HIP68191,
3801,,,0.813887,50.968192,4.874,-0.091,hip2,HIP3801,
46026,,,9.386760,-28.833923,4.874,0.892,hip2,HIP46026,
97938,,Libertas,19.904117,8.461650,4.875,1.023,hip2,HIP97938,
1168,,,0.243363,20.206697,4.876,1.572,hip2,HIP1168,
57283,,,11.746044,-18.350615,4.876,0.958,hip2,HIP57283,
58484,,,11.993803,-78.221818,4.877,-0.054,hip2,HIP58484,
11345,,,2.432503,-12.290452,4.877,-0.027,hip2,HIP11345,
73695,,Quadrans,15.063245,47.654014,4.878,0.647,hip2,HIP73695,
70327,,,14.389650,8.446641,4.878,0.010,hip2,HIP70327,
40084,,,8.187867,-12.927018,4.879,0.939,hip2,HIP40084,
107188,,,21.710949,-18.866301,4.879,0.868,hip2,HIP107188,
15110,,,3.248365,21.044629,4.880,-0.007,hip2,HIP15110,
115022,,,23.295727,49.015283,4.881,1.668,hip2,HIP115022,
34899,,,7.220381,-45.182525,4.882,-0.003,hip2,HIP34899,
99303,,,20.157116,36.839590,4.884,-0.139,hip2,HIP99303,
4147,,,0.883470,-1.144221,4.886,1.550,hip2,HIP4147,
50564,,,10.328975,19.471436,4.887,0.452,hip2,HIP50564,
56127,,,11.505245,-3.003459,4.888,1.529,hip2,HIP56127,
46371,,,9.455083,-22.343418,4.888,1.154,hip2,HIP46371,
60202,,,12.345304,17.792653,4.888,1.010,hip2,HIP60202,
24010,,,5.161655,15.597272,4.889,0.313,hip2,HIP24010,
6692,,,1.432196,68.129947,4.890,1.047,hip2,HIP6692,
23362,,,5.023766,-20.051881,4.890,-0.047,hip2,HIP23362,
24340,,,5.223814,38.484674,4.890,0.189,hip2,HIP24340,
32438,,,6.770598,59.441691,4.890,0.084,hip2,HIP32438,
84514,,,17.276863,-0.445142,4.891,1.119,hip2,HIP84514,
90830,,,18.529288,-45.914744,4.891,-0.101,hip2,HIP90830,
45038,,,9.173202,67.134239,4.894,0.489,hip2,HIP45038,
79119,,,16.149536,36.490110,4.895,1.015,hip2,HIP79119,
57328,,,11.754724,8.258175,4.896,0.174,hip2,HIP57328,
62683,,,12.844774,-33.999268,4.898,-0.031,hip2,HIP62683,
90905,,,18.542923,57.045616,4.898,0.611,hip2,HIP90905,
47758,,,9.736703,-27.769563,4.900,0.516,hip2,HIP47758,
69191,,,14.165266,-53.438726,4.900,0.938,hip2,HIP69191,
2210,,,0.465476,-33.007045,4.901,1.634,hip2,HIP2210,
60351,,,12.375089,25.846182,4.901,0.515,hip2,HIP60351,
104019,,,21.073424,-19.854931,4.902,0.169,hip2,HIP104019,
80179,,,16.367900,1.028922,4.902,0.338,hip2,HIP80179,
61966,,,12.699055,-59.685811,4.903,-0.044,hip2,HIP61966,
115088,,,23.310391,68.111418,4.904,0.836,hip2,HIP115088,
61960,,,12.698058,10.235843,4.906,0.076,hip2,HIP61960,
4151,,,0.884522,61.123557,4.907,0.540,hip2,HIP4151,
36547,,,7.517911,82.411569,4.907,1.633,hip2,HIP36547,
70264,,,14.376978,-58.459158,4.910,0.795,hip2,HIP70264,
13244,,,2.841260,-75.066881,4.911,1.337,hip2,HIP13244,
83574,,,17.080375,-34.122922,4.911,0.257,hip2,HIP83574,
29434,,,6.200910,16.130447,4.912,-0.149,hip2,HIP29434,
98761,,,20.059281,-37.940491,4.913,1.417,hip2,HIP98761,
114155,,,23.118539,25.468340,4.915,1.285,hip2,HIP114155,
113186,,,22.920451,8.816096,4.915,-0.003,hip2,HIP113186,
33971,,,7.048550,-4.239238,4.916,-0.195,hip2,HIP33971,
32533,,,6.788846,8.037283,4.916,1.396,hip2,HIP32533,
33485,,,6.960312,45.094102,4.917,0.027,hip2,HIP33485,
64022,,,13.119641,27.624907,4.918,1.482,hip2,HIP64022,
101138,,,20.500981,48.951550,4.919,-0.087,hip2,HIP101138,
43825,,,8.925421,-27.681626,4.919,0.142,hip2,HIP43825,
93174,,,18.978743,-37.107089,4.920,0.396,hip2,HIP93174,
55687,,,11.410168,-10.859383,4.920,1.556,hip2,HIP55687,
110256,,,22.333744,-80.439643,4.920,1.276,hip2,HIP110256,
81122,,,16.568061,-44.045309,4.921,0.045,hip2,HIP81122,
36431,,,7.497615,-23.024299,4.921,0.243,hip2,HIP36431,
22678,,,4.877222,36.703197,4.921,1.414,hip2,HIP22678,
17587,,,3.767315,63.345068,4.922,0.747,hip2,HIP17587,
6813,,,1.460857,45.406953,4.922,0.421,hip2,HIP6813,
60485,,,12.400412,51.562229,4.922,0.877,hip2,HIP60485,
78821,,,16.090715,-19.801841,4.923,-0.024,hip2,HIP78821,
102724,,,20.815637,46.114141,4.924,0.571,hip2,HIP102724,
112519,,,22.791374,83.153716,4.925,1.257,hip2,HIP112519,
98068,,,19.931045,38.486704,4.925,-0.086,hip2,HIP98068,
111310,,,22.550004,-61.982073,4.925,1.612,hip2,HIP111310,
12390,,,2.659370,-11.871582,4.926,0.447,hip2,HIP12390,
84969,,,17.366537,-67.770649,4.926,1.194,hip2,HIP84969,
73568,,,15.035142,25.008256,4.926,1.506,hip2,HIP73568,
83613,,,17.089628,12.740855,4.927,0.125,hip2,HIP83613,
65639,,,13.457566,-15.973631,4.927,1.096,hip2,HIP65639,
50847,,,10.382828,-66.901525,4.928,-0.128,hip2,HIP50847,
69226,,,14.173319,25.091823,4.928,0.541,hip2,HIP69226,
27750,,,5.874012,1.855158,4.928,1.382,hip2,HIP27750,
13288,,Angetenar,2.850652,-21.003979,4.928,0.906,hip2,HIP13288,
28574,,,6.030674,-10.597940,4.929,-0.128,hip2,HIP28574,
73473,,,15.016219,-8.518935,4.930,0.000,hip2,HIP73473,
82020,,,16.754942,56.781687,4.930,0.375,hip2,HIP82020,
14382,,,3.092340,56.705548,4.931,1.018,hip2,HIP14382,
50933,,,10.402183,65.566474,4.931,-0.052,hip2,HIP50933,
72104,,,14.749776,-35.191821,4.933,0.013,hip2,HIP72104,
66200,,,13.568863,3.659025,4.933,0.029,hip2,HIP66200,
17304,,,3.704139,-31.938396,4.934,-0.159,hip2,HIP17304,
78207,,,15.969827,-14.279318,4.934,-0.080,hip2,HIP78207,
45751,,,9.329555,-11.974882,4.935,0.927,hip2,HIP45751,
3455,,,0.736502,-10.609274,4.935,0.998,hip2,HIP3455,
122,,,0.026625,-77.065294,4.935,1.254,hip2,HIP122,
90289,,,18.422510,-20.541609,4.936,1.310,hip2,HIP90289,
51459,,,10.510490,55.980617,4.937,0.541,hip2,HIP51459,
81497,,,16.645802,48.928277,4.938,1.562,hip2,HIP81497,
7818,,,1.676334,40.577106,4.938,-0.068,hip2,HIP7818,
70306,,,14.384974,-27.753734,4.939,1.300,hip2,HIP70306,
25142,,,5.380556,3.544448,4.940,-0.096,hip2,HIP25142,
36773,,,7.563324,-14.523901,4.941,1.362,hip2,HIP36773,
85829,,,17.537744,55.172807,4.941,0.279,hip2,HIP85829,
114939,,,23.280820,-7.726466,4.943,1.613,hip2,HIP114939,
46950,,,9.569111,-51.255282,4.944,-0.180,hip2,HIP46950,
70755,,Elgafar,14.470061,-2.227951,4.944,0.693,hip2,HIP70755,
52009,,,10.625902,-13.384451,4.946,2.800,hip2,HIP52009,
18505,,,3.957065,63.072249,4.946,-0.074,hip2,HIP18505,
35727,,,7.370425,-19.016584,4.947,-0.039,hip2,HIP35727,
96483,,,19.614847,-7.027471,4.947,-0.046,hip2,HIP96483,
110882,,,22.464299,4.696411,4.948,1.039,hip2,HIP110882,
80650,,,16.466404,68.768055,4.948,-0.051,hip2,HIP80650,
35210,,,7.276899,-23.315601,4.948,1.601,hip2,HIP35210,
109908,,,22.260246,-41.346750,4.950,0.790,hip2,HIP109908,
95372,,,19.402103,29.621311,4.950,-0.120,hip2,HIP95372,
98055,,,19.927173,52.439023,4.950,0.124,hip2,HIP98055,
23179,,,4.987604,37.890483,4.951,0.037,hip2,HIP23179,
70753,,,14.469568,-29.491580,4.952,-0.074,hip2,HIP70753,
9009,,,1.933334,68.685265,4.953,-0.084,hip2,HIP9009,
69112,,,14.147502,77.547433,4.953,1.368,hip2,HIP69112,
115738,,,23.448863,1.255838,4.953,0.036,hip2,HIP115738,
69389,,,14.204397,2.409496,4.953,-0.118,hip2,HIP69389,
109400,,,22.163435,72.341199,4.954,0.919,hip2,HIP109400,
83262,,,17.017674,-4.222454,4.955,1.483,hip2,HIP83262,
11918,,,2.564087,-28.232340,4.955,-0.050,hip2,HIP11918,
45856,,,9.349120,-62.404633,4.956,0.926,hip2,HIP45856,
101773,,,20.626456,-61.529744,4.956,0.447,hip2,HIP101773,
81008,,,16.543444,11.488234,4.958,1.495,hip2,HIP81008,
117245,,,23.773205,3.486872,4.959,2.508,hip2,HIP117245,
77655,,,15.853872,35.658227,4.959,0.996,hip2,HIP77655,
85819,,,17.536227,55.184111,4.961,0.250,hip2,HIP85819,
69896,,,14.303881,-81.007602,4.961,0.243,hip2,HIP69896,
16147,,,3.467514,49.062932,4.962,-0.091,hip2,HIP16147,
43347,,,8.829902,-45.307910,4.963,0.043,hip2,HIP43347,
51979,,,10.620500,-27.412686,4.963,1.626,hip2,HIP51979,
17313,,,3.706290,33.965039,4.963,-0.048,hip2,HIP17313,
31832,,,6.655508,42.489012,4.964,1.236,hip2,HIP31832,
5896,,,1.262638,-68.876237,4.964,0.480,hip2,HIP5896,
47029,,,9.584404,39.621443,4.965,0.992,hip2,HIP47029,
69879,,,14.299949,35.509471,4.966,1.057,hip2,HIP69879,
72800,,,14.880858,-37.803116,4.966,-0.155,hip2,HIP72800,
87936,,,17.963280,-41.716258,4.967,1.617,hip2,HIP87936,
78493,,,16.024053,29.851078,4.968,-0.050,hip2,HIP78493,
86736,,,17.723849,-21.683086,4.969,0.469,hip2,HIP86736,
35226,,,7.280393,-36.592648,4.969,-0.161,hip2,HIP35226,
45811,,,9.341396,-9.555629,4.970,0.913,hip2,HIP45811,
116901,,,23.696055,-17.816533,4.970,0.822,hip2,HIP116901,
41639,,,8.490969,-44.724828,4.970,-0.168,hip2,HIP41639,
79375,,,16.200000,-10.064183,4.971,0.087,hip2,HIP79375,
10340,,,2.220372,44.231689,4.972,1.476,hip2,HIP10340,
96275,,,19.576358,19.773398,4.973,-0.093,hip2,HIP96275,
99742,,,20.237940,15.197468,4.975,0.072,hip2,HIP99742,
34059,,,7.064904,-49.584258,4.975,0.140,hip2,HIP34059,
29034,,Elkurud,6.125453,-37.252921,4.975,-0.095,hip2,HIP29034,
66821,,,13.695782,-54.559365,4.976,-0.055,hip2,HIP66821,
15457,,,3.322650,3.369971,4.977,0.681,hip2,HIP15457,
31827,,,6.654643,-14.145747,4.977,1.459,hip2,HIP31827,
94643,,,19.258999,-25.256607,4.977,0.569,hip2,HIP94643,
7007,,,1.503040,6.143933,4.980,1.372,hip2,HIP7007,
24372,,,5.229285,-67.185350,4.980,1.274,hip2,HIP24372,
24659,,,5.291395,-34.894390,4.980,0.987,hip2,HIP24659,
9505,,,2.038354,54.487549,4.981,-0.071,hip2,HIP9505,
15648,,,3.357391,43.329652,4.981,0.051,hip2,HIP15648,
64408,,,13.200963,-37.803136,4.982,0.693,hip2,HIP64408,
37609,,,7.716794,58.710487,4.983,0.104,hip2,HIP37609,
10644,,Deltoton,2.284005,34.224830,4.983,0.607,hip2,HIP10644,
29735,,,6.262466,-13.718387,4.984,-0.078,hip2,HIP29735,
90344,,Fafnir,18.433052,65.563546,4.984,1.179,hip2,HIP90344,
82860,,,16.933711,65.134672,4.985,0.481,hip2,HIP82860,
9095,,,1.952776,-47.385299,4.986,0.864,hip2,HIP9095,
29417,,,6.197727,-6.550282,4.986,-0.201,hip2,HIP29417,
40945,,,8.356398,-33.054372,4.986,1.419,hip2,HIP40945,
37265,,Jishui,7.652766,34.584633,4.987,0.413,hip2,HIP37265,
19740,,,4.232331,9.263899,4.988,0.799,hip2,HIP19740,
28816,,,6.083092,-16.484427,4.988,0.196,hip2,HIP28816,
88726,,,18.113857,-43.424962,4.988,0.255,hip2,HIP88726,
4292,,,0.916720,58.972797,4.989,1.216,hip2,HIP4292,
183,,,0.038865,-29.720448,4.989,-0.150,hip2,HIP183,
92782,,,18.906602,71.297089,4.989,1.151,hip2,HIP92782,
10826,,Mira,2.322441,-2.977061,4.990,0.966,hip2,HIP10826,
50799,,,10.372113,-41.650108,4.990,1.095,hip2,HIP50799,
92088,,,18.767908,26.662070,4.991,1.199,hip2,HIP92088,
30772,,,6.465992,-4.762147,4.991,-0.175,hip2,HIP30772,
27949,,,5.914107,55.706905,4.992,0.052,hip2,HIP27949,
15416,,,3.312173,34.222674,4.993,1.491,hip2,HIP15416,
99770,,,20.242217,36.806135,4.993,0.151,hip2,HIP99770,
93026,,,18.951009,-5.846215,4.994,1.057,hip2,HIP93026,
60697,,,12.440020,27.268263,4.994,0.277,hip2,HIP60697,
26235,,,5.589694,-5.416064,4.995,-0.097,hip2,HIP26235,
51523,,,10.522843,-53.715993,4.998,0.500,hip2,HIP51523,
115115,,,23.316014,-9.610731,4.998,-0.022,hip2,HIP115115,
109068,,,22.094637,5.058285,4.999,1.443,hip2,HIP109068,
37908,,,7.768748,18.510169,4.999,1.425,hip2,HIP37908,
19990,,,4.287691,20.578741,4.999,0.259,hip2,HIP19990,
60746,,,12.449807,26.825722,5.000,0.088,hip2,HIP60746,
73129,,,14.945556,-62.780988,5.000,-0.023,hip2,HIP73129,
83336,,,17.031291,-32.143402,5.000,-0.100,hip2,HIP83336,
112203,,,22.724991,-41.414118,5.000,1.027,hip2,HIP112203,
21060,,,4.513916,-44.953743,5.001,-0.194,hip2,HIP21060,
81660,,,16.681978,64.589085,5.001,1.212,hip2,HIP81660,
74604,,,15.243702,-31.519126,5.002,0.374,hip2,HIP74604,
92761,,Ainalrami,18.902826,-22.744820,5.002,1.412,hip2,HIP92761,
910,,,0.187752,-15.467323,5.003,0.487,hip2,HIP910,
34909,,,7.222852,16.159068,5.003,1.653,hip2,HIP34909,
30093,,,6.333223,-2.944490,5.003,1.613,hip2,HIP30093,
29919,,,6.298564,61.515292,5.003,1.843,hip2,HIP29919,
91975,,,18.747204,2.060075,5.003,-0.055,hip2,HIP91975,
112374,,,22.760514,-53.500163,5.003,1.180,hip2,HIP112374,
98353,,,19.982549,-26.195828,5.005,0.882,hip2,HIP98353,
38538,,,7.891621,26.765858,5.005,0.098,hip2,HIP38538,
30520,,,6.414973,49.287899,5.006,1.905,hip2,HIP30520,
63503,,,13.012107,56.366331,5.006,0.368,hip2,HIP63503,
54204,,,11.088898,-27.293595,5.009,0.369,hip2,HIP54204,
3414,,,0.724470,47.024637,5.009,0.170,hip2,HIP3414,
64583,,,13.237619,-59.102860,5.009,0.489,hip2,HIP64583,
42134,,,8.588791,-58.009295,5.010,0.981,hip2,HIP42134,
53807,,,11.009344,3.617534,5.010,1.144,hip2,HIP53807,
90156,,,18.398514,58.800585,5.010,0.082,hip2,HIP90156,
19515,,,4.180676,-41.993741,5.011,0.334,hip2,HIP19515,
91755,,,18.710543,55.539401,5.011,-0.070,hip2,HIP91755,
87846,,,17.946507,-44.342198,5.011,1.176,hip2,HIP87846,
22453,,,4.831852,37.488182,5.011,1.447,hip2,HIP22453,
70027,,,14.329256,16.306801,5.012,1.228,hip2,HIP70027,
89918,,,18.347795,3.377145,5.012,0.911,hip2,HIP89918,
69269,,,14.180690,-16.302003,5.015,1.684,hip2,HIP69269,
101868,,,20.642197,24.115977,5.015,-0.133,hip2,HIP101868,
47452,,,9.671772,-14.332245,5.016,-0.149,hip2,HIP47452,
69618,,,14.249212,-57.086075,5.017,-0.074,hip2,HIP69618,
80181,,,16.368303,30.891734,5.017,0.970,hip2,HIP80181,
83608,,Alrakis,17.088940,54.469863,5.017,0.471,hip2,HIP83608,
43413,,,8.842629,-46.529196,5.018,-0.205,hip2,HIP43413,
74837,,,15.294136,-63.610487,5.018,1.260,hip2,HIP74837,
75379,,,15.403314,-10.321896,5.018,0.453,hip2,HIP75379,
33558,,,6.973640,-34.111726,5.018,-0.154,hip2,HIP33558,
102790,,,20.824703,-46.226893,5.018,1.494,hip2,HIP102790,
64820,,,13.286954,-66.783423,5.019,1.480,hip2,HIP64820,
101692,,,20.612119,-2.549918,5.019,1.606,hip2,HIP101692,
12093,,,2.597914,5.593301,5.019,0.880,hip2,HIP12093,
89861,,,18.338307,21.961441,5.019,1.594,hip2,HIP89861,
40321,,,8.232866,-36.322300,5.019,-0.184,hip2,HIP40321,
66257,,,13.579930,37.182439,5.019,0.404,hip2,HIP66257,
51808,,,10.584886,75.712984,5.021,0.957,hip2,HIP51808,
13884,,,2.979935,-64.071297,5.021,0.126,hip2,HIP13884,
57443,,,11.775624,-40.501335,5.021,0.664,hip2,HIP57443,
80686,,,16.474389,-70.084670,5.021,0.555,hip2,HIP80686,
38872,,,7.955120,-44.109876,5.021,-0.166,hip2,HIP38872,
33357,,,6.937775,-48.721164,5.021,1.668,hip2,HIP33357,
99120,,,20.123102,-52.880810,5.022,1.591,hip2,HIP99120,
46928,,,9.564863,-80.941294,5.022,-0.139,hip2,HIP46928,
99080,,,20.114833,23.614424,5.023,-0.162,hip2,HIP99080,
105186,,,21.307550,43.945967,5.023,-0.061,hip2,HIP105186,
12623,,,2.704147,40.194387,5.024,0.582,hip2,HIP12623,
15382,,,3.306138,-22.511149,5.024,0.904,hip2,HIP15382,
118121,,,23.959714,-64.298083,5.024,0.060,hip2,HIP118121,
88657,,,18.100530,22.218892,5.024,1.656,hip2,HIP88657,
89172,,,18.198380,31.405288,5.024,1.643,hip2,HIP89172,
73996,,,15.121652,24.869593,5.025,0.429,hip2,HIP73996,
76041,,,15.529720,40.899368,5.027,0.086,hip2,HIP76041,
72197,,,14.766716,-25.442916,5.029,0.315,hip2,HIP72197,
77811,,,15.888906,-20.166995,5.029,-0.014,hip2,HIP77811,
71832,,,14.694099,8.161756,5.029,0.992,hip2,HIP71832,
70248,,,14.373110,-80.108911,5.029,-0.108,hip2,HIP70248,
2219,,,0.467457,17.893075,5.029,1.584,hip2,HIP2219,
17851,,Pleione,3.819779,24.136826,5.029,-0.082,hip2,HIP17851,
78180,,,15.963220,54.749504,5.029,0.269,hip2,HIP78180,
15444,,,3.318783,50.095028,5.030,-0.067,hip2,HIP15444,
42483,,,8.661803,-29.560862,5.031,0.900,hip2,HIP42483,
17771,,,3.804514,11.143367,5.031,-0.125,hip2,HIP17771,
29134,,,6.145651,-68.843457,5.031,-0.072,hip2,HIP29134,
51437,,,10.504862,-0.636972,5.032,-0.138,hip2,HIP51437,
98258,,,19.965839,-15.491263,5.032,0.055,hip2,HIP98258,
114347,,,23.158737,8.677172,5.034,1.484,hip2,HIP114347,
21644,,,4.648220,-12.123078,5.034,0.074,hip2,HIP21644,
19777,,,4.239915,-10.255889,5.035,1.156,hip2,HIP19777,
47592,,,9.704075,-23.916209,5.037,0.534,hip2,HIP47592,
48559,,,9.903455,-25.932482,5.037,1.199,hip2,HIP48559,
48615,,Felis,9.914510,-19.009270,5.037,1.559,hip2,HIP48615,
34752,,,7.194248,39.320544,5.037,1.451,hip2,HIP34752,
74778,,,15.282472,-60.957245,5.038,-0.077,hip2,HIP74778,
90853,,,18.533873,-45.757354,5.038,-0.127,hip2,HIP90853,
108022,,,21.884378,25.925139,5.038,-0.155,hip2,HIP108022,
42662,,,8.695371,-15.943149,5.038,1.063,hip2,HIP42662,
6411,,Adhil,1.372331,45.528756,5.040,1.077,hip2,HIP6411,
53824,,,11.012453,6.101503,5.040,0.166,hip2,HIP53824,
97290,,,19.772728,-19.760895,5.040,1.061,hip2,HIP97290,
97496,,,19.816291,19.141978,5.040,0.095,hip2,HIP97496,
106551,,,21.579577,38.533827,5.040,1.085,hip2,HIP106551,
38010,,,7.790278,-38.511156,5.040,-0.112,hip2,HIP38010,
79822,,,16.291806,75.754704,5.041,0.393,hip2,HIP79822,
95261,,,19.380883,-54.423729,5.041,0.020,hip2,HIP95261,
109422,,,22.169023,-32.548440,5.043,0.489,hip2,HIP109422,
87212,,,17.817871,50.780545,5.043,0.043,hip2,HIP87212,
118209,,,23.977892,-3.555808,5.043,0.930,hip2,HIP118209,
24505,,,5.256768,-26.943437,5.044,-0.067,hip2,HIP24505,
107608,,,21.795604,-30.898306,5.044,0.042,hip2,HIP107608,
23835,,,5.124077,18.645007,5.044,0.657,hip2,HIP23835,
27468,,,5.816933,24.567554,5.045,1.021,hip2,HIP27468,
83430,,,17.052182,14.092100,5.045,1.600,hip2,HIP83430,
63462,,,13.004579,30.785037,5.045,1.165,hip2,HIP63462,
116758,,,23.663066,-14.222043,5.046,0.257,hip2,HIP116758,
57613,,,11.812529,-26.749754,5.046,1.594,hip2,HIP57613,
91845,,,18.725344,-8.275243,5.047,1.112,hip2,HIP91845,
94820,,,19.293913,-18.952882,5.047,1.013,hip2,HIP94820,
117301,,,23.784274,58.651852,5.048,1.122,hip2,HIP117301,
97118,,,19.737931,37.354270,5.048,0.948,hip2,HIP97118,
56280,,,11.537894,-29.261373,5.048,0.540,hip2,HIP56280,
31278,,,6.560534,-1.220110,5.048,-0.132,hip2,HIP31278,
115590,,,23.413957,62.282838,5.049,1.676,hip2,HIP115590,
51495,,,10.517243,-73.221509,5.050,1.677,hip2,HIP51495,
96341,,,19.586943,-48.099111,5.051,1.096,hip2,HIP96341,
62886,,,12.888270,21.245020,5.051,0.904,hip2,HIP62886,
35384,,,7.308883,49.464746,5.052,0.087,hip2,HIP35384,
9061,,,1.944489,-22.526712,5.053,1.434,hip2,HIP9061,
2854,,,0.602302,54.168454,5.054,-0.098,hip2,HIP2854,
112917,,,22.867208,43.312365,5.054,1.559,hip2,HIP112917,
45085,,,9.184556,-44.867912,5.054,0.222,hip2,HIP45085,
35406,,,7.310609,-36.742749,5.055,-0.170,hip2,HIP35406,
8241,,,1.768372,-53.522180,5.056,0.031,hip2,HIP8241,
92951,,,18.937392,4.202060,5.056,0.204,hip2,HIP92951,
102831,,,20.832800,-33.779673,5.057,1.003,hip2,HIP102831,
62763,,,12.861647,27.540734,5.058,0.681,hip2,HIP62763,
23783,,,5.111294,51.598143,5.058,0.343,hip2,HIP23783,
27534,,,5.831543,-66.901231,5.059,-0.128,hip2,HIP27534,
117371,,,23.798541,67.806813,5.060,0.007,hip2,HIP117371,
93867,,,19.116279,11.071305,5.060,-0.055,hip2,HIP93867,
60998,,,12.501878,69.201261,5.061,1.621,hip2,HIP60998,
6670,,,1.427003,-14.598754,5.061,1.231,hip2,HIP6670,
26885,,,5.707962,1.474665,5.062,1.144,hip2,HIP26885,
67480,,,13.828561,21.264064,5.062,1.432,hip2,HIP67480,
52085,,,10.643059,-16.876637,5.062,0.922,hip2,HIP52085,
18213,,,3.894146,-34.732295,5.063,-0.133,hip2,HIP18213,
48224,,,9.832545,-45.732760,5.064,-0.098,hip2,HIP48224,
46283,,,9.438327,-53.378936,5.065,-0.102,hip2,HIP46283,
10053,,,2.157024,25.939974,5.065,0.339,hip2,HIP10053,
93408,,,19.023989,46.935022,5.066,0.186,hip2,HIP93408,
65810,,,13.490349,-51.165115,5.069,0.059,hip2,HIP65810,
81292,,,16.603814,52.924356,5.071,-0.027,hip2,HIP81292,
27204,,,5.766637,-32.306380,5.071,-0.274,hip2,HIP27204,
101101,,,20.494155,-2.885476,5.074,1.160,hip2,HIP101101,
68815,,,14.088917,-76.796677,5.074,1.239,hip2,HIP68815,
33104,,,6.895067,68.888292,5.075,-0.114,hip2,HIP33104,
100881,,,20.455334,-18.211694,5.075,-0.049,hip2,HIP100881,
88060,,,17.984800,-30.253005,5.075,1.654,hip2,HIP88060,
36942,,,7.594361,-52.533808,5.075,1.373,hip2,HIP36942,
92689,,,18.887095,50.708289,5.075,0.903,hip2,HIP92689,
9836,,,2.109420,22.648404,5.076,0.121,hip2,HIP9836,
24504,,,5.256781,32.687570,5.076,0.222,hip2,HIP24504,
29353,,,6.187504,-65.589705,5.077,1.599,hip2,HIP29353,
81724,,,16.692888,-17.742165,5.077,1.095,hip2,HIP81724,
82129,,,16.777782,-67.109658,5.078,-0.080,hip2,HIP82129,
10280,,,2.206201,30.303215,5.079,0.770,hip2,HIP10280,
34622,,,7.170467,-4.237636,5.079,1.020,hip2,HIP34622,
42834,,,8.727854,-49.822810,5.079,-0.197,hip2,HIP42834,
55597,,,11.389287,-64.954731,5.080,-0.061,hip2,HIP55597,
21139,,,4.531297,-0.043991,5.081,1.320,hip2,HIP21139,
95477,,,19.421236,-24.508449,5.082,0.235,hip2,HIP95477,
5317,,,1.133533,43.942241,5.082,0.109,hip2,HIP5317,
61384,,,12.578907,70.021773,5.082,1.312,hip2,HIP61384,
95937,,,19.511062,-2.788861,5.083,1.770,hip2,HIP95937,
145,,,0.030399,-3.027479,5.083,-0.128,hip2,HIP145,
113288,,Tengshe,22.940555,49.733551,5.083,1.778,hip2,HIP113288,
32864,,,6.849191,67.571923,5.084,-0.152,hip2,HIP32864,
7918,,,1.696254,42.613807,5.084,0.618,hip2,HIP7918,
46914,,,9.562378,-49.005093,5.085,-0.114,hip2,HIP46914,
20901,,,4.480584,13.047639,5.085,0.215,hip2,HIP20901,
45439,,,9.260212,-38.569918,5.085,1.084,hip2,HIP45439,
5862,,,1.252935,-45.532097,5.085,0.571,hip2,HIP5862,
107763,,,21.830745,30.174278,5.086,0.010,hip2,HIP107763,
48437,,,9.875131,-8.104916,5.086,0.038,hip2,HIP48437,
102388,,,20.747923,25.271048,5.087,1.183,hip2,HIP102388,
40285,,,8.226712,-46.991653,5.088,-0.139,hip2,HIP40285,
89348,,,18.231488,64.397199,5.088,0.440,hip2,HIP89348,
38373,,,7.861666,1.766878,5.089,-0.116,hip2,HIP38373,
93057,,,18.955688,-20.656334,5.089,0.137,hip2,HIP93057,
117073,,,23.733177,29.361553,5.089,0.935,hip2,HIP117073,
20252,,,4.340182,34.566742,5.090,0.950,hip2,HIP20252,
102571,,,20.786312,34.374103,5.091,1.294,hip2,HIP102571,
72631,,,14.850283,-2.298850,5.091,0.988,hip2,HIP72631,
2578,,,0.545498,-63.031379,5.092,0.038,hip2,HIP2578,
23794,,,5.112680,-4.655163,5.092,-0.059,hip2,HIP23794,
52457,,,10.723619,23.188384,5.095,0.042,hip2,HIP52457,
89981,,,18.359079,49.121469,5.096,1.619,hip2,HIP89981,
17296,,,3.702596,63.216759,5.096,1.651,hip2,HIP17296,
59847,,,12.272376,23.945423,5.096,0.957,hip2,HIP59847,
85162,,,17.403637,-44.162502,5.096,-0.052,hip2,HIP85162,
39079,,,7.995607,-3.679578,5.097,1.205,hip2,HIP39079,
69038,,,14.132152,43.854525,5.097,1.493,hip2,HIP69038,
56986,,,11.681570,-62.090104,5.097,1.111,hip2,HIP56986,
28325,,,5.984530,-9.558140,5.098,0.189,hip2,HIP28325,
79653,,,16.254263,-47.371910,5.099,-0.114,hip2,HIP79653,
355,,,0.075034,-10.509494,5.100,1.619,hip2,HIP355,
95951,,,19.512610,27.965279,5.100,-0.095,hip2,HIP95951,
98073,,,19.932052,58.846020,5.100,1.584,hip2,HIP98073,
106711,,,21.615827,40.413491,5.101,0.198,hip2,HIP106711,
84833,,,17.338574,18.057216,5.102,1.654,hip2,HIP84833,
75206,,,15.368998,-47.927470,5.103,0.515,hip2,HIP75206,
97870,,,19.888159,57.523463,5.103,-0.125,hip2,HIP97870,
66803,,,13.693564,-8.703082,5.103,1.623,hip2,HIP66803,
64166,,,13.150912,-23.117973,5.103,1.048,hip2,HIP64166,
65721,,,13.473875,13.780188,5.103,0.714,hip2,HIP65721,
13905,,,2.984364,35.183114,5.104,1.235,hip2,HIP13905,
8882,,,1.906128,-42.496881,5.106,-0.060,hip2,HIP8882,
13775,,,2.954800,31.934294,5.106,-0.007,hip2,HIP13775,
79790,,,16.283593,-50.068112,5.106,0.788,hip2,HIP79790,
98425,,,19.998665,37.042886,5.106,-0.133,hip2,HIP98425,
97295,,,19.773773,33.728688,5.106,0.476,hip2,HIP97295,
37379,,,7.673114,-15.263852,5.107,1.543,hip2,HIP37379,
18772,,,4.021686,-61.079052,5.107,1.386,hip2,HIP18772,
60059,,,12.316619,-55.142975,5.107,1.600,hip2,HIP60059,
93279,,,19.000228,32.145490,5.108,1.465,hip2,HIP93279,
64540,,,13.228606,40.152848,5.108,1.061,hip2,HIP64540,
39424,,,8.058639,27.794418,5.108,1.130,hip2,HIP39424,
76008,,,15.523626,77.349339,5.110,1.545,hip2,HIP76008,
63005,,,12.910256,-57.168644,5.110,-0.089,hip2,HIP63005,
38423,,,7.871056,-34.706021,5.111,0.470,hip2,HIP38423,
108317,,,21.944207,63.625567,5.111,1.547,hip2,HIP108317,
75312,,,15.386730,30.288242,5.112,0.577,hip2,HIP75312,
20250,,,4.339232,27.350941,5.112,1.150,hip2,HIP20250,
40943,,,8.355847,-36.484194,5.113,-0.187,hip2,HIP40943,
6242,,,1.334699,58.231616,5.113,0.683,hip2,HIP6242,
28691,,,6.057600,19.690610,5.114,-0.097,hip2,HIP28691,
16292,,,3.500064,55.451837,5.114,0.022,hip2,HIP16292,
79509,,,16.224648,-54.630413,5.114,1.016,hip2,HIP79509,
52742,,,10.782637,-56.757191,5.115,-0.080,hip2,HIP52742,
25278,,,5.407031,17.383552,5.115,0.544,hip2,HIP25278,
36393,,,7.489018,28.118404,5.115,0.120,hip2,HIP36393,
55945,,,11.465619,2.856291,5.116,1.000,hip2,HIP55945,
37891,,,7.765799,-14.563820,5.116,0.342,hip2,HIP37891,
24822,,,5.321275,22.096691,5.117,0.937,hip2,HIP24822,
111795,,,22.643852,56.795710,5.117,1.537,hip2,HIP111795,
78650,,,16.055741,-25.865149,5.117,1.234,hip2,HIP78650,
841,,,0.172012,46.072272,5.117,0.405,hip2,HIP841,
42509,,,8.667089,-12.475374,5.118,1.415,hip2,HIP42509,
33345,,,6.935180,-14.043446,5.118,1.182,hip2,HIP33345,
102843,,,20.834675,44.058982,5.119,0.198,hip2,HIP102843,
117315,,,23.787774,-50.226404,5.119,-0.164,hip2,HIP117315,
109289,,,22.140536,-34.043721,5.120,1.499,hip2,HIP109289,
94477,,,19.228528,2.293714,5.121,-0.071,hip2,HIP94477,
24879,,,5.333589,33.958062,5.121,0.287,hip2,HIP24879,
41296,,,8.425372,-51.727457,5.121,-0.164,hip2,HIP41296,
59819,,,12.266732,14.899145,5.121,0.068,hip2,HIP59819,
116310,,,23.565876,31.325322,5.122,1.383,hip2,HIP116310,
76243,,,15.574037,-9.183349,5.122,-0.090,hip2,HIP76243,
109017,,,22.085775,62.279821,5.123,0.240,hip2,HIP109017,
113788,,,23.043427,42.757806,5.124,0.094,hip2,HIP113788,
76742,,,15.671363,-23.818058,5.125,1.302,hip2,HIP76742,
60172,,,12.339209,3.312727,5.125,1.172,hip2,HIP60172,
6960,,,1.493361,-21.629347,5.125,0.028,hip2,HIP6960,
20877,,,4.473990,16.359629,5.126,1.137,hip2,HIP20877,
102157,,,20.699184,-66.760625,5.127,-0.061,hip2,HIP102157,
21673,,,4.652555,15.800033,5.127,0.141,hip2,HIP21673,
67494,,,13.831207,-18.134076,5.127,1.059,hip2,HIP67494,
26640,,,5.662276,25.897149,5.128,-0.150,hip2,HIP26640,
42504,,,8.666006,-53.054782,5.128,-0.147,hip2,HIP42504,
109556,,,22.191829,59.414514,5.129,0.192,hip2,HIP109556,
21861,,,4.700957,-37.144766,5.130,0.391,hip2,HIP21861,
18488,,,3.952303,61.108917,5.130,1.435,hip2,HIP18488,
92814,,,18.911976,-15.603022,5.131,0.141,hip2,HIP92814,
117629,,,23.855923,-18.909155,5.131,-0.122,hip2,HIP117629,
19018,,,4.074212,59.155508,5.131,0.495,hip2,HIP19018,
87234,,,17.824149,76.962278,5.132,0.518,hip2,HIP87234,
16322,,,3.506799,11.336481,5.132,-0.041,hip2,HIP16322,
89153,,,18.195369,-23.701168,5.132,1.055,hip2,HIP89153,
57696,,,11.832396,-70.225786,5.133,1.360,hip2,HIP57696,
53838,,,11.014022,39.212132,5.133,0.255,hip2,HIP53838,
55588,,,11.386862,-36.164768,5.133,1.464,hip2,HIP55588,
117718,,,23.874803,19.120370,5.133,1.587,hip2,HIP117718,
64407,,,13.200968,-16.197903,5.133,0.460,hip2,HIP64407,
37391,,,7.675303,87.020156,5.134,1.604,hip2,HIP37391,
90191,,,18.403834,39.507250,5.134,0.047,hip2,HIP90191,
84887,,,17.348394,24.499440,5.135,0.000,hip2,HIP84887,
39961,,,8.159979,-44.122779,5.135,-0.173,hip2,HIP39961,
90806,,,18.523972,-18.402645,5.135,0.016,hip2,HIP90806,
56000,,,11.476419,-42.674218,5.135,-0.028,hip2,HIP56000,
47965,,,9.775462,57.127990,5.135,1.594,hip2,HIP47965,
64906,,,13.304039,49.682015,5.136,-0.049,hip2,HIP64906,
104755,,,21.222344,-70.126217,5.136,1.578,hip2,HIP104755,
95556,,,19.435868,36.317865,5.136,-0.120,hip2,HIP95556,
98842,,,20.072101,-32.056269,5.136,1.208,hip2,HIP98842,
96950,,,19.708637,-16.123974,5.137,0.319,hip2,HIP96950,
56754,,,11.635381,-61.826555,5.137,-0.040,hip2,HIP56754,
29800,,,6.274047,12.271710,5.138,0.431,hip2,HIP29800,
77660,,,15.854346,-3.090430,5.139,0.135,hip2,HIP77660,
117221,,,23.767233,46.420291,5.139,1.086,hip2,HIP117221,
19171,,,4.110111,27.600025,5.140,-0.124,hip2,HIP19171,
28010,,,5.924970,-37.120609,5.140,1.102,hip2,HIP28010,
108535,,,21.987529,73.180284,5.140,0.439,hip2,HIP108535,
34105,,,7.071755,-56.749731,5.142,-0.032,hip2,HIP34105,
95066,,,19.342455,-5.415875,5.142,0.937,hip2,HIP95066,
15404,,,3.310478,50.222235,5.143,-0.073,hip2,HIP15404,
20522,,,4.397733,9.460983,5.143,0.074,hip2,HIP20522,
78105,,,15.948189,-33.966023,5.143,0.129,hip2,HIP78105,
46771,,,9.532442,11.300030,5.144,1.046,hip2,HIP46771,
70400,,,14.403164,5.820115,5.146,0.124,hip2,HIP70400,
91875,,,18.729706,-38.323311,5.146,0.075,hip2,HIP91875,
52425,,,10.717789,69.076245,5.147,1.406,hip2,HIP52425,
75973,,,15.515486,40.833068,5.148,1.589,hip2,HIP75973,
32844,,,6.846101,41.781566,5.149,1.256,hip2,HIP32844,
37300,,,7.657942,17.674516,5.149,1.616,hip2,HIP37300,
22565,,,4.856226,18.839941,5.151,0.214,hip2,HIP22565,
25292,,,5.410873,37.385375,5.152,1.445,hip2,HIP25292,
63210,,,12.951217,-51.198716,5.152,-0.066,hip2,HIP63210,
41483,,,8.460181,-53.088540,5.153,0.256,hip2,HIP41483,
57175,,,11.725333,-62.489399,5.153,0.784,hip2,HIP57175,
103200,,,20.909344,28.057632,5.153,1.481,hip2,HIP103200,
55560,,,11.380448,43.482737,5.154,0.998,hip2,HIP55560,
78323,,,15.991749,-41.744396,5.154,0.988,hip2,HIP78323,
88788,,,18.124650,43.462032,5.154,0.913,hip2,HIP88788,
44659,,,9.099549,5.092342,5.156,1.189,hip2,HIP44659,
88899,,,18.148016,20.045284,5.156,0.176,hip2,HIP88899,
68103,,,13.942823,27.492198,5.157,1.441,hip2,HIP68103,
53721,,Chalawan,10.991171,40.430123,5.157,0.624,hip2,HIP53721,
59856,,,12.275049,33.061798,5.158,1.140,hip2,HIP59856,
42088,,,8.578780,-49.944246,5.158,1.304,hip2,HIP42088,
67244,,,13.782323,-36.251905,5.158,-0.007,hip2,HIP67244,
84671,,,17.310274,10.864713,5.159,1.539,hip2,HIP84671,
36041,,,7.427472,9.276118,5.159,0.991,hip2,HIP36041,
39567,,,8.084586,13.118371,5.159,0.018,hip2,HIP39567,
39970,,,8.161989,-47.937217,5.159,-0.199,hip2,HIP39970,
96825,,,19.680587,45.524649,5.160,0.426,hip2,HIP96825,
32558,,,6.793673,-8.998501,5.160,1.795,hip2,HIP32558,
95260,,,19.380801,26.262430,5.160,-0.119,hip2,HIP95260,
74975,,,15.321828,1.766656,5.160,0.540,hip2,HIP74975,
88745,,,18.117113,30.561868,5.161,0.528,hip2,HIP88745,
54360,,,11.121321,-42.638782,5.161,0.029,hip2,HIP54360,
40259,,,8.222215,-15.788215,5.162,1.066,hip2,HIP40259,
58905,,,12.079629,-76.519175,5.162,1.491,hip2,HIP58905,
7719,,,1.655839,44.386128,5.163,0.883,hip2,HIP7719,
79043,,Marsic,16.134596,17.046993,5.163,0.931,hip2,HIP79043,
94490,,,19.231990,57.705255,5.163,1.156,hip2,HIP94490,
11477,,,2.467136,-33.811053,5.164,0.089,hip2,HIP11477,
25202,,,5.391710,-13.927350,5.164,-0.219,hip2,HIP25202,
32855,,,6.847875,-34.367320,5.166,1.379,hip2,HIP32855,
36817,,,7.571854,-23.473664,5.166,0.468,hip2,HIP36817,
74793,,,15.284967,71.823878,5.167,1.369,hip2,HIP74793,
38020,,,7.792086,-46.608510,5.167,-0.151,hip2,HIP38020,
32173,,,6.718058,44.524523,5.167,1.479,hip2,HIP32173,
7999,,,1.712088,-3.690117,5.168,1.378,hip2,HIP7999,
111532,,,22.596049,73.643127,5.168,0.395,hip2,HIP111532,
17886,,,3.825751,33.091381,5.168,0.057,hip2,HIP17886,
47205,,,9.620197,6.835775,5.170,1.051,hip2,HIP47205,
108036,,,21.888218,-13.551802,5.170,0.378,hip2,HIP108036,
23649,,,5.082765,-49.577830,5.171,1.484,hip2,HIP23649,
92845,,,18.918631,-22.671253,5.172,1.348,hip2,HIP92845,
58188,,,11.933607,-17.150809,5.173,-0.022,hip2,HIP58188,
25048,,,5.363446,41.804663,5.173,-0.129,hip2,HIP25048,
35951,,,7.411164,-16.201423,5.173,-0.035,hip2,HIP35951,
6061,,,1.296662,3.614521,5.173,0.071,hip2,HIP6061,
60189,,,12.342697,-22.215834,5.174,-0.090,hip2,HIP60189,
23430,,,5.036046,-26.274843,5.175,1.056,hip2,HIP23430,
90200,,,18.405067,-44.110201,5.177,-0.163,hip2,HIP90200,
117020,,,23.722877,10.331508,5.177,1.692,hip2,HIP117020,
28675,,,6.054323,-26.284751,5.177,1.335,hip2,HIP28675,
60646,,,12.430833,39.018699,5.177,0.955,hip2,HIP60646,
3810,,,0.816308,16.941134,5.178,0.501,hip2,HIP3810,
51362,,,10.491314,-2.739047,5.179,-0.050,hip2,HIP51362,
55598,,,11.389465,-18.779903,5.179,0.439,hip2,HIP55598,
105268,,,21.322837,64.871842,5.179,-0.045,hip2,HIP105268,
56862,,,11.658231,-65.397749,5.179,0.804,hip2,HIP56862,
1158,,,0.240998,-7.780538,5.180,1.601,hip2,HIP1158,
46880,,,9.553465,-21.115759,5.180,1.023,hip2,HIP46880,
106999,,,21.669739,43.273801,5.180,1.601,hip2,HIP106999,
51635,,,10.549134,-47.003369,5.180,1.045,hip2,HIP51635,
68269,,,13.975327,-24.972178,5.181,-0.086,hip2,HIP68269,
36429,,,7.496884,27.916200,5.182,1.117,hip2,HIP36429,
8016,,,1.715480,70.622559,5.182,-0.022,hip2,HIP8016,
63901,,,13.095684,35.798852,5.182,-0.059,hip2,HIP63901,
105570,,,21.381550,6.811113,5.183,0.064,hip2,HIP105570,
97635,,,19.843815,52.988167,5.184,1.286,hip2,HIP97635,
32292,,,6.741241,-31.070538,5.184,-0.127,hip2,HIP32292,
89935,,,18.350283,28.869835,5.184,0.212,hip2,HIP89935,
96665,,,19.653233,5.397782,5.185,-0.001,hip2,HIP96665,
14954,,,3.212868,-1.195933,5.185,0.575,hip2,HIP14954,
60514,,,12.405150,26.098613,5.185,0.082,hip2,HIP60514,
42430,,,8.652242,-22.662907,5.186,0.720,hip2,HIP42430,
37606,,,7.715878,-45.171773,5.187,0.765,hip2,HIP37606,
42540,,,8.672005,-40.263893,5.187,-0.027,hip2,HIP42540,
61468,,,12.596004,-41.021947,5.187,0.224,hip2,HIP61468,
35846,,,7.391265,25.050600,5.187,0.902,hip2,HIP35846,
25045,,,5.362852,-24.772950,5.189,0.662,hip2,HIP25045,
25110,,,5.376049,79.230757,5.190,0.505,hip2,HIP25110,
15890,,,3.411267,64.585996,5.190,2.038,hip2,HIP15890,
40429,,,8.254432,-62.915617,5.190,0.086,hip2,HIP40429,
53426,,,10.929017,33.506996,5.191,1.101,hip2,HIP53426,
102693,,,20.808055,-43.988272,5.192,0.361,hip2,HIP102693,
90887,,,18.539252,-39.703910,5.193,0.079,hip2,HIP90887,
19799,,,4.243399,10.011439,5.193,-0.085,hip2,HIP19799,
39690,,,8.111207,-45.266042,5.193,1.488,hip2,HIP39690,
54461,,,11.142779,-61.947180,5.193,0.195,hip2,HIP54461,
61418,,,12.585490,18.377002,5.194,1.152,hip2,HIP61418,
94083,,,19.152708,76.560793,5.194,0.308,hip2,HIP94083,
45344,,,9.240140,-43.227522,5.196,-0.137,hip2,HIP45344,
44337,,,9.029048,-52.188718,5.197,-0.120,hip2,HIP44337,
51718,,,10.566914,-23.745216,5.198,1.596,hip2,HIP51718,
22479,,,4.836553,-16.217284,5.198,0.992,hip2,HIP22479,
42425,,,8.651424,-70.386652,5.199,0.013,hip2,HIP42425,
114520,,,23.195610,8.720128,5.199,0.139,hip2,HIP114520,
2225,,,0.470440,44.394489,5.200,0.043,hip2,HIP2225,
112031,,,22.691292,40.225463,5.200,-0.137,hip2,HIP112031,
113860,,,23.058267,-34.749617,5.201,0.305,hip2,HIP113860,
13717,,,2.943735,-3.712214,5.202,0.084,hip2,HIP13717,
61910,,,12.687784,-13.013921,5.202,0.432,hip2,HIP61910,
54767,,,11.212575,-64.169783,5.203,-0.082,hip2,HIP54767,
101923,,,20.654532,-14.954712,5.203,-0.129,hip2,HIP101923,
30073,,,6.328556,-7.822910,5.203,-0.177,hip2,HIP30073,
23734,,,5.102350,58.972391,5.203,-0.080,hip2,HIP23734,
111710,,Situla,22.629284,-4.227763,5.204,1.140,hip2,HIP111710,
20507,,,4.394689,-3.745332,5.204,0.072,hip2,HIP20507,
28991,,,6.117601,-62.154411,5.204,1.256,hip2,HIP28991,
109102,,,22.100544,45.014386,5.204,1.568,hip2,HIP109102,
44798,,,9.129118,10.668215,5.207,-0.092,hip2,HIP44798,
48113,,,9.809774,46.021233,5.207,0.619,hip2,HIP48113,
58587,,,12.014214,-19.658999,5.207,-0.192,hip2,HIP58587,
52701,,,10.774892,-64.263264,5.207,-0.077,hip2,HIP52701,
14240,,,3.060251,-59.737620,5.208,0.349,hip2,HIP14240,
15219,,,3.270057,50.937711,5.208,1.107,hip2,HIP15219,
16803,,,3.604831,-17.467041,5.208,-0.117,hip2,HIP16803,
31765,,,6.643787,-48.220231,5.209,0.997,hip2,HIP31765,
42129,,,8.587661,-58.224763,5.210,-0.133,hip2,HIP42129,
65468,,,13.418711,-74.887497,5.210,1.110,hip2,HIP65468,
35699,,,7.365805,20.443716,5.210,1.528,hip2,HIP35699,
85079,,,17.387800,-47.468154,5.211,-0.097,hip2,HIP85079,
82504,,,16.862571,24.656420,5.211,1.246,hip2,HIP82504,
48833,,,9.961429,41.055697,5.211,0.481,hip2,HIP48833,
60320,,,12.368718,-67.522093,5.213,0.195,hip2,HIP60320,
101916,,,20.652109,10.086152,5.213,0.702,hip2,HIP101916,
23941,,,5.145463,-4.456246,5.213,0.455,hip2,HIP23941,
84033,,,17.178431,-44.557551,5.214,0.867,hip2,HIP84033,
27971,,,5.916063,59.888412,5.215,0.010,hip2,HIP27971,
49485,,,10.103117,-47.369865,5.215,0.880,hip2,HIP49485,
17457,,,3.741808,-1.163078,5.215,-0.088,hip2,HIP17457,
46774,,,9.532662,9.715798,5.216,1.364,hip2,HIP46774,
29271,,Hoerikwaggo,6.170612,-74.752528,5.216,0.714,hip2,HIP29271,
2381,,,0.506298,-23.787714,5.216,0.128,hip2,HIP2381,
115227,,,23.339038,5.381452,5.217,1.204,hip2,HIP115227,
50083,,,10.225190,-66.372839,5.219,0.217,hip2,HIP50083,
90037,,,18.371834,-38.656825,5.220,1.498,hip2,HIP90037,
77277,,,15.777765,62.599695,5.220,0.062,hip2,HIP77277,
75761,,,15.477302,1.842163,5.220,0.245,hip2,HIP75761,
111797,,,22.644182,63.584521,5.221,0.083,hip2,HIP111797,
28744,,,6.070418,-6.708950,5.221,-0.066,hip2,HIP28744,
93903,,,19.121703,36.100167,5.222,-0.109,hip2,HIP93903,
19949,,,4.278640,53.611803,5.222,0.052,hip2,HIP19949,
19461,,,4.167440,80.698674,5.223,0.589,hip2,HIP19461,
117089,,,23.736684,-18.276929,5.223,-0.084,hip2,HIP117089,
56779,,,11.641003,8.134283,5.223,1.499,hip2,HIP56779,
88331,,,18.039736,20.833648,5.224,-0.100,hip2,HIP88331,
82216,,,16.796231,5.246840,5.224,-0.001,hip2,HIP82216,
98571,,,20.022652,50.104680,5.224,1.122,hip2,HIP98571,
28296,,,5.980439,0.552974,5.225,0.009,hip2,HIP28296,
83947,,,17.159245,40.777015,5.225,1.275,hip2,HIP83947,
5544,,,1.185215,31.424766,5.225,0.261,hip2,HIP5544,
23840,,,5.126114,-63.399570,5.225,1.646,hip2,HIP23840,
104043,,,21.078619,-77.022869,5.225,0.490,hip2,HIP104043,
101260,,,20.525111,74.954660,5.225,0.100,hip2,HIP101260,
102950,,,20.858347,-51.608167,5.226,1.125,hip2,HIP102950,
22833,,,4.913030,11.425974,5.227,0.121,hip2,HIP22833,
33779,,,7.014307,-51.402634,5.228,1.652,hip2,HIP33779,
76307,,,15.587472,39.010046,5.228,1.650,hip2,HIP76307,
27364,,,5.795251,13.899631,5.228,-0.156,hip2,HIP27364,
101984,,,20.667488,-18.138606,5.228,1.647,hip2,HIP101984,
59504,,,12.203309,77.616192,5.228,0.358,hip2,HIP59504,
56332,,,11.548375,-31.087236,5.229,1.581,hip2,HIP56332,
44093,,,8.981230,-47.234823,5.229,0.268,hip2,HIP44093,
37946,,,7.777572,37.517363,5.230,1.588,hip2,HIP37946,
25282,,,5.408031,-0.891669,5.231,0.961,hip2,HIP25282,
40680,,,8.305216,-65.613246,5.231,1.129,hip2,HIP40680,
18788,,,4.025565,-1.549626,5.231,-0.133,hip2,HIP18788,
101983,,,20.667296,-60.547509,5.232,0.544,hip2,HIP101983,
40843,,,8.334409,27.218621,5.234,0.487,hip2,HIP40843,
56243,,,11.529465,-59.442064,5.234,1.026,hip2,HIP56243,
113561,,,23.001418,56.945381,5.234,1.011,hip2,HIP113561,
3781,,,0.809755,-74.923354,5.234,1.345,hip2,HIP3781,
38016,,,7.791760,33.415767,5.234,1.635,hip2,HIP38016,
69415,,,14.212787,-27.261100,5.234,1.130,hip2,HIP69415,
25541,,,5.460802,34.475986,5.236,1.400,hip2,HIP25541,
37088,,,7.621314,-4.111022,5.237,0.442,hip2,HIP37088,
51775,,,10.580020,6.953612,5.237,0.921,hip2,HIP51775,
13874,,,2.978359,-2.782724,5.237,0.014,hip2,HIP13874,
51814,,,10.586006,57.082546,5.238,0.349,hip2,HIP51814,
85805,,,17.532747,68.134702,5.238,1.077,hip2,HIP85805,
97675,,,19.850417,10.416054,5.240,0.563,hip2,HIP97675,
42334,,,8.631158,-26.254970,5.241,-0.030,hip2,HIP42334,
58803,,,12.060921,-42.433787,5.241,0.417,hip2,HIP58803,
45505,,,9.273066,-44.265746,5.241,1.636,hip2,HIP45505,
108924,,,22.064703,63.119779,5.241,1.557,hip2,HIP108924,
72603,,,14.844795,-15.997092,5.242,0.401,hip2,HIP72603,
21727,,,4.665191,53.079573,5.242,1.079,hip2,HIP21727,
12832,,,2.749308,12.445967,5.242,0.234,hip2,HIP12832,
60904,,,12.481866,25.912888,5.242,-0.056,hip2,HIP60904,
67703,,,13.868028,-52.811464,5.243,-0.084,hip2,HIP67703,
32765,,,6.831838,-46.615470,5.243,0.460,hip2,HIP32765,
13165,,,2.821544,17.464344,5.243,-0.066,hip2,HIP13165,
5799,,,1.239991,-7.923500,5.244,0.448,hip2,HIP5799,
57371,,,11.762223,-45.690145,5.245,-0.118,hip2,HIP57371,
91014,,,18.566046,-33.016532,5.245,-0.115,hip2,HIP91014,
102531,,,20.777463,16.124622,5.245,0.495,hip2,HIP102531,
32537,,,6.789280,-37.929672,5.245,-0.078,hip2,HIP32537,
115126,,,23.318475,-13.458444,5.245,0.787,hip2,HIP115126,
115444,,,23.384599,12.313952,5.246,1.315,hip2,HIP115444,
25197,,,5.391063,57.544532,5.247,-0.011,hip2,HIP25197,
51912,,,10.605712,-59.564295,5.247,1.172,hip2,HIP51912,
15737,,,3.379242,20.742105,5.248,1.231,hip2,HIP15737,
45631,,,9.301636,-51.050895,5.249,-0.062,hip2,HIP45631,
23265,,,5.005755,81.194021,5.251,1.304,hip2,HIP23265,
32104,,,6.706756,17.645514,5.251,0.063,hip2,HIP32104,
98920,,,20.085965,19.990877,5.251,1.058,hip2,HIP98920,
75530,,,15.429835,15.428054,5.252,1.650,hip2,HIP75530,
99738,,,20.237367,28.694864,5.252,0.191,hip2,HIP99738,
39487,,,8.071165,-32.674847,5.253,1.882,hip2,HIP39487,
56250,,,11.530224,-59.515649,5.253,0.432,hip2,HIP56250,
97630,,,19.842774,38.722162,5.254,1.665,hip2,HIP97630,
82493,,,16.859367,-41.230533,5.254,0.047,hip2,HIP82493,
45290,,,9.230064,43.217913,5.254,-0.130,hip2,HIP45290,
33316,,,6.929703,-22.941450,5.254,-0.163,hip2,HIP33316,
55831,,,11.443176,-61.115171,5.254,-0.077,hip2,HIP55831,
2900,,,0.612909,44.488510,5.256,1.587,hip2,HIP2900,
48883,,,9.970386,12.444840,5.256,-0.035,hip2,HIP48883,
105942,,,21.455935,37.116792,5.257,-0.140,hip2,HIP105942,
14043,,,3.014496,52.351797,5.257,-0.049,hip2,HIP14043,
24873,,,5.333064,-12.315605,5.257,-0.104,hip2,HIP24873,
24169,,,5.189681,-11.849227,5.257,1.350,hip2,HIP24169,
98174,,,19.951745,-58.901315,5.257,0.014,hip2,HIP98174,
79302,,,16.183924,-29.416006,5.258,1.131,hip2,HIP79302,
1686,,,0.352007,37.968699,5.258,0.442,hip2,HIP1686,
10559,,,2.265638,33.358976,5.258,-0.004,hip2,HIP10559,
36114,,,7.439404,-51.018496,5.258,1.038,hip2,HIP36114,
86796,,Cervantes,17.735755,-51.833588,5.258,0.694,hip2,HIP86796,
9110,,,1.955843,17.817589,5.259,0.921,hip2,HIP9110,
52469,,,10.725866,46.204038,5.259,0.324,hip2,HIP52469,
115404,,,23.377528,-15.039380,5.259,0.203,hip2,HIP115404,
37921,,,7.771172,10.768311,5.260,0.018,hip2,HIP37921,
35393,,,7.309311,-39.210307,5.261,0.026,hip2,HIP35393,
39023,,,7.984923,-23.310403,5.261,1.111,hip2,HIP39023,
87194,,,17.813653,25.622962,5.261,1.141,hip2,HIP87194,
5300,,,1.129952,-41.486937,5.262,0.159,hip2,HIP5300,
85389,,,17.447773,-45.842963,5.263,-0.058,hip2,HIP85389,
107382,,,21.750069,-9.082424,5.263,1.108,hip2,HIP107382,
21296,,,4.569900,-8.231359,5.263,1.708,hip2,HIP21296,
39070,,,7.993763,-60.587089,5.263,1.758,hip2,HIP39070,
44143,,,8.990106,-59.084397,5.264,0.417,hip2,HIP44143,
112935,,,22.873268,9.835557,5.264,0.487,hip2,HIP112935,
34081,,,7.067447,-42.337454,5.264,0.198,hip2,HIP34081,
92405,,,18.831368,32.551089,5.265,0.100,hip2,HIP92405,
117689,,,23.868526,-82.018768,5.266,0.934,hip2,HIP117689,
9459,,,2.028445,-44.713391,5.266,1.471,hip2,HIP9459,
17717,,,3.794339,-23.874796,5.266,0.075,hip2,HIP17717,
109693,,,22.219493,86.107857,5.266,-0.030,hip2,HIP109693,
78481,,,16.020652,17.818026,5.266,0.992,hip2,HIP78481,
106944,,,21.659246,2.243763,5.267,1.034,hip2,HIP106944,
64803,,,13.281420,-31.506077,5.267,0.959,hip2,HIP64803,
31434,,,6.586684,28.022344,5.268,-0.008,hip2,HIP31434,
69373,,,14.201126,69.432669,5.269,1.595,hip2,HIP69373,
94885,,,19.309025,1.085085,5.269,1.143,hip2,HIP94885,
62356,,,12.777431,16.577649,5.270,1.346,hip2,HIP62356,
74605,,,15.243890,67.347676,5.270,0.550,hip2,HIP74605,
109973,,,22.274047,-41.627202,5.271,0.930,hip2,HIP109973,
10320,,,2.215128,-30.723843,5.271,-0.013,hip2,HIP10320,
11060,,,2.372621,55.845656,5.272,0.369,hip2,HIP11060,
112242,,,22.734857,41.819227,5.272,0.960,hip2,HIP112242,
82073,,,16.763859,8.582578,5.273,1.535,hip2,HIP82073,
44857,,,9.139870,66.873333,5.274,1.514,hip2,HIP44857,
25980,,,5.544821,-1.591833,5.274,-0.188,hip2,HIP25980,
77982,,,15.924893,-68.602986,5.275,1.108,hip2,HIP77982,
43305,,,8.822705,-3.442971,5.275,-0.080,hip2,HIP43305,
34670,,,7.179861,-48.932577,5.275,1.251,hip2,HIP34670,
76259,,,15.577030,-28.046908,5.275,1.306,hip2,HIP76259,
42679,,,8.699143,-45.410726,5.275,0.171,hip2,HIP42679,
15627,,,3.353781,21.147140,5.275,-0.067,hip2,HIP15627,
43970,,,8.954143,15.322717,5.276,0.149,hip2,HIP43970,
32492,,,6.780859,-14.425996,5.276,-0.024,hip2,HIP32492,
53261,,,10.892922,54.585152,5.277,1.355,hip2,HIP53261,
2355,,,0.502038,29.751695,5.277,0.271,hip2,HIP2355,
38382,,,7.862873,-13.897190,5.277,0.600,hip2,HIP38382,
32921,,,6.859181,21.761232,5.279,-0.020,hip2,HIP32921,
11784,,,2.535038,36.147231,5.280,1.472,hip2,HIP11784,
55137,,,11.288158,2.010903,5.280,1.511,hip2,HIP55137,
91105,,,18.583990,-10.977194,5.280,0.926,hip2,HIP91105,
3909,,,0.835479,-10.643770,5.281,0.514,hip2,HIP3909,
80197,,,16.372617,33.799145,5.281,1.631,hip2,HIP80197,
52353,,,10.699106,65.716462,5.282,1.207,hip2,HIP52353,
55779,,,11.428768,-63.972315,5.283,0.495,hip2,HIP55779,
96327,,,19.585348,-10.560436,5.283,1.122,hip2,HIP96327,
93163,,,18.976832,-60.200629,5.283,1.355,hip2,HIP93163,
74707,,,15.267787,-41.491143,5.283,0.564,hip2,HIP74707,
101477,,,20.565295,-44.515961,5.284,0.999,hip2,HIP101477,
31119,,,6.530080,11.544344,5.284,0.185,hip2,HIP31119,
83313,,,17.026766,33.568269,5.285,0.028,hip2,HIP83313,
5737,,Revati,1.228834,7.575489,5.285,0.320,hip2,HIP5737,
21515,,,4.620466,0.998327,5.285,-0.107,hip2,HIP21515,
35710,,,7.367413,36.760638,5.285,1.082,hip2,HIP35710,
26868,,,5.704220,-34.667937,5.285,-0.032,hip2,HIP26868,
112781,,,22.839652,-80.123815,5.285,-0.126,hip2,HIP112781,
34033,,,7.060576,10.951846,5.286,1.391,hip2,HIP34033,
27658,,,5.856107,-7.518002,5.286,-0.195,hip2,HIP27658,
110391,,,22.359882,-21.598025,5.287,1.057,hip2,HIP110391,
100122,,,20.310853,34.982784,5.288,0.660,hip2,HIP100122,
93917,,,19.123749,32.501660,5.289,0.367,hip2,HIP93917,
21547,,,4.626696,-2.473392,5.290,0.283,hip2,HIP21547,
5336,,,1.136923,54.924228,5.290,0.704,hip2,HIP5336,
80620,,,16.462071,-7.597556,5.290,1.721,hip2,HIP80620,
58684,,,12.035295,43.045465,5.290,0.283,hip2,HIP58684,
26063,,,5.558735,-1.156071,5.290,-0.175,hip2,HIP26063,
93815,,,19.105535,-52.340630,5.290,0.532,hip2,HIP93815,
14456,,,3.109302,-6.088542,5.290,1.575,hip2,HIP14456,
70035,,,14.331029,-61.272757,5.291,0.281,hip2,HIP70035,
37664,,,7.728285,-40.933330,5.292,1.104,hip2,HIP37664,
36265,,,7.467244,6.942077,5.292,0.221,hip2,HIP36265,
41325,,,8.431885,7.564529,5.293,0.934,hip2,HIP41325,
98103,,,19.937287,11.423710,5.294,0.014,hip2,HIP98103,
107095,,,21.692481,-14.046860,5.294,0.672,hip2,HIP107095,
36760,,,7.560139,15.826692,5.294,0.055,hip2,HIP36760,
41616,,,8.484655,-47.928940,5.294,-0.140,hip2,HIP41616,
73826,,,15.088652,-41.067234,5.294,1.011,hip2,HIP73826,
41003,,,8.367923,-73.400059,5.295,0.014,hip2,HIP41003,
94302,,,19.194589,56.859096,5.295,1.008,hip2,HIP94302,
18957,,,4.062390,5.435638,5.295,-0.080,hip2,HIP18957,
90074,,,18.381411,-36.669493,5.296,-0.121,hip2,HIP90074,
29650,,,6.247482,19.156889,5.296,0.430,hip2,HIP29650,
9312,,,1.993886,64.621639,5.296,0.002,hip2,HIP9312,
19205,,,4.116810,29.001288,5.296,0.359,hip2,HIP19205,
118234,,,23.982145,-52.745956,5.297,1.121,hip2,HIP118234,
13141,,,2.817046,-62.806592,5.297,0.101,hip2,HIP13141,
62267,,,12.760312,7.673315,5.298,0.322,hip2,HIP62267,
65535,,,13.435455,-39.754965,5.298,1.181,hip2,HIP65535,
25429,,,5.438688,-58.912599,5.299,0.986,hip2,HIP25429,
24197,,,5.194878,16.045658,5.300,1.525,hip2,HIP24197,
35083,,,7.255856,-30.686475,5.300,-0.155,hip2,HIP35083,
116264,,,23.557802,22.498817,5.301,1.481,hip2,HIP116264,
15770,,,3.386993,49.213330,5.301,-0.076,hip2,HIP15770,
33878,,,7.032331,-5.722081,5.301,1.687,hip2,HIP33878,
52678,,,10.771272,-64.514586,5.302,-0.096,hip2,HIP52678,
38846,,,7.949391,-43.500424,5.303,-0.166,hip2,HIP38846,
56656,,,11.616889,-61.283447,5.303,1.105,hip2,HIP56656,
53154,,,10.875237,-57.240414,5.304,0.130,hip2,HIP53154,
3505,,,0.745677,-22.006332,5.305,0.350,hip2,HIP3505,
17954,,,3.838587,25.579648,5.305,0.231,hip2,HIP17954,
90441,,,18.453475,0.196130,5.305,0.487,hip2,HIP90441,
36641,,,7.534986,1.914482,5.305,0.230,hip2,HIP36641,
84626,,,17.300199,-24.286883,5.305,1.046,hip2,HIP84626,
12484,,,2.677661,-54.549924,5.305,0.411,hip2,HIP12484,
60449,,,12.393180,-35.412659,5.305,-0.066,hip2,HIP60449,
38917,,,7.964370,-45.577745,5.306,1.263,hip2,HIP38917,
70012,,,14.325708,-2.265344,5.306,1.023,hip2,HIP70012,
113327,,,22.951248,48.684081,5.306,-0.102,hip2,HIP113327,
62223,,La Superba,12.752175,45.440225,5.306,2.994,hip2,HIP62223,
73945,,,15.110450,-16.256761,5.307,1.589,hip2,HIP73945,
43142,,,8.787502,-1.897060,5.307,0.058,hip2,HIP43142,
29704,,,6.256980,16.143206,5.307,-0.101,hip2,HIP29704,
63076,,Taiyi,12.924599,65.438547,5.307,0.303,hip2,HIP63076,
74596,,,15.241446,29.164226,5.307,0.062,hip2,HIP74596,
48926,,,9.981206,-35.890933,5.308,0.300,hip2,HIP48926,
30953,,,6.496980,-50.238960,5.308,0.371,hip2,HIP30953,
20186,,,4.326857,21.773592,5.309,-0.107,hip2,HIP20186,
60221,,,12.348810,-13.565749,5.309,1.048,hip2,HIP60221,
86305,,,17.634880,-54.500070,5.309,0.195,hip2,HIP86305,
48682,,,9.928613,49.819795,5.309,0.086,hip2,HIP48682,
10793,,,2.315830,28.642674,5.309,0.037,hip2,HIP10793,
95447,,,19.416047,11.942851,5.309,0.761,hip2,HIP95447,
45581,,,9.290337,-74.894390,5.309,0.021,hip2,HIP45581,
45333,,,9.239042,61.423395,5.310,0.605,hip2,HIP45333,
95498,,,19.424595,19.798539,5.310,0.999,hip2,HIP95498,
92989,,,18.944581,-37.343183,5.310,-0.147,hip2,HIP92989,
111449,,,22.578194,-20.707859,5.311,0.446,hip2,HIP111449,
98583,,,20.024592,64.821005,5.313,1.598,hip2,HIP98583,
26268,,,5.594301,-4.856086,5.314,0.269,hip2,HIP26268,
80208,,,16.374446,-49.572291,5.314,-0.047,hip2,HIP80208,
17563,,,3.761231,6.050029,5.314,-0.099,hip2,HIP17563,
64792,,,13.279643,9.423693,5.314,0.585,hip2,HIP64792,
103569,,,20.984595,4.293847,5.314,0.464,hip2,HIP103569,
37701,,,7.734497,50.433861,5.314,-0.001,hip2,HIP37701,
87563,,,17.888339,40.007837,5.315,1.166,hip2,HIP87563,
39061,,,7.991229,-39.296839,5.315,0.400,hip2,HIP39061,
97749,,,19.864053,-39.874338,5.315,-0.045,hip2,HIP97749,
98636,,,20.033715,24.937874,5.315,0.374,hip2,HIP98636,
47654,,,9.715900,72.252685,5.315,1.029,hip2,HIP47654,
43531,,,8.865790,43.726492,5.315,0.971,hip2,HIP43531,
64078,,,13.131612,-10.740385,5.315,1.138,hip2,HIP64078,
29895,,,6.294926,-16.815913,5.316,1.293,hip2,HIP29895,
94068,,,19.149977,6.073397,5.316,0.346,hip2,HIP94068,
14293,,,3.071244,-7.600900,5.317,0.193,hip2,HIP14293,
44946,,Nahn,9.155982,22.045447,5.318,0.970,hip2,HIP44946,
115355,,,23.365257,31.812481,5.319,-0.101,hip2,HIP115355,
11072,,,2.375673,-23.816315,5.319,0.608,hip2,HIP11072,
21928,,,4.715083,43.365264,5.319,0.028,hip2,HIP21928,
40817,,,8.330277,-71.514996,5.319,-0.063,hip2,HIP40817,
5518,,,1.177574,68.778688,5.320,-0.014,hip2,HIP5518,
2762,,,0.587400,-3.592758,5.321,0.567,hip2,HIP2762,
101936,,,20.656898,0.486492,5.321,1.060,hip2,HIP101936,
24799,,,5.316672,33.748466,5.322,-0.167,hip2,HIP24799,
3949,,,0.844758,-50.986924,5.322,0.356,hip2,HIP3949,
31789,,,6.646996,39.902588,5.322,-0.075,hip2,HIP31789,
27386,,,5.800064,6.454211,5.323,0.234,hip2,HIP27386,
59151,,,12.130580,-75.367065,5.323,1.278,hip2,HIP59151,
20261,,,4.343401,15.095504,5.323,0.225,hip2,HIP20261,
73776,,,15.080014,-64.031373,5.323,0.935,hip2,HIP73776,
104365,,,21.142670,-21.193525,5.324,0.000,hip2,HIP104365,
32064,,,6.698991,-9.167425,5.324,1.525,hip2,HIP32064,
10819,,,2.321347,47.379988,5.325,0.006,hip2,HIP10819,
98438,,,20.000919,17.516541,5.326,1.576,hip2,HIP98438,
34802,,,7.204395,-40.498779,5.326,0.072,hip2,HIP34802,
31084,,,6.523061,-12.391909,5.327,1.262,hip2,HIP31084,
93299,,,19.003797,50.533459,5.327,-0.182,hip2,HIP93299,
12273,,,2.633913,72.818214,5.327,0.896,hip2,HIP12273,
33682,,,6.997383,-67.917012,5.328,1.396,hip2,HIP33682,
50414,,,10.293860,-8.068921,5.328,0.336,hip2,HIP50414,
67929,,,13.911721,-1.503071,5.328,1.093,hip2,HIP67929,
32411,,,6.766500,-14.796084,5.329,0.075,hip2,HIP32411,
56573,,,11.598765,-47.641520,5.329,0.257,hip2,HIP56573,
27621,,,5.848116,-52.108687,5.329,0.960,hip2,HIP27621,
10306,,,2.213329,21.210983,5.329,0.457,hip2,HIP10306,
93017,,,18.950408,32.901624,5.330,0.594,hip2,HIP93017,
23871,,,5.130119,20.418455,5.330,0.118,hip2,HIP23871,
38211,,,7.828102,-17.228123,5.331,1.282,hip2,HIP38211,
12489,,,2.678065,27.061009,5.332,0.081,hip2,HIP12489,
105898,,,21.447658,48.835105,5.332,0.108,hip2,HIP105898,
57562,,,11.798592,8.245865,5.333,0.038,hip2,HIP57562,
104085,,,21.087287,-54.726950,5.334,1.201,hip2,HIP104085,
72489,,,14.821970,-14.148986,5.334,0.066,hip2,HIP72489,
104963,,,21.260525,-20.651690,5.334,1.161,hip2,HIP104963,
96459,,,19.610571,44.695188,5.335,0.928,hip2,HIP96459,
28949,,,6.110761,-4.193825,5.336,-0.122,hip2,HIP28949,
30679,,,6.446911,58.417413,5.336,1.538,hip2,HIP30679,
53252,,,10.891523,-20.138150,5.336,0.480,hip2,HIP53252,
106044,,,21.479108,-69.505273,5.336,1.553,hip2,HIP106044,
36238,,,7.462332,21.445549,5.337,0.455,hip2,HIP36238,
110273,,,22.336641,-7.821106,5.337,-0.048,hip2,HIP110273,
62027,,,12.713967,-63.058616,5.338,0.195,hip2,HIP62027,
1708,,,0.358660,-28.981295,5.338,1.006,hip2,HIP1708,
59184,,,12.137425,-48.692470,5.338,-0.010,hip2,HIP59184,
92646,,,18.877668,-52.107138,5.338,0.962,hip2,HIP92646,
52911,,,10.820953,10.545262,5.338,0.035,hip2,HIP52911,
75439,,,15.412508,-39.710131,5.339,-0.093,hip2,HIP75439,
20641,,,4.423596,22.200113,5.339,0.250,hip2,HIP20641,
116709,,,23.652319,50.471737,5.339,-0.061,hip2,HIP116709,
25918,,,5.531295,-76.341663,5.339,1.130,hip2,HIP25918,
73049,,,14.929082,-33.855780,5.340,0.046,hip2,HIP73049,
76866,,,15.696498,12.847538,5.340,0.033,hip2,HIP76866,
22040,,,4.739200,-59.732841,5.340,0.206,hip2,HIP22040,
69068,,,14.138154,49.458021,5.341,1.637,hip2,HIP69068,
99853,,,20.258399,23.508922,5.341,1.016,hip2,HIP99853,
73036,,,14.926308,-60.113891,5.342,1.161,hip2,HIP73036,
950,,,0.195524,-35.133396,5.343,0.459,hip2,HIP950,
5131,,,1.094702,21.473216,5.343,0.003,hip2,HIP5131,
56034,,,11.484490,39.336942,5.344,0.019,hip2,HIP56034,
89439,,,18.253585,-20.728267,5.344,0.007,hip2,HIP89439,
103571,,,20.984771,4.294980,5.344,0.457,hip2,HIP103571,
35855,,,7.392195,-32.202079,5.344,-0.169,hip2,HIP35855,
50070,,,10.223023,-51.232938,5.344,0.257,hip2,HIP50070,
107230,,,21.717813,72.320183,5.345,1.063,hip2,HIP107230,
47300,,,9.639385,40.239767,5.345,0.223,hip2,HIP47300,
51502,,,10.518062,82.558538,5.345,0.399,hip2,HIP51502,
103732,,,21.019701,46.155765,5.346,-0.206,hip2,HIP103732,
104974,,,21.262452,-15.171512,5.347,1.639,hip2,HIP104974,
58884,,,12.077485,-68.328897,5.347,-0.012,hip2,HIP58884,
22287,,,4.800060,56.757539,5.348,0.246,hip2,HIP22287,
52638,,,10.764420,30.682402,5.348,-0.050,hip2,HIP52638,
26248,,,5.590867,24.039638,5.348,-0.092,hip2,HIP26248,
86036,,,17.583125,61.875831,5.348,0.602,hip2,HIP86036,
51313,,,10.481277,-64.172285,5.349,1.856,hip2,HIP51313,
31579,,,6.609122,38.445552,5.349,2.773,hip2,HIP31579,
94834,,,19.296944,11.595391,5.349,0.196,hip2,HIP94834,
33927,,,7.040218,24.215446,5.349,0.953,hip2,HIP33927,
60379,,,12.380409,-57.676101,5.350,-0.098,hip2,HIP60379,
43352,,,8.830972,-32.780408,5.351,0.876,hip2,HIP43352,
56583,,,11.600727,69.323260,5.351,0.974,hip2,HIP56583,
92226,,,18.795722,-40.406122,5.352,0.781,hip2,HIP92226,
11220,,,2.406915,50.006633,5.352,0.979,hip2,HIP11220,
26126,,,5.571331,3.766934,5.353,0.051,hip2,HIP26126,
57047,,,11.695542,-32.499322,5.353,1.475,hip2,HIP57047,
15371,,,3.303094,-62.507935,5.353,0.600,hip2,HIP15371,
76013,,,15.525228,-73.389547,5.354,-0.146,hip2,HIP76013,
36363,,,7.484920,-38.812105,5.354,-0.148,hip2,HIP36363,
9727,,,2.085293,77.281456,5.354,0.345,hip2,HIP9727,
104738,,,21.217480,-39.424644,5.354,0.460,hip2,HIP104738,
9372,,,2.007437,-8.523826,5.354,1.391,hip2,HIP9372,
89605,,,18.285427,-56.023320,5.354,-0.050,hip2,HIP89605,
85312,,,17.433341,-50.633532,5.355,1.055,hip2,HIP85312,
103294,,,20.926855,13.721564,5.355,1.119,hip2,HIP103294,
48390,,,9.864729,24.395795,5.356,0.229,hip2,HIP48390,
75828,,,15.490077,-46.732691,5.356,1.731,hip2,HIP75828,
79607,,,16.244733,33.858822,5.357,0.599,hip2,HIP79607,
108991,,,22.079843,-0.906240,5.357,0.231,hip2,HIP108991,
35589,,,7.344115,-52.085925,5.358,-0.069,hip2,HIP35589,
80874,,,16.513715,-61.633481,5.358,1.236,hip2,HIP80874,
117218,,,23.766901,-18.678368,5.359,0.299,hip2,HIP117218,
98421,,,19.997578,-34.697631,5.359,0.170,hip2,HIP98421,
35795,,,7.383529,-31.923790,5.360,-0.161,hip2,HIP35795,
60781,,,12.458021,-58.991769,5.361,1.543,hip2,HIP60781,
105143,,,21.299243,-17.985136,5.361,-0.118,hip2,HIP105143,
109572,,,22.196810,56.839042,5.362,0.534,hip2,HIP109572,
92390,,,18.827808,-20.324741,5.363,1.404,hip2,HIP92390,
104174,,,21.106856,-32.341638,5.363,1.104,hip2,HIP104174,
32677,,,6.816038,-15.144711,5.363,-0.096,hip2,HIP32677,
117730,,,23.876977,10.947328,5.364,0.186,hip2,HIP117730,
27947,,,5.913919,-52.636073,5.364,0.295,hip2,HIP27947,
110298,,,22.340990,5.789493,5.365,-0.037,hip2,HIP110298,
30932,,,6.491261,-56.852844,5.365,1.087,hip2,HIP30932,
47479,,,9.678501,-57.983571,5.367,0.195,hip2,HIP47479,
58510,,,11.999145,3.655217,5.368,-0.001,hip2,HIP58510,
32480,,,6.778983,43.577025,5.368,0.575,hip2,HIP32480,
37450,,,7.687730,-38.533572,5.368,-0.130,hip2,HIP37450,
104214,,,21.114121,38.741495,5.369,1.069,hip2,HIP104214,
80645,,,16.465909,-64.058005,5.369,0.383,hip2,HIP80645,
18396,,,3.932822,47.871470,5.369,-0.073,hip2,HIP18396,
20430,,,4.376370,25.629358,5.369,-0.041,hip2,HIP20430,
96288,,,19.578127,42.412585,5.370,0.060,hip2,HIP96288,
11486,,,2.469442,29.669538,5.370,0.311,hip2,HIP11486,
35146,,,7.265283,59.638096,5.370,1.081,hip2,HIP35146,
75178,,,15.363503,32.933661,5.370,-0.051,hip2,HIP75178,
79804,,,16.287594,59.754961,5.370,1.551,hip2,HIP79804,
63117,,,12.932539,-56.835804,5.371,0.010,hip2,HIP63117,
29048,,,6.128231,-19.166004,5.372,1.661,hip2,HIP29048,
30457,,,6.402876,-11.530010,5.372,1.230,hip2,HIP30457,
66098,,,13.549470,-10.164908,5.372,0.964,hip2,HIP66098,
11021,,,2.365732,0.395692,5.373,1.648,hip2,HIP11021,
32912,,,6.857494,-70.963474,5.373,-0.110,hip2,HIP32912,
12225,,,2.623407,-52.543088,5.373,0.289,hip2,HIP12225,
19719,,,4.225863,7.716034,5.374,0.366,hip2,HIP19719,
30717,,,6.453822,0.299266,5.374,1.186,hip2,HIP30717,
38722,,,7.927751,19.884067,5.374,-0.035,hip2,HIP38722,
25499,,,5.452802,17.962268,5.374,-0.090,hip2,HIP25499,
114389,,,23.167075,9.822101,5.374,-0.068,hip2,HIP114389,
51821,,,10.586910,-39.562597,5.375,3.015,hip2,HIP51821,
64725,,,13.266273,-19.942822,5.375,1.011,hip2,HIP64725,
60122,,,12.330201,48.984132,5.375,1.623,hip2,HIP60122,
91235,,,18.610375,33.469038,5.375,-0.101,hip2,HIP91235,
21297,,,4.569942,-8.969985,5.376,1.465,hip2,HIP21297,
36778,,,7.564180,-36.338402,5.376,-0.078,hip2,HIP36778,
55756,,,11.424870,-36.063105,5.376,0.979,hip2,HIP55756,
39734,,,8.121680,-20.554346,5.377,0.100,hip2,HIP39734,
102177,,,20.703507,50.340021,5.377,-0.107,hip2,HIP102177,
6315,,,1.352043,28.738390,5.378,1.396,hip2,HIP6315,
18453,,,3.943454,50.695691,5.378,0.425,hip2,HIP18453,
93203,,,18.984925,13.622549,5.378,0.573,hip2,HIP93203,
35907,,,7.402353,40.672441,5.378,1.249,hip2,HIP35907,
77858,,,15.898312,-24.533096,5.378,-0.011,hip2,HIP77858,
66849,,,13.700312,-58.787050,5.379,-0.029,hip2,HIP66849,
3632,,,0.775827,15.475612,5.380,1.559,hip2,HIP3632,
77578,,,15.838203,2.196625,5.381,1.019,hip2,HIP77578,
9763,,,2.092105,76.115110,5.382,0.954,hip2,HIP9763,
8209,,,1.760737,-25.052434,5.383,0.395,hip2,HIP8209,
39538,,,8.079774,79.479743,5.383,-0.040,hip2,HIP39538,
92614,,,18.871231,21.425166,5.383,-0.068,hip2,HIP92614,
20264,,,4.344166,-20.639599,5.383,-0.027,hip2,HIP20264,
107151,,,21.704290,5.680151,5.383,1.653,hip2,HIP107151,
43671,,,8.897389,-47.520720,5.384,0.275,hip2,HIP43671,
83431,,,17.052419,-53.236627,5.384,0.498,hip2,HIP83431,
99968,,,20.282023,40.365080,5.384,1.650,hip2,HIP99968,
116076,,Veritate,23.521444,39.236402,5.384,1.029,hip2,HIP116076,
49809,,,10.168322,-12.815658,5.385,0.368,hip2,HIP49809,
106093,,,21.490809,46.540332,5.385,0.965,hip2,HIP106093,
77227,,,15.768236,-1.804116,5.385,-0.035,hip2,HIP77227,
72290,,,14.783697,-52.383318,5.386,0.984,hip2,HIP72290,
26460,,,5.629068,-28.689794,5.386,0.486,hip2,HIP26460,
94385,,,19.211307,-7.939501,5.386,0.094,hip2,HIP94385,
79540,,,16.230808,-11.837722,5.387,1.394,hip2,HIP79540,
80945,,,16.528270,-41.817142,5.387,0.299,hip2,HIP80945,
84979,,,17.368300,-70.123179,5.388,-0.042,hip2,HIP84979,
65581,,,13.445346,-12.707613,5.389,1.477,hip2,HIP65581,
105972,,,21.462821,66.809146,5.389,-0.099,hip2,HIP105972,
92112,,,18.772851,75.433797,5.390,0.049,hip2,HIP92112,
7981,,,1.708319,20.270150,5.391,0.836,hip2,HIP7981,
44154,,,8.992412,32.418643,5.391,0.913,hip2,HIP44154,
80390,,,16.408824,-37.565970,5.391,-0.104,hip2,HIP80390,
80843,,,16.509334,20.479346,5.391,1.274,hip2,HIP80843,
84821,,,17.336063,25.537644,5.391,0.063,hip2,HIP84821,
32562,,,6.794328,48.789461,5.392,1.131,hip2,HIP32562,
97421,,,19.800306,-56.362278,5.392,0.196,hip2,HIP97421,
25861,,,5.520703,3.292135,5.393,-0.176,hip2,HIP25861,
96693,,,19.657352,42.818212,5.393,-0.063,hip2,HIP96693,
72357,,,14.795773,-26.087480,5.394,0.938,hip2,HIP72357,
77859,,,15.898853,-23.978036,5.394,-0.033,hip2,HIP77859,
1960,,,0.413191,61.831063,5.394,0.008,hip2,HIP1960,
62572,,,12.820500,83.412859,5.394,0.033,hip2,HIP62572,
109472,,,22.177074,-11.564959,5.395,-0.117,hip2,HIP109472,
82730,,,16.909920,-6.153929,5.397,1.100,hip2,HIP82730,
16499,,,3.540640,46.057043,5.397,0.398,hip2,HIP16499,
45527,,,9.278256,-6.353155,5.399,1.172,hip2,HIP45527,
76939,,,15.710653,-37.424897,5.399,0.987,hip2,HIP76939,
110618,,,22.409553,-72.253774,5.400,0.660,hip2,HIP110618,
43834,,,8.927691,27.927563,5.400,1.000,hip2,HIP43834,
13202,,,2.831709,-27.942036,5.400,0.013,hip2,HIP13202,
20384,,,4.364782,-63.386815,5.400,0.955,hip2,HIP20384,
45455,,,9.263836,56.741477,5.400,1.568,hip2,HIP45455,
19398,,,4.154955,-16.385877,5.401,-0.147,hip2,HIP19398,
108661,,,22.013949,-28.453737,5.401,-0.095,hip2,HIP108661,
84177,,,17.207724,10.585229,5.402,1.593,hip2,HIP84177,
96957,,,19.709446,11.826609,5.402,0.575,hip2,HIP96957,
24254,,,5.206236,73.946744,5.402,-0.108,hip2,HIP24254,
113864,,,23.059125,67.209185,5.402,1.248,hip2,HIP113864,
41323,,,8.431090,-42.153104,5.403,-0.142,hip2,HIP41323,
78246,,,15.976354,-24.831430,5.403,-0.092,hip2,HIP78246,
54849,,,11.229328,-0.069509,5.403,-0.020,hip2,HIP54849,
107128,,,21.700177,-23.262625,5.403,0.991,hip2,HIP107128,
112529,,,22.792552,-19.612875,5.404,0.941,hip2,HIP112529,
74941,,,15.313652,-60.496323,5.404,-0.089,hip2,HIP74941,
22730,,,4.889654,2.508265,5.405,1.632,hip2,HIP22730,
63950,,,13.106273,22.616291,5.405,1.461,hip2,HIP63950,
75647,,,15.455040,-36.767502,5.405,-0.150,hip2,HIP75647,
983,,,0.202764,-17.938218,5.406,1.478,hip2,HIP983,
3721,,,0.796117,74.847588,5.406,-0.066,hip2,HIP3721,
70931,,,14.505831,-49.518927,5.407,0.056,hip2,HIP70931,
50888,,,10.391504,-38.009709,5.407,0.250,hip2,HIP50888,
73909,,,15.104630,54.556287,5.407,0.958,hip2,HIP73909,
64348,,,13.189808,-43.368505,5.407,1.049,hip2,HIP64348,
41817,,,8.525262,-19.577441,5.408,-0.061,hip2,HIP41817,
109789,,,22.238538,-27.766912,5.408,-0.121,hip2,HIP109789,
73624,,,15.049803,-32.643246,5.409,-0.127,hip2,HIP73624,
65479,,,13.420593,-64.485092,5.409,0.411,hip2,HIP65479,
93713,,,19.081992,53.396603,5.409,-0.014,hip2,HIP93713,
80057,,,16.340795,-78.667421,5.409,1.413,hip2,HIP80057,
35987,,,7.416164,11.669560,5.409,0.105,hip2,HIP35987,
76534,,,15.630431,40.353288,5.409,0.886,hip2,HIP76534,
71618,,,14.647300,44.404545,5.409,0.030,hip2,HIP71618,
92056,,,18.762988,74.085354,5.410,0.953,hip2,HIP92056,
93526,,,19.048470,-3.699003,5.410,-0.005,hip2,HIP93526,
42459,,,8.656630,-53.439825,5.410,-0.132,hip2,HIP42459,
105966,,,21.461119,27.608543,5.410,0.049,hip2,HIP105966,
109005,,,22.083467,62.785529,5.410,1.413,hip2,HIP109005,
20266,,,4.344546,65.140453,5.410,0.820,hip2,HIP20266,
34301,,,7.111325,-11.294019,5.411,0.033,hip2,HIP34301,
22157,,,4.767139,11.705608,5.412,0.197,hip2,HIP22157,
89290,,,18.220194,-41.336097,5.412,-0.155,hip2,HIP89290,
31165,,,6.539259,-37.696514,5.412,0.982,hip2,HIP31165,
90067,,,18.380277,17.826577,5.413,1.250,hip2,HIP90067,
103882,,,21.049437,-38.631183,5.414,0.424,hip2,HIP103882,
107843,,,21.848403,-82.718824,5.414,0.756,hip2,HIP107843,
21735,,,4.667616,12.197641,5.415,-0.121,hip2,HIP21735,
23879,,,5.131354,8.498573,5.415,0.338,hip2,HIP23879,
82587,,,16.882811,31.701715,5.416,0.319,hip2,HIP82587,
38593,,,7.903059,-35.877296,5.416,-0.175,hip2,HIP38593,
31688,,,6.629873,-32.339891,5.417,1.177,hip2,HIP31688,
42712,,,8.704499,-48.099099,5.418,-0.172,hip2,HIP42712,
101483,,,20.565833,13.027202,5.418,0.093,hip2,HIP101483,
116957,,,23.707726,-15.447976,5.419,1.344,hip2,HIP116957,
65112,,,13.343848,-52.747785,5.419,-0.125,hip2,HIP65112,
77907,,,15.910521,43.138406,5.420,1.645,hip2,HIP77907,
79050,,,16.135423,-26.326665,5.420,1.643,hip2,HIP79050,
7955,,,1.702401,-32.326857,5.420,1.044,hip2,HIP7955,
28946,,,6.109747,38.482772,5.420,0.250,hip2,HIP28946,
60978,,,12.499277,58.405527,5.421,0.205,hip2,HIP60978,
76425,,,15.608209,10.010455,5.422,0.925,hip2,HIP76425,
56975,,,11.679752,21.352842,5.422,0.984,hip2,HIP56975,
37704,,,7.735257,25.784211,5.422,1.535,hip2,HIP37704,
72929,,,14.905593,-24.642135,5.423,1.336,hip2,HIP72929,
58379,,,11.970902,-56.317315,5.423,-0.062,hip2,HIP58379,
93256,,,18.995952,26.230432,5.423,1.228,hip2,HIP93256,
39780,,,8.129400,21.581979,5.424,0.642,hip2,HIP39780,
85084,,,17.389331,-28.142760,5.424,1.549,hip2,HIP85084,
11738,,,2.525023,2.267206,5.425,1.271,hip2,HIP11738,
57477,,,11.782113,55.628268,5.425,1.276,hip2,HIP57477,
3544,,,0.754779,55.221409,5.426,0.022,hip2,HIP3544,
54746,,,11.209207,-49.101078,5.426,0.175,hip2,HIP54746,
107788,,,21.835734,17.285957,5.426,0.394,hip2,HIP107788,
49698,,,10.145233,-65.815533,5.427,0.973,hip2,HIP49698,
80782,,,16.495092,-46.243219,5.427,0.488,hip2,HIP80782,
45328,,,9.238340,-55.569701,5.428,0.980,hip2,HIP45328,
46594,,,9.501424,-51.517193,5.429,-0.078,hip2,HIP46594,
58082,,,11.911808,-25.714066,5.429,0.883,hip2,HIP58082,
56391,,,11.560351,-40.586703,5.430,0.117,hip2,HIP56391,
109521,,,22.186049,50.823289,5.432,0.152,hip2,HIP109521,
13490,,,2.895161,38.337679,5.432,0.423,hip2,HIP13490,
90763,,,18.518013,-32.989002,5.432,0.182,hip2,HIP90763,
29850,,,6.285171,9.942536,5.433,0.106,hip2,HIP29850,
43414,,,8.842967,-66.793225,5.433,0.423,hip2,HIP43414,
80161,,,16.363539,69.109417,5.433,1.115,hip2,HIP80161,
24817,,,5.319786,2.595936,5.433,0.412,hip2,HIP24817,
6999,,,1.501695,47.007377,5.434,0.999,hip2,HIP6999,
42637,,,8.688778,-78.963426,5.435,-0.101,hip2,HIP42637,
73095,,,14.938118,-52.809567,5.435,0.142,hip2,HIP73095,
11757,,,2.527811,-79.109249,5.435,0.981,hip2,HIP11757,
17776,,,3.805779,23.421364,5.436,-0.067,hip2,HIP17776,
72131,,,14.754791,-62.875453,5.436,0.308,hip2,HIP72131,
100195,,,20.323222,-19.118507,5.436,1.394,hip2,HIP100195,
60855,,,12.472913,-39.041138,5.436,-0.073,hip2,HIP60855,
98194,,,19.953851,40.367825,5.437,-0.090,hip2,HIP98194,
109404,,,22.165475,-34.015035,5.437,0.241,hip2,HIP109404,
6706,,,1.437577,19.172321,5.438,0.395,hip2,HIP6706,
107472,,,21.767877,22.948886,5.438,1.381,hip2,HIP107472,
89773,,,18.319632,24.446046,5.439,1.508,hip2,HIP89773,
103511,,,20.971209,22.325917,5.439,1.419,hip2,HIP103511,
1728,,,0.362843,-20.057992,5.439,1.580,hip2,HIP1728,
78893,,,16.105481,67.809982,5.440,-0.019,hip2,HIP78893,
54173,,,11.081725,-35.804689,5.440,0.021,hip2,HIP54173,
30247,,,6.362808,53.452395,5.440,0.448,hip2,HIP30247,
17854,,,3.820472,70.871202,5.440,0.096,hip2,HIP17854,
76618,,,15.647085,-52.372620,5.441,0.005,hip2,HIP76618,
16470,,,3.535717,48.023534,5.441,-0.101,hip2,HIP16470,
46107,,,9.402703,-80.787205,5.441,0.454,hip2,HIP46107,
27566,,,5.838000,-79.361523,5.442,-0.076,hip2,HIP27566,
99461,,,20.186558,-36.097384,5.443,0.868,hip2,HIP99461,
92824,,,18.913236,-87.605515,5.444,1.304,hip2,HIP92824,
26536,,,5.643917,30.492443,5.444,0.450,hip2,HIP26536,
81437,,,16.633461,56.015389,5.444,1.055,hip2,HIP81437,
13654,,,2.930140,18.331676,5.445,1.452,hip2,HIP13654,
14376,,,3.090746,25.255199,5.445,-0.031,hip2,HIP14376,
59654,,,12.234091,-45.723930,5.446,1.400,hip2,HIP59654,
52405,,,10.711271,-59.215765,5.446,0.213,hip2,HIP52405,
7650,,,1.641928,73.040072,5.446,0.972,hip2,HIP7650,
41260,,,8.417710,-24.046262,5.447,1.476,hip2,HIP41260,
114200,,,23.127577,46.387304,5.447,1.409,hip2,HIP114200,
69612,,,14.247462,10.101010,5.447,1.007,hip2,HIP69612,
21730,,,4.666121,53.473238,5.447,0.331,hip2,HIP21730,
21670,,,4.651695,7.870988,5.447,0.257,hip2,HIP21670,
56997,,,11.684174,34.202560,5.448,0.723,hip2,HIP56997,
42715,,,8.705282,-53.100115,5.448,-0.127,hip2,HIP42715,
47723,,,9.728862,14.021707,5.448,1.610,hip2,HIP47723,
44405,,,9.045630,24.452933,5.449,-0.041,hip2,HIP44405,
79280,,,16.180425,75.877531,5.450,-0.093,hip2,HIP79280,
45058,,,9.177446,30.963219,5.450,1.373,hip2,HIP45058,
97646,,,19.845771,-59.193637,5.450,0.082,hip2,HIP97646,
110649,,,22.415609,-57.796610,5.450,0.665,hip2,HIP110649,
20704,,,4.435071,31.439207,5.451,0.986,hip2,HIP20704,
17489,,Celaeno,3.746723,24.289577,5.451,-0.034,hip2,HIP17489,
85667,,,17.506631,-1.062504,5.451,0.715,hip2,HIP85667,
41822,,,8.526602,18.094558,5.452,1.567,hip2,HIP41822,
101800,,,20.630304,11.377697,5.452,0.050,hip2,HIP101800,
11258,,,2.414998,-60.311629,5.452,0.395,hip2,HIP11258,
29941,,,6.303814,-19.966992,5.453,-0.163,hip2,HIP29941,
814,,,0.167297,-82.223997,5.453,1.049,hip2,HIP814,
90923,,,18.547208,30.554181,5.453,-0.077,hip2,HIP90923,
95073,,,19.343245,-0.892169,5.453,-0.041,hip2,HIP95073,
18141,,,3.878237,-5.361242,5.454,-0.090,hip2,HIP18141,
38146,,,7.817138,-24.912244,5.455,0.751,hip2,HIP38146,
11249,,,2.413624,10.610598,5.456,-0.098,hip2,HIP11249,
35427,,,7.314244,-26.585871,5.456,0.956,hip2,HIP35427,
38962,,,7.972430,2.224525,5.457,0.933,hip2,HIP38962,
3231,,,0.685332,39.458671,5.458,0.891,hip2,HIP3231,
36439,,,7.498849,49.672662,5.458,0.470,hip2,HIP36439,
52221,,,10.669851,-65.100240,5.458,-0.158,hip2,HIP52221,
106327,,,21.534961,-41.179336,5.458,1.109,hip2,HIP106327,
34000,,,7.054197,-59.178136,5.459,-0.125,hip2,HIP34000,
94827,,,19.295454,23.025549,5.459,0.020,hip2,HIP94827,
22044,,,4.740492,11.146169,5.459,0.250,hip2,HIP22044,
106642,,,21.600678,45.374587,5.459,1.341,hip2,HIP106642,
54477,,,11.145569,-28.080616,5.460,0.069,hip2,HIP54477,
39360,,,8.045775,-41.309865,5.462,-0.152,hip2,HIP39360,
97534,,,19.823692,-72.503414,5.462,0.234,hip2,HIP97534,
96808,,,19.678706,-16.293145,5.463,1.109,hip2,HIP96808,
21914,,,4.712905,-50.481418,5.463,0.977,hip2,HIP21914,
45526,,,9.278160,-8.744759,5.463,-0.081,hip2,HIP45526,
102497,,,20.772231,-39.199190,5.464,-0.078,hip2,HIP102497,
10366,,,2.226672,51.066233,5.464,0.926,hip2,HIP10366,
76126,,,15.548674,-16.852807,5.465,-0.148,hip2,HIP76126,
22958,,,4.940053,-5.171350,5.465,-0.123,hip2,HIP22958,
99951,,,20.279744,24.671142,5.465,0.951,hip2,HIP99951,
18993,,,4.069385,2.827253,5.465,0.505,hip2,HIP18993,
116820,,,23.677281,-32.072995,5.465,0.965,hip2,HIP116820,
3951,,,0.845437,64.247581,5.465,0.528,hip2,HIP3951,
94150,,,19.164617,-68.424344,5.467,0.901,hip2,HIP94150,
25695,,,5.487915,25.150307,5.467,-0.042,hip2,HIP25695,
91217,,,18.607732,9.122817,5.468,0.387,hip2,HIP91217,
14131,,,3.037610,-71.902496,5.468,-0.125,hip2,HIP14131,
8704,,,1.866474,55.147405,5.469,-0.175,hip2,HIP8704,
55016,,,11.264416,13.307593,5.469,1.189,hip2,HIP55016,
23467,,,5.045279,-71.314326,5.470,0.996,hip2,HIP23467,
70602,,,14.440947,19.226835,5.470,0.231,hip2,HIP70602,
100541,,,20.386308,5.343077,5.470,0.983,hip2,HIP100541,
61071,,,12.516824,24.567189,5.471,0.056,hip2,HIP61071,
19513,,,4.180522,26.481040,5.471,0.352,hip2,HIP19513,
15338,,,3.296481,44.025082,5.472,-0.060,hip2,HIP15338,
97650,,,19.846334,-10.763589,5.472,0.402,hip2,HIP97650,
116889,,,23.692921,-18.026901,5.472,1.580,hip2,HIP116889,
64577,,,13.236380,-19.931335,5.472,0.862,hip2,HIP64577,
21036,,,4.510361,13.724450,5.472,0.263,hip2,HIP21036,
79387,,,16.202025,-8.547580,5.473,0.118,hip2,HIP79387,
79963,,,16.321567,-42.673940,5.473,0.099,hip2,HIP79963,
65728,,,13.474216,59.945703,5.473,-0.010,hip2,HIP65728,
76957,,,15.714118,52.360830,5.474,-0.042,hip2,HIP76957,
33384,,,6.942911,-79.420189,5.474,0.041,hip2,HIP33384,
23482,,,5.046868,-49.151473,5.475,0.421,hip2,HIP23482,
45544,,,9.282527,-39.401455,5.475,1.166,hip2,HIP45544,
109786,,,22.238338,-21.074701,5.475,0.812,hip2,HIP109786,
59394,,,12.184411,-23.602373,5.475,0.055,hip2,HIP59394,
4371,,,0.933752,-11.266507,5.475,1.505,hip2,HIP4371,
37853,,,7.759772,-34.176551,5.476,0.589,hip2,HIP37853,
77060,,,15.734561,-15.672679,5.477,0.238,hip2,HIP77060,
52737,,,10.781129,-17.296830,5.477,0.112,hip2,HIP52737,
93124,,,18.970763,17.360937,5.477,0.731,hip2,HIP93124,
27243,,,5.774268,-46.597220,5.477,1.040,hip2,HIP27243,
18434,,,3.941302,35.080908,5.479,-0.058,hip2,HIP18434,
30143,,,6.343400,-34.144193,5.479,-0.182,hip2,HIP30143,
20171,,,4.323911,21.142411,5.479,-0.069,hip2,HIP20171,
65835,,,13.495227,-23.281358,5.479,1.317,hip2,HIP65835,
20860,,,4.470360,83.807763,5.479,-0.106,hip2,HIP20860,
57111,,,11.707897,66.744809,5.480,1.267,hip2,HIP57111,
79199,,,16.164613,-33.545696,5.480,-0.075,hip2,HIP79199,
14168,,,3.045072,-7.685464,5.480,0.941,hip2,HIP14168,
33048,,,6.884739,59.448655,5.481,0.675,hip2,HIP33048,
9589,,,2.053224,0.128454,5.482,0.146,hip2,HIP9589,
64823,,,13.287673,13.675647,5.482,1.304,hip2,HIP64823,
85385,,,17.446980,20.080938,5.482,-0.119,hip2,HIP85385,
85537,,,17.480470,0.330577,5.482,0.237,hip2,HIP85537,
17167,,,3.677315,-5.210698,5.482,-0.145,hip2,HIP17167,
64094,,,13.135322,-65.306017,5.482,-0.033,hip2,HIP64094,
70915,,,14.502406,-45.321288,5.483,-0.087,hip2,HIP70915,
83838,,,17.133911,35.935215,5.484,0.309,hip2,HIP83838,
29736,,,6.262491,12.551071,5.485,0.015,hip2,HIP29736,
74649,,,15.253157,4.939352,5.485,1.092,hip2,HIP74649,
108294,,,21.939663,-37.253631,5.485,0.084,hip2,HIP108294,
22626,,,4.868103,63.505650,5.486,1.559,hip2,HIP22626,
61318,,,12.562999,-9.452078,5.487,-0.035,hip2,HIP61318,
46735,,,9.525680,35.103509,5.487,1.543,hip2,HIP46735,
92111,,,18.772386,-22.392184,5.487,1.591,hip2,HIP92111,
27196,,,5.765014,49.826283,5.487,0.030,hip2,HIP27196,
59232,,,12.148499,-41.231585,5.487,-0.097,hip2,HIP59232,
91494,,,18.659774,-43.185776,5.488,1.654,hip2,HIP91494,
47204,,,9.620188,-53.668487,5.488,0.137,hip2,HIP47204,
90133,,,18.393455,-75.044326,5.489,0.043,hip2,HIP90133,
45571,,,9.288167,-68.689573,5.489,0.415,hip2,HIP45571,
67288,,,13.790376,-17.859763,5.489,1.623,hip2,HIP67288,
35180,,,7.270717,-15.585655,5.490,0.079,hip2,HIP35180,
60044,,,12.313907,75.160550,5.490,0.054,hip2,HIP60044,
69989,,,14.321171,13.004377,5.490,0.385,hip2,HIP69989,
98624,,,20.031223,-66.943792,5.490,1.218,hip2,HIP98624,
21949,,,4.717763,-70.931112,5.491,-0.114,hip2,HIP21949,
61621,,,12.628396,-27.138659,5.492,0.334,hip2,HIP61621,
79754,,,16.278686,-53.811108,5.492,1.696,hip2,HIP79754,
29150,,,6.149408,-22.427283,5.493,-0.010,hip2,HIP29150,
111056,,,22.498047,78.824337,5.493,0.093,hip2,HIP111056,
8230,,,1.766463,-5.733227,5.493,1.517,hip2,HIP8230,
20161,,,4.321290,-44.267830,5.494,1.066,hip2,HIP20161,
18859,,,4.043516,-0.268311,5.494,0.516,hip2,HIP18859,
3330,,,0.707860,-65.468130,5.494,0.515,hip2,HIP3330,
31583,,,6.609814,-5.211108,5.494,-0.082,hip2,HIP31583,
82802,,,16.922844,18.433184,5.494,1.407,hip2,HIP82802,
4889,,,1.046969,31.804337,5.495,-0.043,hip2,HIP4889,
13327,,,2.858213,15.082127,5.495,-0.099,hip2,HIP13327,
33184,,,6.906849,-1.126960,5.495,0.167,hip2,HIP33184,
28943,,,6.108918,-23.110776,5.496,0.064,hip2,HIP28943,
110478,,,22.378939,-45.947918,5.496,2.231,hip2,HIP110478,
1647,,,0.344179,-69.624911,5.496,-0.046,hip2,HIP1647,
35848,,,7.391382,-27.834283,5.496,1.539,hip2,HIP35848,
88380,,,18.047527,-24.282425,5.497,0.495,hip2,HIP88380,
22834,,,4.913276,7.779163,5.497,1.214,hip2,HIP22834,
20789,,,4.454847,22.996369,5.497,-0.098,hip2,HIP20789,
98325,,,19.977211,30.983672,5.497,-0.060,hip2,HIP98325,
23983,,,5.155446,9.829598,5.498,0.249,hip2,HIP23983,
46811,,,9.538686,-40.649321,5.498,0.897,hip2,HIP46811,
43932,,,8.949065,32.910589,5.499,0.181,hip2,HIP43932,
80337,,,16.400343,-39.192988,5.499,0.625,hip2,HIP80337,
35957,,,7.412186,-31.808926,5.501,1.071,hip2,HIP35957,
9440,,,2.020777,-30.001566,5.501,0.883,hip2,HIP9440,
41909,,,8.545146,20.441271,5.501,1.252,hip2,HIP41909,
43325,,,8.827546,-40.320156,5.501,0.066,hip2,HIP43325,
100435,,,20.367619,24.446116,5.502,-0.090,hip2,HIP100435,
110109,,,22.304217,-53.625536,5.502,0.614,hip2,HIP110109,
70469,,,14.413517,-24.806266,5.502,0.962,hip2,HIP70469,
113957,,,23.077659,-53.964647,5.502,1.453,hip2,HIP113957,
32489,,,6.780415,57.169270,5.503,0.964,hip2,HIP32489,
116611,,,23.632437,18.400624,5.503,0.010,hip2,HIP116611,
5268,,,1.121826,-61.775262,5.503,0.884,hip2,HIP5268,
46404,,,9.463033,-6.071029,5.503,0.642,hip2,HIP46404,
25950,,,5.537262,17.058153,5.504,-0.004,hip2,HIP25950,
20884,,,4.475586,1.380874,5.504,-0.099,hip2,HIP20884,
11046,,,2.370113,-0.884740,5.504,0.335,hip2,HIP11046,
43908,,,8.944968,-85.663234,5.504,0.306,hip2,HIP43908,
66634,,,13.658494,52.921072,5.505,0.113,hip2,HIP66634,
26001,,,5.549868,-64.227514,5.505,1.039,hip2,HIP26001,
40215,,,8.213552,68.474054,5.505,1.037,hip2,HIP40215,
93225,,,18.989945,-12.840462,5.505,-0.038,hip2,HIP93225,
92308,,,18.814020,-43.679997,5.506,0.133,hip2,HIP92308,
25769,,,5.502836,63.067232,5.506,1.704,hip2,HIP25769,
12086,,,2.596333,34.687684,5.506,1.652,hip2,HIP12086,
50303,,,10.270689,29.310560,5.506,0.020,hip2,HIP50303,
103127,,,20.894487,-39.809628,5.507,1.318,hip2,HIP103127,
12332,,,2.646944,21.961445,5.507,0.168,hip2,HIP12332,
39117,,,8.003266,73.918010,5.507,1.424,hip2,HIP39117,
87728,,,17.919761,72.005134,5.507,0.340,hip2,HIP87728,
93667,,,19.073626,-31.047033,5.508,0.026,hip2,HIP93667,
92953,,,18.938048,-42.710602,5.508,0.998,hip2,HIP92953,
73223,,,14.964766,-76.662616,5.509,1.442,hip2,HIP73223,
24902,,,5.337412,41.086339,5.509,0.122,hip2,HIP24902,
84862,,,17.344298,32.470272,5.509,0.619,hip2,HIP84862,
13782,,,2.956584,-23.862077,5.509,0.238,hip2,HIP13782,
47963,,,9.775106,-44.755059,5.509,-0.176,hip2,HIP47963,
49081,,,10.016950,31.924715,5.509,0.676,hip2,HIP49081,
110000,,,22.280012,-12.831448,5.510,1.132,hip2,HIP110000,
36896,,,7.585782,30.960911,5.510,1.010,hip2,HIP36896,
761,,,0.155839,-27.987904,5.510,0.414,hip2,HIP761,
109654,,,22.213281,34.604713,5.510,1.134,hip2,HIP109654,
15547,,,3.338772,77.734902,5.510,0.211,hip2,HIP15547,
29064,,,6.131352,-42.154002,5.511,0.007,hip2,HIP29064,
50333,,,10.277986,13.728371,5.511,1.650,hip2,HIP50333,
79195,,,16.164037,-3.466731,5.512,1.446,hip2,HIP79195,
66936,,,13.717746,3.538080,5.513,1.091,hip2,HIP66936,
75119,,,15.350561,0.715590,5.513,1.191,hip2,HIP75119,
34724,,,7.189898,-0.301906,5.513,0.310,hip2,HIP34724,
44299,,,9.022465,-41.864291,5.513,-0.135,hip2,HIP44299,
51585,,,10.536611,14.137209,5.515,1.696,hip2,HIP51585,
113996,,,23.086032,-7.693819,5.515,0.312,hip2,HIP113996,
76628,,,15.648474,-19.301709,5.515,0.883,hip2,HIP76628,
40107,,,8.192508,-7.772476,5.516,0.892,hip2,HIP40107,
24738,,,5.304356,42.792185,5.516,1.492,hip2,HIP24738,
96302,,,19.580811,29.462911,5.516,0.581,hip2,HIP96302,
29490,,,6.214181,65.718499,5.516,1.344,hip2,HIP29490,
45410,,,9.253855,14.941537,5.516,1.319,hip2,HIP45410,
41451,,,8.454663,-70.093595,5.517,-0.024,hip2,HIP41451,
23900,,,5.135173,24.265188,5.517,0.030,hip2,HIP23900,
58326,,,11.961122,-62.448736,5.517,-0.152,hip2,HIP58326,
78012,,,15.929879,37.946763,5.518,0.352,hip2,HIP78012,
34912,,,7.223165,51.428713,5.518,1.640,hip2,HIP34912,
90023,,,18.369081,23.284987,5.518,1.633,hip2,HIP90023,
92202,,,18.791382,-5.705071,5.518,1.280,hip2,HIP92202,
104382,,Polaris Australis,21.146115,-88.956511,5.518,0.283,hip2,HIP104382,
12653,,,2.709211,-50.800827,5.518,0.561,hip2,HIP12653,
42535,,,8.671525,-53.015454,5.518,-0.125,hip2,HIP42535,
81290,,,16.603176,52.899979,5.518,-0.060,hip2,HIP81290,
29730,,,6.261252,59.999034,5.518,1.339,hip2,HIP29730,
42604,,,8.683624,45.833785,5.519,0.993,hip2,HIP42604,
11029,,,2.367067,-10.777334,5.519,0.364,hip2,HIP11029,
5132,,,1.094911,21.465473,5.519,-0.048,hip2,HIP5132,
9326,,,1.996163,-20.824576,5.519,1.640,hip2,HIP9326,
65301,,,13.383651,-17.735204,5.520,0.987,hip2,HIP65301,
66666,,,13.666638,-49.950001,5.520,1.496,hip2,HIP66666,
86182,,,17.610452,48.585478,5.520,1.142,hip2,HIP86182,
43082,,,8.775153,-45.912517,5.520,0.238,hip2,HIP43082,
82676,,,16.900511,-41.806383,5.520,0.176,hip2,HIP82676,
82402,,,16.838709,7.247705,5.520,0.108,hip2,HIP82402,
91237,,,18.610859,6.672156,5.521,0.386,hip2,HIP91237,
89851,,,18.335769,-15.831603,5.521,1.473,hip2,HIP89851,
42080,,,8.576719,65.145274,5.521,0.207,hip2,HIP42080,
813,,,0.167273,11.145809,5.521,-0.064,hip2,HIP813,
29246,,,6.166387,58.935649,5.522,1.096,hip2,HIP29246,
80214,,,16.374784,33.703357,5.523,1.523,hip2,HIP80214,
20376,,,4.363218,60.735901,5.523,1.497,hip2,HIP20376,
94712,,,19.272707,-45.466063,5.524,1.349,hip2,HIP94712,
24555,,,5.267816,11.341370,5.524,-0.012,hip2,HIP24555,
78459,,,16.017444,33.305388,5.525,0.612,hip2,HIP78459,
97260,,,19.767004,-31.908539,5.525,0.024,hip2,HIP97260,
2240,,,0.474005,-39.914902,5.526,1.556,hip2,HIP2240,
20156,,,4.320328,50.048838,5.526,0.235,hip2,HIP20156,
57512,,,11.788658,-57.696547,5.527,1.664,hip2,HIP57512,
74582,,,15.238658,-70.079455,5.527,3.271,hip2,HIP74582,
63432,,,12.998688,66.597308,5.529,1.282,hip2,HIP63432,
11791,,,2.535955,-1.034817,5.529,1.003,hip2,HIP11791,
98234,,,19.962622,16.789115,5.529,-0.048,hip2,HIP98234,
101243,,,20.521891,49.220373,5.529,1.566,hip2,HIP101243,
103005,,,20.869081,-5.507044,5.529,-0.076,hip2,HIP103005,
25555,,,5.462668,15.874103,5.530,0.015,hip2,HIP25555,
82480,,,16.856927,1.215981,5.530,0.055,hip2,HIP82480,
102599,,,20.792655,80.552351,5.531,1.144,hip2,HIP102599,
34987,,,7.238907,3.111421,5.531,1.193,hip2,HIP34987,
89482,,,18.260772,42.159343,5.531,-0.111,hip2,HIP89482,
29996,,,6.314050,-9.389963,5.531,1.239,hip2,HIP29996,
109592,,,22.200560,60.759072,5.531,1.184,hip2,HIP109592,
17203,,,3.685511,37.580264,5.531,-0.062,hip2,HIP17203,
9570,,,2.049435,33.284151,5.531,0.029,hip2,HIP9570,
32494,,,6.781304,-51.265449,5.532,1.330,hip2,HIP32494,
45189,,,9.208484,-43.613292,5.532,-0.107,hip2,HIP45189,
46454,,,9.474271,9.056771,5.532,0.605,hip2,HIP46454,
83962,,,17.163311,-10.523037,5.532,0.465,hip2,HIP83962,
80399,,,16.411035,-29.704464,5.534,0.625,hip2,HIP80399,
41404,,,8.446410,26.935486,5.535,0.187,hip2,HIP41404,
22854,,,4.917539,55.259130,5.535,0.015,hip2,HIP22854,
20922,,,4.485257,-13.048367,5.535,-0.202,hip2,HIP20922,
106787,,,21.629269,19.318575,5.536,0.321,hip2,HIP106787,
23221,,,4.997345,-10.262993,5.536,0.797,hip2,HIP23221,
18975,,,4.065696,8.197201,5.536,0.371,hip2,HIP18975,
80693,,,16.476105,0.665167,5.536,1.461,hip2,HIP80693,
33575,,,6.976640,-25.414170,5.536,-0.162,hip2,HIP33575,
21039,,,4.510785,15.691938,5.537,0.258,hip2,HIP21039,
33478,,,6.959436,-24.631056,5.537,0.390,hip2,HIP33478,
92728,,,18.895433,36.971728,5.538,-0.138,hip2,HIP92728,
1645,,,0.343296,8.190248,5.539,1.343,hip2,HIP1645,
90642,,,18.494712,-1.985226,5.539,0.961,hip2,HIP90642,
93996,,,19.137972,-19.290286,5.539,-0.087,hip2,HIP93996,
30214,,,6.356866,-11.773243,5.539,0.002,hip2,HIP30214,
99031,,,20.106091,35.973539,5.539,0.850,hip2,HIP99031,
4852,,,1.040660,-31.552042,5.540,0.083,hip2,HIP4852,
13951,,,2.994767,-2.464901,5.541,-0.072,hip2,HIP13951,
81305,,,16.606268,-42.858854,5.541,0.338,hip2,HIP81305,
30565,,,6.424625,-69.690787,5.541,0.971,hip2,HIP30565,
70243,,,14.372149,-34.786791,5.541,-0.088,hip2,HIP70243,
69658,,,14.256698,-18.200662,5.542,0.001,hip2,HIP69658,
83057,,,16.971653,-50.641092,5.542,0.016,hip2,HIP83057,
36258,,,7.466435,-29.155902,5.542,-0.048,hip2,HIP36258,
115591,,,23.414117,32.384875,5.542,-0.075,hip2,HIP115591,
47080,,,9.594452,35.810767,5.543,0.770,hip2,HIP47080,
91013,,,18.565750,52.353509,5.543,1.091,hip2,HIP91013,
109745,,,22.230328,45.440603,5.544,0.021,hip2,HIP109745,
105665,,,21.402666,-20.851560,5.544,1.176,hip2,HIP105665,
96556,,,19.629793,-4.647510,5.544,0.429,hip2,HIP96556,
25853,,,5.518784,-20.863555,5.545,0.012,hip2,HIP25853,
27338,,,5.790610,17.729153,5.545,0.301,hip2,HIP27338,
100965,,,20.470682,81.422669,5.546,1.010,hip2,HIP100965,
20234,,,4.336531,50.920951,5.546,-0.031,hip2,HIP20234,
103530,,,20.975007,50.461783,5.546,-0.144,hip2,HIP103530,
108772,,,22.034604,58.000370,5.546,0.017,hip2,HIP108772,
2568,,,0.543167,20.294433,5.546,1.069,hip2,HIP2568,
3138,,,0.665432,21.438564,5.547,1.160,hip2,HIP3138,
68940,,,14.111919,-9.313525,5.547,0.347,hip2,HIP68940,
10944,,,2.349492,50.151542,5.547,-0.089,hip2,HIP10944,
22028,,,4.735542,-18.666543,5.547,0.025,hip2,HIP22028,
49065,,,10.012196,-82.214746,5.548,0.035,hip2,HIP49065,
55650,,,11.400649,1.407764,5.548,0.938,hip2,HIP55650,
4890,,,1.046998,-46.397338,5.548,0.900,hip2,HIP4890,
5566,,,1.190421,64.202724,5.548,-0.052,hip2,HIP5566,
100261,,,20.334995,68.880253,5.549,1.472,hip2,HIP100261,
104750,,,21.221463,-27.619059,5.549,1.425,hip2,HIP104750,
4440,,,0.946372,60.362848,5.549,-0.054,hip2,HIP4440,
82171,,,16.788796,-58.341392,5.549,-0.096,hip2,HIP82171,
47717,,,9.728417,-53.891362,5.550,-0.042,hip2,HIP47717,
94986,,,19.327775,-35.421425,5.550,-0.122,hip2,HIP94986,
24829,,,5.322809,-50.606520,5.550,0.517,hip2,HIP24829,
37751,,,7.742826,-24.674092,5.550,-0.191,hip2,HIP37751,
113281,,,22.939897,41.603886,5.550,-0.149,hip2,HIP113281,
32439,,,6.770686,79.566278,5.551,0.525,hip2,HIP32439,
1921,,,0.404346,52.019925,5.551,-0.110,hip2,HIP1921,
63066,,,12.922073,-42.915701,5.551,1.668,hip2,HIP63066,
99404,,,20.175979,26.904137,5.551,0.087,hip2,HIP99404,
8240,,,1.768313,-50.816213,5.551,1.615,hip2,HIP8240,
52004,,,10.624188,-58.733347,5.551,0.500,hip2,HIP52004,
31457,,,6.590062,-36.779930,5.551,-0.130,hip2,HIP31457,
62423,,Tianyi,12.792873,66.790316,5.551,1.567,hip2,HIP62423,
90913,,,18.545367,-14.865654,5.552,1.998,hip2,HIP90913,
70794,,,14.478259,-6.900414,5.552,1.490,hip2,HIP70794,
87747,,,17.923663,26.049978,5.555,0.341,hip2,HIP87747,
78436,,,16.013234,-8.411325,5.555,0.043,hip2,HIP78436,
15383,,,3.306189,-0.930141,5.555,1.050,hip2,HIP15383,
86019,,,17.579541,-11.242007,5.556,0.013,hip2,HIP86019,
5589,,,1.194825,65.018885,5.556,-0.072,hip2,HIP5589,
7965,,,1.705679,68.043046,5.557,-0.049,hip2,HIP7965,
77902,,,15.909629,20.310864,5.557,1.588,hip2,HIP77902,
105668,,,21.403177,-12.878130,5.558,0.297,hip2,HIP105668,
91989,,,18.749208,-39.686173,5.558,0.850,hip2,HIP91989,
76106,,,15.543531,-19.670363,5.558,0.197,hip2,HIP76106,
43721,,,8.904085,30.579177,5.558,1.050,hip2,HIP43721,
82764,,,16.915315,20.958484,5.558,0.966,hip2,HIP82764,
57013,,,11.688849,-43.095677,5.558,0.044,hip2,HIP57013,
43499,,,8.860148,-57.633615,5.559,-0.102,hip2,HIP43499,
74950,,,15.315664,-40.788169,5.559,-0.099,hip2,HIP74950,
3741,,,0.800292,-21.722475,5.559,-0.058,hip2,HIP3741,
37623,,,7.719999,-36.050124,5.559,-0.130,hip2,HIP37623,
94789,,,19.286728,-66.661038,5.561,0.170,hip2,HIP94789,
46471,,Intercrus,9.477776,45.601795,5.562,0.993,hip2,HIP46471,
110078,,,22.297416,-77.511588,5.562,0.312,hip2,HIP110078,
112832,,,22.850596,-39.156818,5.562,1.444,hip2,HIP112832,
41152,,,8.396814,53.219951,5.563,0.125,hip2,HIP41152,
377,,,0.078126,-71.436858,5.564,-0.100,hip2,HIP377,
3083,,,0.652746,49.354595,5.564,1.644,hip2,HIP3083,
32311,,,6.745962,28.970989,5.564,1.445,hip2,HIP32311,
108339,,,21.948997,12.076526,5.564,0.054,hip2,HIP108339,
93717,,,19.082683,-4.031355,5.565,1.120,hip2,HIP93717,
16210,,,3.481196,49.848446,5.565,-0.054,hip2,HIP16210,
26093,,,5.565079,14.305592,5.565,-0.118,hip2,HIP26093,
82925,,,16.946677,-23.150322,5.566,-0.018,hip2,HIP82925,
54327,,,11.113869,-70.877938,5.567,-0.070,hip2,HIP54327,
97961,,,19.908628,24.319391,5.567,-0.018,hip2,HIP97961,
31299,,,6.563748,-36.232268,5.567,1.419,hip2,HIP31299,
51376,,,10.493166,-30.607071,5.568,-0.041,hip2,HIP51376,
98962,,,20.092424,61.995248,5.568,1.191,hip2,HIP98962,
531,,,0.107369,64.196169,5.568,-0.023,hip2,HIP531,
106227,,,21.516470,60.459440,5.569,0.102,hip2,HIP106227,
4914,,,1.050724,-4.836350,5.570,1.106,hip2,HIP4914,
52422,,,10.717207,26.325697,5.570,0.160,hip2,HIP52422,
36168,,,7.449858,-23.086033,5.571,-0.134,hip2,HIP36168,
93051,,,18.954609,2.535377,5.571,0.004,hip2,HIP93051,
58159,,,11.927924,15.646809,5.571,0.116,hip2,HIP58159,
80008,,,16.332011,39.708590,5.571,0.410,hip2,HIP80008,
60941,,,12.490848,24.108921,5.571,0.445,hip2,HIP60941,
60735,,,12.447693,-32.830048,5.572,0.007,hip2,HIP60735,
78400,,,16.005550,-16.532380,5.572,0.517,hip2,HIP78400,
8814,,,1.888153,40.729800,5.572,1.311,hip2,HIP8814,
96536,,,19.626244,-14.301444,5.572,0.501,hip2,HIP96536,
77464,,,15.815782,-3.818528,5.573,0.120,hip2,HIP77464,
56290,,,11.539099,61.082752,5.573,0.515,hip2,HIP56290,
89772,,,18.319323,7.259762,5.573,1.084,hip2,HIP89772,
76397,,,15.603371,-44.396689,5.574,1.497,hip2,HIP76397,
108845,,,22.049077,44.649942,5.574,-0.029,hip2,HIP108845,
32385,,,6.758664,-30.948991,5.575,-0.138,hip2,HIP32385,
79153,,,16.155157,-57.934173,5.575,-0.024,hip2,HIP79153,
25608,,,5.470924,-37.230931,5.576,0.026,hip2,HIP25608,
77286,,,15.778953,-34.682389,5.576,-0.117,hip2,HIP77286,
5951,,,1.276763,-2.500213,5.577,0.888,hip2,HIP5951,
930,,,0.192894,-27.799778,5.577,1.346,hip2,HIP930,
113532,,,22.993267,-29.462323,5.578,0.271,hip2,HIP113532,
114273,,,23.144678,2.127618,5.578,0.908,hip2,HIP114273,
61968,,,12.699211,6.806644,5.578,0.002,hip2,HIP61968,
7450,,,1.599710,-15.400216,5.578,1.226,hip2,HIP7450,
6592,,,1.411326,-41.492459,5.578,1.030,hip2,HIP6592,
92382,,,18.826388,-43.434040,5.578,-0.077,hip2,HIP92382,
38048,,,7.799106,-12.192893,5.580,0.478,hip2,HIP38048,
107517,,,21.775578,-11.365932,5.580,-0.002,hip2,HIP107517,
44818,,,9.133353,29.654227,5.580,0.888,hip2,HIP44818,
71500,,,14.622268,-46.133414,5.581,0.927,hip2,HIP71500,
102773,,,20.821743,-68.776400,5.581,1.122,hip2,HIP102773,
33804,,,7.018319,-25.215646,5.582,-0.165,hip2,HIP33804,
14417,,,3.102209,79.418510,5.582,1.569,hip2,HIP14417,
44613,,,9.090030,48.530358,5.582,0.475,hip2,HIP44613,
99631,,,20.220519,-1.009266,5.582,1.430,hip2,HIP99631,
28756,,,6.072299,-32.172724,5.582,-0.186,hip2,HIP28756,
46741,,,9.526756,-73.080919,5.584,1.556,hip2,HIP46741,
102633,,,20.796758,6.008241,5.585,-0.010,hip2,HIP102633,
20776,,,4.450804,80.824210,5.585,1.179,hip2,HIP20776,
43496,,,8.859567,-7.177213,5.585,0.150,hip2,HIP43496,
101716,,,20.617962,26.461975,5.585,-0.050,hip2,HIP101716,
27743,,,5.872862,14.171794,5.586,-0.053,hip2,HIP27743,
51685,,,10.558592,34.988702,5.586,0.029,hip2,HIP51685,
95503,,,19.424909,-23.962424,5.586,1.442,hip2,HIP95503,
51384,,,10.495058,84.252105,5.586,0.244,hip2,HIP51384,
61309,,,12.560807,33.247660,5.586,1.011,hip2,HIP61309,
77163,,,15.756519,5.447323,5.587,0.035,hip2,HIP77163,
113357,,Helvetios,22.957736,20.768684,5.587,0.666,hip2,HIP113357,
29263,,,6.169561,-40.353970,5.587,1.665,hip2,HIP29263,
114822,,,23.259518,-3.496372,5.587,0.062,hip2,HIP114822,
37521,,,7.700894,14.208530,5.587,1.642,hip2,HIP37521,
103298,,,20.927376,12.568507,5.587,0.131,hip2,HIP103298,
91004,,,18.564858,-24.032266,5.588,1.795,hip2,HIP91004,
44883,,,9.145053,-8.589514,5.588,-0.057,hip2,HIP44883,
57870,,,11.869554,-56.987827,5.588,0.069,hip2,HIP57870,
96178,,,19.556010,-45.271689,5.588,-0.020,hip2,HIP96178,
55657,,,11.403105,-72.256602,5.588,0.017,hip2,HIP55657,
25143,,,5.380646,41.029253,5.588,0.127,hip2,HIP25143,
51491,,,10.516627,-13.588468,5.588,-0.028,hip2,HIP51491,
117447,,,23.813937,62.214520,5.589,0.670,hip2,HIP117447,
84401,,,17.255346,-33.548413,5.589,-0.056,hip2,HIP84401,
12768,,,2.734766,44.297055,5.590,0.904,hip2,HIP12768,
80460,,,16.423379,37.394079,5.591,0.174,hip2,HIP80460,
5164,,,1.101425,-9.839369,5.591,0.009,hip2,HIP5164,
82960,,,16.953103,-33.259469,5.591,1.606,hip2,HIP82960,
26197,,,5.583613,-6.009269,5.591,-0.228,hip2,HIP26197,
73841,,,15.090525,48.150901,5.591,-0.005,hip2,HIP73841,
22871,,,4.919761,-74.937002,5.592,1.518,hip2,HIP22871,
100469,,,20.374300,-42.049349,5.592,0.002,hip2,HIP100469,
41400,,,8.445542,12.654863,5.592,1.608,hip2,HIP41400,
14143,,,3.039586,4.352870,5.592,-0.107,hip2,HIP14143,
25768,,,5.502628,-47.077334,5.592,0.615,hip2,HIP25768,
10732,,,2.302096,19.901161,5.592,0.011,hip2,HIP10732,
6748,,,1.447655,-13.056534,5.593,0.321,hip2,HIP6748,
5346,,,1.139540,5.650221,5.593,0.334,hip2,HIP5346,
89042,,,18.173961,-62.002768,5.593,0.592,hip2,HIP89042,
113521,,,22.990945,0.963091,5.593,0.982,hip2,HIP113521,
111062,,,22.499430,4.432057,5.593,0.385,hip2,HIP111062,
31121,,,6.530574,-8.158181,5.593,1.373,hip2,HIP31121,
47956,,,9.772339,-76.775981,5.593,0.901,hip2,HIP47956,
104371,,,21.144131,30.205688,5.594,-0.048,hip2,HIP104371,
97063,,,19.725958,-15.469654,5.594,0.460,hip2,HIP97063,
2942,,,0.622563,35.399510,5.595,0.886,hip2,HIP2942,
112731,,,22.829508,55.902685,5.596,1.167,hip2,HIP112731,
56802,,,11.644433,-13.202250,5.596,0.520,hip2,HIP56802,
103145,,,20.898307,33.437809,5.596,1.522,hip2,HIP103145,
26382,,,5.617697,17.040409,5.596,0.237,hip2,HIP26382,
31362,,,6.576480,-32.716261,5.596,-0.085,hip2,HIP31362,
53781,,,11.004082,45.526269,5.596,1.466,hip2,HIP53781,
75572,,,15.438185,34.335850,5.597,1.410,hip2,HIP75572,
94982,,,19.327596,12.374639,5.597,0.265,hip2,HIP94982,
110817,,,22.451475,65.132275,5.597,0.302,hip2,HIP110817,
90414,,,18.448336,-48.117109,5.597,0.855,hip2,HIP90414,
40240,,,8.219132,29.656586,5.597,-0.073,hip2,HIP40240,
30651,,,6.440518,56.285044,5.598,0.238,hip2,HIP30651,
105913,,,21.450462,-42.547966,5.598,0.392,hip2,HIP105913,
72208,,,14.768333,15.131741,5.599,1.335,hip2,HIP72208,
107235,,,21.718467,41.155000,5.599,1.615,hip2,HIP107235,
79488,,,16.220947,5.021099,5.600,1.472,hip2,HIP79488,
93843,,,19.110468,28.628390,5.600,0.296,hip2,HIP93843,
67304,,,13.794075,-50.320667,5.600,1.351,hip2,HIP67304,
40834,,,8.333489,-71.505462,5.600,-0.099,hip2,HIP40834,
26649,,,5.663848,-32.629139,5.601,0.913,hip2,HIP26649,
66198,,,13.568701,55.348450,5.601,-0.014,hip2,HIP66198,
38639,,,7.911872,47.564592,5.602,1.462,hip2,HIP38639,
116354,,,23.577097,40.236552,5.602,0.096,hip2,HIP116354,
72323,,,14.789600,-25.624233,5.603,-0.043,hip2,HIP72323,
100108,,,20.307952,36.999754,5.604,0.056,hip2,HIP100108,
97757,,,19.866409,47.027349,5.604,-0.078,hip2,HIP97757,
35564,,,7.339294,-52.311883,5.605,0.483,hip2,HIP35564,
89369,,,18.237753,-21.713107,5.605,1.528,hip2,HIP89369,
73497,,,15.022169,-2.754872,5.606,1.692,hip2,HIP73497,
39943,,,8.157928,-16.248906,5.607,-0.153,hip2,HIP39943,
84720,,,17.317487,-46.636500,5.607,0.764,hip2,HIP84720,
73133,,,14.946141,-11.409728,5.607,1.491,hip2,HIP73133,
19483,,,4.172922,-6.923823,5.607,0.941,hip2,HIP19483,
115152,,,23.324941,48.625196,5.607,1.014,hip2,HIP115152,
84183,,,17.209044,62.874221,5.608,0.216,hip2,HIP84183,
50456,,,10.302111,-28.992027,5.608,0.277,hip2,HIP50456,
94727,,,19.275284,4.834821,5.608,0.101,hip2,HIP94727,
92630,,,18.874224,-46.595119,5.608,1.641,hip2,HIP92630,
5310,,,1.132530,20.739321,5.608,0.121,hip2,HIP5310,
87847,,,17.946597,-4.081802,5.609,1.162,hip2,HIP87847,
38497,,,7.884310,-36.363774,5.609,1.161,hip2,HIP38497,
95560,,,19.437012,20.097820,5.609,-0.006,hip2,HIP95560,
19009,,,4.072687,24.106026,5.609,0.813,hip2,HIP19009,
81972,,,16.745167,-40.839623,5.610,-0.093,hip2,HIP81972,
49220,,,10.046933,21.949271,5.610,-0.178,hip2,HIP49220,
4510,,,0.963930,28.992236,5.610,1.076,hip2,HIP4510,
78106,,,15.948362,-33.964157,5.610,0.072,hip2,HIP78106,
53273,,,10.895489,-2.129241,5.611,0.966,hip2,HIP53273,
89507,,,18.264832,-44.206496,5.611,0.962,hip2,HIP89507,
19805,,,4.246819,-62.192049,5.611,1.106,hip2,HIP19805,
40282,,,8.226174,-50.196067,5.611,1.651,hip2,HIP40282,
63031,,,12.916208,-85.123422,5.611,0.991,hip2,HIP63031,
115908,,,23.483592,-63.110623,5.611,-0.142,hip2,HIP115908,
42917,,,8.745846,10.081712,5.611,-0.069,hip2,HIP42917,
53449,,,10.933745,6.185384,5.611,1.256,hip2,HIP53449,
84835,,,17.339207,46.240680,5.611,1.586,hip2,HIP84835,
109474,,,22.177473,70.132514,5.612,0.391,hip2,HIP109474,
15201,,,3.265933,-77.388605,5.612,0.438,hip2,HIP15201,
4293,,,0.916750,-69.526979,5.613,1.095,hip2,HIP4293,
76996,,,15.721139,-84.465508,5.613,0.118,hip2,HIP76996,
28098,,,5.939151,-31.382455,5.613,0.382,hip2,HIP28098,
77390,,,15.798082,-65.442189,5.613,0.231,hip2,HIP77390,
5626,,,1.204586,79.673975,5.614,0.008,hip2,HIP5626,
12107,,,2.600019,-7.831453,5.614,1.607,hip2,HIP12107,
42286,,,8.621902,-62.853412,5.614,1.013,hip2,HIP42286,
62131,,,12.733486,-28.323861,5.614,1.346,hip2,HIP62131,
2802,,,0.594760,-48.000661,5.614,0.461,hip2,HIP2802,
105767,,,21.421379,-3.556578,5.615,1.451,hip2,HIP105767,
74305,,,15.187773,-55.346015,5.615,1.118,hip2,HIP74305,
103401,,,20.948342,-9.697517,5.616,1.474,hip2,HIP103401,
113969,,,23.081152,-68.820380,5.616,0.395,hip2,HIP113969,
7943,,,1.700960,35.245767,5.616,-0.059,hip2,HIP7943,
4288,,,0.916117,23.628446,5.617,1.011,hip2,HIP4288,
107975,,,21.874988,28.793692,5.617,0.426,hip2,HIP107975,
43851,,,8.932099,11.626058,5.618,1.462,hip2,HIP43851,
21685,,,4.655455,-14.358887,5.618,1.054,hip2,HIP21685,
66753,,,13.682271,-85.785992,5.618,0.183,hip2,HIP66753,
22263,,,4.793392,-16.934867,5.618,0.632,hip2,HIP22263,
36616,,,7.530103,17.086229,5.619,1.126,hip2,HIP36616,
25993,,,5.547605,-38.513346,5.619,1.224,hip2,HIP25993,
4104,,,0.877945,-24.005926,5.619,1.275,hip2,HIP4104,
114831,,,23.260474,70.888085,5.619,0.263,hip2,HIP114831,
81007,,,16.543243,5.521221,5.620,-0.044,hip2,HIP81007,
115713,,,23.443485,-52.721919,5.620,0.409,hip2,HIP115713,
15154,,,3.255680,30.556675,5.620,0.012,hip2,HIP15154,
61136,,,12.527874,-59.423914,5.622,0.622,hip2,HIP61136,
20982,,,4.500166,83.340131,5.622,0.855,hip2,HIP20982,
25223,,,5.395086,-0.159813,5.623,-0.208,hip2,HIP25223,
107,,,0.022253,-50.337399,5.624,1.615,hip2,HIP107,
34624,,,7.172035,-27.491524,5.624,0.998,hip2,HIP34624,
3478,,,0.740618,47.863963,5.625,-0.113,hip2,HIP3478,
80480,,,16.428758,78.963601,5.625,0.249,hip2,HIP80480,
95865,,,19.497826,-26.985511,5.625,1.120,hip2,HIP95865,
52595,,,10.754549,-80.469524,5.625,0.957,hip2,HIP52595,
86623,,,17.699622,15.952179,5.626,0.387,hip2,HIP86623,
52965,,,10.832513,-34.058200,5.626,0.038,hip2,HIP52965,
56700,,,11.626125,-47.747377,5.626,1.230,hip2,HIP56700,
114132,,,23.114889,-38.892307,5.626,0.006,hip2,HIP114132,
79672,,,16.260315,-8.368236,5.627,0.652,hip2,HIP79672,
92831,,,18.914494,41.602728,5.627,1.034,hip2,HIP92831,
23554,,,5.064793,-24.388057,5.628,0.094,hip2,HIP23554,
46358,,,9.451805,-71.602092,5.628,1.079,hip2,HIP46358,
4283,,,0.914656,83.707461,5.628,0.105,hip2,HIP4283,
7535,,,1.618323,12.141511,5.628,0.347,hip2,HIP7535,
110935,,,22.477067,-67.488887,5.628,0.208,hip2,HIP110935,
13965,,,2.997162,47.220639,5.628,0.869,hip2,HIP13965,
68581,,,14.039667,-27.429763,5.628,1.331,hip2,HIP68581,
36981,,,7.601083,-14.492773,5.629,-0.067,hip2,HIP36981,
79980,,,16.325745,-30.906769,5.629,0.466,hip2,HIP79980,
17460,,,3.742055,36.460204,5.629,0.062,hip2,HIP17460,
25028,,,5.358845,-0.416494,5.629,-0.125,hip2,HIP25028,
107586,,,21.790363,60.692694,5.630,1.575,hip2,HIP107586,
26345,,,5.609915,-6.064753,5.630,-0.212,hip2,HIP26345,
49005,,,9.997700,56.811876,5.630,1.487,hip2,HIP49005,
73111,,,14.942244,-47.879143,5.630,-0.035,hip2,HIP73111,
44961,,,9.159883,-8.787631,5.630,1.002,hip2,HIP44961,
115746,,,23.449978,87.307457,5.631,0.250,hip2,HIP115746,
67819,,,13.892450,-35.664194,5.632,0.444,hip2,HIP67819,
34579,,,7.161952,-25.231044,5.632,-0.158,hip2,HIP34579,
72664,,,14.857382,59.293653,5.633,1.369,hip2,HIP72664,
16263,,,3.493340,-12.674749,5.633,0.171,hip2,HIP16263,
110936,,,22.477551,-39.131401,5.633,0.959,hip2,HIP110936,
111068,,,22.500498,32.572672,5.633,-0.031,hip2,HIP111068,
87044,,,17.785567,17.697041,5.634,0.036,hip2,HIP87044,
19335,,,4.143471,38.040228,5.634,0.520,hip2,HIP19335,
94437,,,19.220977,-12.282510,5.635,1.442,hip2,HIP94437,
39919,,,8.152643,-48.684410,5.635,-0.101,hip2,HIP39919,
40035,,,8.177771,-13.799347,5.636,0.488,hip2,HIP40035,
72582,,,14.841612,37.271815,5.636,1.030,hip2,HIP72582,
110725,,,22.433551,70.770885,5.637,1.216,hip2,HIP110725,
7978,,,1.708098,-53.740575,5.638,0.551,hip2,HIP7978,
76750,,,15.672600,-73.446635,5.638,-0.040,hip2,HIP76750,
115054,,,23.302718,-40.824063,5.638,0.445,hip2,HIP115054,
85147,,,17.400299,-62.864132,5.639,-0.147,hip2,HIP85147,
13265,,,2.844557,-35.675717,5.639,1.259,hip2,HIP13265,
52407,,,10.712002,-32.715673,5.640,0.006,hip2,HIP52407,
17584,,,3.766457,45.681944,5.640,-0.080,hip2,HIP17584,
15330,,,3.295686,-62.576899,5.641,0.641,hip2,HIP15330,
34440,,,7.139456,15.930926,5.641,1.020,hip2,HIP34440,
26215,,,5.587011,10.240102,5.641,0.149,hip2,HIP26215,
102014,,,20.672170,-33.431930,5.641,1.118,hip2,HIP102014,
98754,,,20.058337,16.031273,5.641,-0.095,hip2,HIP98754,
37901,,,7.767267,-6.772285,5.641,1.378,hip2,HIP37901,
84551,,,17.284365,-32.662705,5.642,0.514,hip2,HIP84551,
38438,,,7.874930,-54.367184,5.642,-0.151,hip2,HIP38438,
107575,,,21.787211,2.686131,5.642,0.012,hip2,HIP107575,
105259,,,21.321025,58.623510,5.643,1.114,hip2,HIP105259,
81733,,,16.694508,-49.651546,5.644,-0.043,hip2,HIP81733,
103094,,,20.888489,45.181683,5.644,1.088,hip2,HIP103094,
45924,,,9.364150,-42.194738,5.644,1.637,hip2,HIP45924,
102155,,,20.699027,41.716872,5.644,-0.107,hip2,HIP102155,
67973,,,13.920047,-52.160769,5.644,-0.072,hip2,HIP67973,
24679,,,5.294513,-13.519708,5.645,0.932,hip2,HIP24679,
67172,,,13.765647,-12.426547,5.645,0.898,hip2,HIP67172,
17527,,,3.752702,24.839373,5.645,-0.064,hip2,HIP17527,
52689,,,10.773709,14.194803,5.645,0.908,hip2,HIP52689,
3885,,,0.831419,27.710312,5.645,0.398,hip2,HIP3885,
32609,,,6.803398,55.704448,5.646,0.000,hip2,HIP32609,
106886,,,21.649339,57.489050,5.646,0.200,hip2,HIP106886,
27517,,,5.826821,-14.483550,5.646,0.870,hip2,HIP27517,
20995,,,4.502370,15.637898,5.646,0.324,hip2,HIP20995,
51561,,,10.532624,-45.066713,5.646,-0.194,hip2,HIP51561,
82135,,,16.779992,-39.376898,5.646,0.975,hip2,HIP82135,
56770,,,11.639080,43.625514,5.646,0.348,hip2,HIP56770,
82028,,,16.756251,15.745412,5.647,1.637,hip2,HIP82028,
69536,,,14.234814,12.959577,5.647,0.537,hip2,HIP69536,
7345,,,1.577145,-15.676353,5.647,0.066,hip2,HIP7345,
45001,,,9.165670,-30.365283,5.648,0.179,hip2,HIP45001,
71783,,,14.683726,-36.134843,5.649,-0.081,hip2,HIP71783,
87314,,,17.841220,-53.612381,5.650,-0.099,hip2,HIP87314,
61724,,,12.652044,21.062581,5.651,0.978,hip2,HIP61724,
94720,,,19.274106,14.544615,5.651,-0.020,hip2,HIP94720,
24450,,,5.245570,5.156129,5.651,1.369,hip2,HIP24450,
20219,,,4.332676,14.035250,5.651,0.283,hip2,HIP20219,
7213,,,1.548903,-36.865182,5.652,1.021,hip2,HIP7213,
25280,,,5.407908,-16.975742,5.652,-0.001,hip2,HIP25280,
37036,,,7.611400,-19.702353,5.652,-0.165,hip2,HIP37036,
32474,,,6.777506,-10.107362,5.653,-0.048,hip2,HIP32474,
4200,,,0.893827,-62.871353,5.653,1.574,hip2,HIP4200,
81754,,,16.698243,-19.924479,5.653,0.436,hip2,HIP81754,
90968,,,18.556426,-38.725933,5.653,-0.060,hip2,HIP90968,
115770,,,23.454561,70.359793,5.654,0.163,hip2,HIP115770,
15643,,,3.356674,-23.635089,5.654,0.885,hip2,HIP15643,
117375,,,23.799024,-2.761611,5.654,0.941,hip2,HIP117375,
64003,,,13.115064,-35.861823,5.654,0.050,hip2,HIP64003,
46578,,,9.498477,-26.589617,5.655,1.345,hip2,HIP46578,
97980,,,19.912437,0.273660,5.655,0.098,hip2,HIP97980,
86698,,,17.714192,-36.945507,5.655,1.553,hip2,HIP86698,
115142,,,23.323294,-5.124303,5.655,0.386,hip2,HIP115142,
65522,,,13.430666,-70.627251,5.655,-0.018,hip2,HIP65522,
19968,,,4.281541,61.850041,5.656,-0.116,hip2,HIP19968,
92882,,,18.925284,-16.376187,5.656,0.445,hip2,HIP92882,
88836,,,18.133974,36.401717,5.656,1.161,hip2,HIP88836,
117299,,,23.783865,57.451377,5.656,1.630,hip2,HIP117299,
28524,,,6.021193,-33.911771,5.657,1.580,hip2,HIP28524,
115836,,,23.467657,-87.482242,5.657,1.278,hip2,HIP115836,
66640,,,13.659635,10.746302,5.657,0.348,hip2,HIP66640,
58427,,,11.979908,-64.339557,5.658,0.174,hip2,HIP58427,
97077,,,19.728588,25.771873,5.658,0.939,hip2,HIP97077,
95077,,,19.343932,-22.402603,5.659,0.276,hip2,HIP95077,
17395,,,3.726066,-10.485612,5.660,0.216,hip2,HIP17395,
95619,,,19.449020,-29.743105,5.660,-0.014,hip2,HIP95619,
102253,,,20.719718,66.657363,5.660,0.218,hip2,HIP102253,
27955,,,5.914582,-39.957910,5.661,1.515,hip2,HIP27955,
107835,,,21.846452,-69.629404,5.661,1.378,hip2,HIP107835,
39213,,,8.020530,4.879779,5.661,0.013,hip2,HIP39213,
31190,,,6.544161,-32.030454,5.661,-0.180,hip2,HIP31190,
3607,,,0.769897,-22.522067,5.661,0.978,hip2,HIP3607,
56497,,,11.582501,-49.136947,5.661,1.041,hip2,HIP56497,
26064,,,5.558786,18.540231,5.661,-0.022,hip2,HIP26064,
99518,,,20.196659,26.809015,5.662,1.397,hip2,HIP99518,
89065,,,18.177858,3.324269,5.662,1.204,hip2,HIP89065,
92549,,,18.859723,52.974521,5.662,0.843,hip2,HIP92549,
7679,,,1.647697,-21.275475,5.663,0.346,hip2,HIP7679,
100907,,,20.459521,38.440523,5.664,0.072,hip2,HIP100907,
85790,,,17.530437,28.407436,5.664,-0.001,hip2,HIP85790,
66435,,,13.619737,71.242267,5.665,1.219,hip2,HIP66435,
97634,,,19.843703,40.599778,5.665,-0.058,hip2,HIP97634,
81252,,,16.595770,-65.495329,5.665,0.949,hip2,HIP81252,
52686,,,10.773469,18.891622,5.665,1.134,hip2,HIP52686,
6732,,,1.444902,19.240565,5.666,1.106,hip2,HIP6732,
10642,,,2.283053,-6.421856,5.666,0.962,hip2,HIP10642,
22531,,,4.848719,-53.461722,5.666,0.341,hip2,HIP22531,
21823,,,4.690025,48.300989,5.666,0.002,hip2,HIP21823,
115395,,,23.375701,60.133489,5.666,1.679,hip2,HIP115395,
85290,,,17.428157,60.048341,5.666,0.024,hip2,HIP85290,
19095,,,4.093696,-27.652037,5.667,0.324,hip2,HIP19095,
102916,,,20.850212,-37.913290,5.667,1.380,hip2,HIP102916,
41375,,,8.440897,-3.987300,5.667,0.218,hip2,HIP41375,
74732,,,15.273065,-22.399421,5.668,1.357,hip2,HIP74732,
36723,,,7.553243,3.290275,5.668,0.321,hip2,HIP36723,
10418,,,2.237362,-67.841552,5.668,1.556,hip2,HIP10418,
103981,,,21.067976,-5.823049,5.668,0.683,hip2,HIP103981,
93393,,,19.021488,26.291433,5.668,-0.086,hip2,HIP93393,
54336,,,11.115120,1.955734,5.668,0.955,hip2,HIP54336,
54029,,,11.054147,-11.303209,5.668,0.938,hip2,HIP54029,
103527,,Musica,20.973879,10.839369,5.668,0.934,hip2,HIP103527,
93340,,,19.012074,55.658319,5.668,0.862,hip2,HIP93340,
35136,,,7.263920,47.240416,5.668,0.576,hip2,HIP35136,
79689,,,16.263836,-57.912228,5.669,0.137,hip2,HIP79689,
6514,,,1.394599,37.714990,5.669,0.276,hip2,HIP6514,
108543,,,21.988300,-38.395093,5.669,0.996,hip2,HIP108543,
47168,,,9.611903,31.161841,5.670,1.594,hip2,HIP47168,
60212,,,12.347453,57.864289,5.671,1.452,hip2,HIP60212,
112381,,,22.761335,-46.547300,5.671,1.302,hip2,HIP112381,
54255,,,11.099319,-27.287812,5.671,-0.067,hip2,HIP54255,
63024,,,12.915704,47.196738,5.671,1.451,hip2,HIP63024,
30840,,,6.477568,-32.371297,5.671,-0.160,hip2,HIP30840,
105769,,,21.422052,46.714224,5.671,0.335,hip2,HIP105769,
75049,,,15.335733,29.616311,5.672,1.015,hip2,HIP75049,
31897,,,6.667475,-80.813723,5.672,0.214,hip2,HIP31897,
85922,,,17.558297,-5.744572,5.672,0.187,hip2,HIP85922,
124,,,0.026950,61.222804,5.673,0.407,hip2,HIP124,
76133,,,15.549430,-1.186299,5.673,1.092,hip2,HIP76133,
15861,,,3.405129,24.724188,5.673,1.190,hip2,HIP15861,
55765,,,11.426794,16.456550,5.673,0.390,hip2,HIP55765,
30342,,,6.382186,-56.369921,5.673,0.242,hip2,HIP30342,
47267,,,9.633732,-43.190869,5.673,0.985,hip2,HIP47267,
3675,,,0.783730,11.973935,5.673,0.987,hip2,HIP3675,
83635,,,17.092294,-0.892065,5.673,0.104,hip2,HIP83635,
67250,,,13.783299,38.542750,5.674,1.036,hip2,HIP67250,
31167,,,6.539758,-5.868718,5.674,0.256,hip2,HIP31167,
39566,,,8.084363,-53.107914,5.674,1.347,hip2,HIP39566,
23043,,,4.956208,17.153707,5.674,1.304,hip2,HIP23043,
77984,,,15.925029,-26.265921,5.674,0.141,hip2,HIP77984,
67231,,,13.776576,54.432690,5.675,-0.039,hip2,HIP67231,
79399,,,16.204460,-28.417206,5.675,0.012,hip2,HIP79399,
75257,,,15.377047,39.581496,5.675,1.626,hip2,HIP75257,
2711,,,0.574338,-52.373183,5.676,0.472,hip2,HIP2711,
19388,,,4.152750,19.609294,5.676,1.077,hip2,HIP19388,
45920,,,9.363919,-55.514871,5.676,0.190,hip2,HIP45920,
71419,,,14.605294,-46.245491,5.676,1.489,hip2,HIP71419,
97966,,,19.910458,-8.227226,5.677,-0.079,hip2,HIP97966,
3572,,,0.760864,74.988126,5.677,0.078,hip2,HIP3572,
104642,,,21.196733,59.986619,5.677,0.110,hip2,HIP104642,
118077,,,23.952359,55.705735,5.677,0.478,hip2,HIP118077,
36348,,,7.480968,48.184038,5.678,-0.092,hip2,HIP36348,
14915,,,3.207325,6.660886,5.678,1.011,hip2,HIP14915,
69462,,,14.221228,-53.665651,5.678,1.438,hip2,HIP69462,
21278,,,4.565203,-6.738896,5.678,-0.128,hip2,HIP21278,
72154,,,14.758397,0.717290,5.679,-0.021,hip2,HIP72154,
31137,,,6.532864,-58.753841,5.679,-0.057,hip2,HIP31137,
18805,,,4.029481,9.998014,5.679,0.005,hip2,HIP18805,
89020,,,18.168279,-30.728598,5.679,0.979,hip2,HIP89020,
47701,,,9.725909,29.974725,5.679,0.111,hip2,HIP47701,
73193,,,14.959227,-0.167548,5.680,1.131,hip2,HIP73193,
98823,,Tianfu,20.068974,7.277934,5.680,1.063,hip2,HIP98823,
18089,,,3.866729,6.534914,5.680,0.046,hip2,HIP18089,
89925,,,18.349158,29.858794,5.680,0.231,hip2,HIP89925,
50520,,,10.318089,-64.676288,5.681,0.042,hip2,HIP50520,
17738,,,3.798895,-30.167321,5.682,0.973,hip2,HIP17738,
111546,,,22.597857,39.634341,5.682,-0.160,hip2,HIP111546,
31637,,,6.620512,-36.990684,5.682,-0.112,hip2,HIP31637,
41395,,,8.445002,-12.534540,5.683,1.167,hip2,HIP41395,
109056,,,22.092960,28.964004,5.683,-0.048,hip2,HIP109056,
48561,,,9.904908,-45.283527,5.683,-0.114,hip2,HIP48561,
111809,,,22.647629,-33.081383,5.683,0.037,hip2,HIP111809,
84949,,,17.362115,39.974808,5.683,0.667,hip2,HIP84949,
87308,,,17.839687,29.322027,5.683,1.071,hip2,HIP87308,
45219,,,9.215451,-59.413967,5.683,0.846,hip2,HIP45219,
4675,,,1.000985,44.713305,5.683,-0.010,hip2,HIP4675,
74689,,,15.263650,0.372107,5.684,0.181,hip2,HIP74689,
50935,,,10.402393,33.718536,5.684,1.186,hip2,HIP50935,
17309,,,3.705262,19.700286,5.684,-0.016,hip2,HIP17309,
70492,,,14.418428,-68.195324,5.684,0.435,hip2,HIP70492,
90541,,,18.474198,-38.995570,5.684,0.140,hip2,HIP90541,
30321,,,6.377286,-69.984128,5.685,1.510,hip2,HIP30321,
80675,,,16.470884,-58.599709,5.685,0.008,hip2,HIP80675,
103598,,,20.990370,59.438557,5.685,1.411,hip2,HIP103598,
8714,,,1.869265,50.792864,5.685,-0.067,hip2,HIP8714,
88816,,,18.130112,-17.154301,5.685,1.132,hip2,HIP88816,
110778,,,22.442819,-16.742146,5.685,0.618,hip2,HIP110778,
84150,,,17.204504,-39.506775,5.686,0.042,hip2,HIP84150,
96807,,,19.678698,-0.621293,5.686,0.123,hip2,HIP96807,
13665,,,2.932429,61.521063,5.686,0.445,hip2,HIP13665,
102066,,,20.684039,32.307316,5.686,0.871,hip2,HIP102066,
37043,,,7.612202,-48.830170,5.686,-0.037,hip2,HIP37043,
73634,,,15.051690,35.205773,5.686,1.023,hip2,HIP73634,
112542,,,22.795209,-14.056406,5.687,-0.016,hip2,HIP112542,
36186,,,7.452220,-17.864865,5.687,0.314,hip2,HIP36186,
66091,,,13.547691,-15.363012,5.687,1.228,hip2,HIP66091,
35029,,,7.246118,-46.849672,5.688,-0.109,hip2,HIP35029,
36039,,,7.427275,-79.094203,5.688,1.281,hip2,HIP36039,
13702,,,2.940551,18.023651,5.688,0.471,hip2,HIP13702,
58576,,,12.012324,-10.444839,5.688,0.760,hip2,HIP58576,
10535,,,2.261898,25.043255,5.689,0.520,hip2,HIP10535,
81141,,,16.572047,-70.988065,5.689,1.235,hip2,HIP81141,
40646,,,8.297339,59.571128,5.689,0.182,hip2,HIP40646,
51802,,,10.583942,8.650439,5.689,0.059,hip2,HIP51802,
90124,,,18.391339,-36.238000,5.689,1.015,hip2,HIP90124,
25001,,,5.353525,29.569885,5.690,0.060,hip2,HIP25001,
64053,,,13.127311,-53.459715,5.690,-0.061,hip2,HIP64053,
42923,,,8.747759,-37.147260,5.690,-0.139,hip2,HIP42923,
9573,,,2.050052,64.390023,5.691,0.325,hip2,HIP9573,
54522,,,11.155309,36.309435,5.691,1.400,hip2,HIP54522,
60170,,,12.338811,26.619751,5.691,1.091,hip2,HIP60170,
63738,,,13.062785,-20.583510,5.692,0.554,hip2,HIP63738,
108693,,,22.018143,13.119961,5.692,0.336,hip2,HIP108693,
110529,,,22.391885,-24.762655,5.692,0.979,hip2,HIP110529,
107930,,,21.866951,55.796745,5.692,-0.081,hip2,HIP107930,
75043,,,15.334761,51.958488,5.692,0.122,hip2,HIP75043,
51008,,,10.420886,8.784939,5.692,1.630,hip2,HIP51008,
109737,,,22.228997,-25.180925,5.693,0.497,hip2,HIP109737,
97765,,,19.867109,24.992171,5.693,0.680,hip2,HIP97765,
94620,,,19.254816,21.232099,5.694,0.121,hip2,HIP94620,
37322,,,7.662175,-38.139328,5.694,-0.125,hip2,HIP37322,
41515,,,8.466507,-35.113788,5.695,-0.151,hip2,HIP41515,
86667,,,17.707888,24.564310,5.695,1.436,hip2,HIP86667,
41242,,,8.415332,-23.153817,5.695,0.066,hip2,HIP41242,
104177,,,21.107083,-41.385936,5.696,1.350,hip2,HIP104177,
78132,,,15.954068,14.414268,5.697,1.141,hip2,HIP78132,
113148,,,22.912668,-16.271742,5.697,1.111,hip2,HIP113148,
2548,,,0.539932,6.955455,5.698,-0.014,hip2,HIP2548,
25751,,,5.498548,1.789261,5.698,-0.192,hip2,HIP25751,
79007,,,16.127098,9.891760,5.698,0.200,hip2,HIP79007,
67848,,,13.897512,53.728692,5.698,-0.032,hip2,HIP67848,
107649,,,21.804336,-47.302898,5.699,0.601,hip2,HIP107649,
114622,,,23.220762,57.167638,5.699,1.000,hip2,HIP114622,
100591,,,20.398107,-42.422905,5.699,0.201,hip2,HIP100591,
7825,,,1.677656,43.297763,5.699,0.214,hip2,HIP7825,
115271,,,23.347085,30.415088,5.699,1.501,hip2,HIP115271,
60610,,,12.422712,-35.186401,5.700,-0.066,hip2,HIP60610,
97871,,,19.888534,-3.114497,5.700,0.231,hip2,HIP97871,
31079,,,6.521728,-51.826208,5.700,0.534,hip2,HIP31079,
56518,,,11.587044,-47.372561,5.700,1.682,hip2,HIP56518,
114924,,,23.278387,53.214050,5.700,0.556,hip2,HIP114924,
15479,,,3.326362,-24.122847,5.701,1.663,hip2,HIP15479,
17506,,,3.749017,-0.296715,5.701,1.411,hip2,HIP17506,
77986,,,15.925170,42.566152,5.701,-0.102,hip2,HIP77986,
96406,,,19.600458,-24.719018,5.701,0.185,hip2,HIP96406,
108060,,,21.893713,19.668380,5.701,0.011,hip2,HIP108060,
18471,,,3.947787,22.478250,5.703,0.345,hip2,HIP18471,
34065,,,7.065945,-43.608984,5.703,0.624,hip2,HIP34065,
75127,,,15.352122,-5.824827,5.704,1.047,hip2,HIP75127,
86011,,,17.578470,-32.581658,5.704,0.045,hip2,HIP86011,
113669,,,23.022041,-28.853908,5.705,1.349,hip2,HIP113669,
38200,,,7.826508,-33.288954,5.705,1.617,hip2,HIP38200,
30720,,,6.454331,-0.275987,5.705,1.376,hip2,HIP30720,
74750,,,15.276860,-60.903987,5.705,-0.057,hip2,HIP74750,
83535,,,17.073535,-57.712107,5.705,-0.097,hip2,HIP83535,
100221,,,20.326860,62.257413,5.705,-0.043,hip2,HIP100221,
50241,,,10.258763,-43.112241,5.706,1.520,hip2,HIP50241,
90497,,,18.466326,6.194160,5.706,-0.034,hip2,HIP90497,
118277,,,23.991084,-29.485153,5.706,1.599,hip2,HIP118277,
29842,,,6.283675,-37.737650,5.707,1.129,hip2,HIP29842,
40793,,,8.325615,75.756869,5.707,0.902,hip2,HIP40793,
28909,,,6.102601,-66.039689,5.707,-0.024,hip2,HIP28909,
5454,,,1.163668,19.658385,5.707,0.697,hip2,HIP5454,
71453,,,14.612264,-40.211526,5.707,-0.112,hip2,HIP71453,
82110,,,16.772563,-58.503568,5.707,-0.101,hip2,HIP82110,
83187,,,17.001746,-54.597002,5.707,0.194,hip2,HIP83187,
476,,,0.094982,13.396282,5.708,0.901,hip2,HIP476,
51046,,,10.428986,-7.060143,5.708,1.528,hip2,HIP51046,
79072,,,16.141134,8.534325,5.708,1.575,hip2,HIP79072,
67057,,,13.741616,-16.179059,5.708,0.805,hip2,HIP67057,
2661,,,0.561406,-29.558207,5.709,1.262,hip2,HIP2661,
117683,,,23.866064,2.930419,5.709,1.527,hip2,HIP117683,
52136,,,10.651596,53.668493,5.709,1.270,hip2,HIP52136,
54829,,,11.225220,-59.619317,5.709,-0.106,hip2,HIP54829,
70054,,,14.336030,-43.058862,5.709,0.907,hip2,HIP70054,
107253,,,21.723785,38.283601,5.710,-0.010,hip2,HIP107253,
21295,,,4.568966,5.568635,5.710,0.055,hip2,HIP21295,
71974,,,14.720435,-24.997731,5.710,0.006,hip2,HIP71974,
96014,,,19.522044,50.306594,5.710,1.274,hip2,HIP96014,
34267,,,7.103231,34.474087,5.710,0.909,hip2,HIP34267,
7941,,,1.700838,-36.832264,5.711,-0.010,hip2,HIP7941,
30728,,,6.455688,2.908256,5.711,1.035,hip2,HIP30728,
1982,,,0.418440,53.046785,5.711,-0.056,hip2,HIP1982,
38908,,,7.962862,-60.303361,5.711,0.573,hip2,HIP38908,
105282,,,21.324649,49.510289,5.712,-0.119,hip2,HIP105282,
110506,,,22.385498,-45.928348,5.712,0.372,hip2,HIP110506,
67663,,,13.863120,-46.898630,5.712,-0.153,hip2,HIP67663,
41211,,,8.409761,-3.751177,5.713,0.478,hip2,HIP41211,
56146,,,11.508078,18.409738,5.713,1.056,hip2,HIP56146,
11432,,,2.457719,31.801349,5.713,1.114,hip2,HIP11432,
20087,,,4.306428,21.579379,5.713,0.277,hip2,HIP20087,
71837,,,14.695449,11.660935,5.713,0.941,hip2,HIP71837,
45122,,,9.192608,-46.583930,5.713,-0.218,hip2,HIP45122,
2941,,,0.622163,-24.767226,5.713,0.715,hip2,HIP2941,
108868,,,22.054564,-6.522427,5.713,0.959,hip2,HIP108868,
32531,,,6.788531,-55.540049,5.714,1.549,hip2,HIP32531,
17103,,,3.664207,3.056843,5.714,0.931,hip2,HIP17103,
104516,,,21.170987,53.563109,5.714,-0.111,hip2,HIP104516,
110986,,,22.485542,9.129084,5.714,1.578,hip2,HIP110986,
111242,,,22.537854,76.226468,5.714,0.020,hip2,HIP111242,
20484,,,4.390277,16.777327,5.715,0.310,hip2,HIP20484,
79349,,,16.193903,23.494830,5.715,1.519,hip2,HIP79349,
102962,,,20.860668,-62.429215,5.715,0.203,hip2,HIP102962,
66065,,,13.543323,-28.692714,5.715,0.037,hip2,HIP66065,
7617,,,1.635434,57.977645,5.715,1.388,hip2,HIP7617,
15696,,,3.369970,27.607576,5.715,1.100,hip2,HIP15696,
65198,,,13.361577,2.087371,5.716,0.045,hip2,HIP65198,
34360,,,7.122941,-23.840735,5.716,-0.117,hip2,HIP34360,
62608,,,12.829153,-71.986245,5.716,1.154,hip2,HIP62608,
106890,,,21.649693,57.487416,5.716,0.240,hip2,HIP106890,
28484,,,6.013666,-51.216553,5.716,0.207,hip2,HIP28484,
103519,,,20.972050,44.471541,5.716,0.973,hip2,HIP103519,
28499,,,6.016266,47.901974,5.717,-0.007,hip2,HIP28499,
36362,,,7.484700,-31.456230,5.718,-0.185,hip2,HIP36362,
62541,,,12.815054,14.122633,5.718,0.024,hip2,HIP62541,
51364,,,10.491393,-29.663854,5.718,1.420,hip2,HIP51364,
27581,,,5.841362,14.305699,5.718,1.006,hip2,HIP27581,
59607,,,12.223627,-38.929159,5.718,-0.144,hip2,HIP59607,
90096,,,18.386713,-12.014707,5.718,0.006,hip2,HIP90096,
74066,,,15.136707,-40.583856,5.719,-0.113,hip2,HIP74066,
49569,,,10.119303,-17.141596,5.719,1.490,hip2,HIP49569,
20579,,,4.408095,34.130841,5.719,-0.054,hip2,HIP20579,
42795,,,8.720093,12.680871,5.719,0.435,hip2,HIP42795,
80953,,,16.529787,45.598184,5.719,0.125,hip2,HIP80953,
51140,,,10.446926,-54.877314,5.720,1.556,hip2,HIP51140,
105576,,,21.383464,-22.669049,5.720,1.641,hip2,HIP105576,
60957,,,12.495340,20.896185,5.720,0.093,hip2,HIP60957,
49934,,,10.196242,-58.060560,5.720,-0.118,hip2,HIP49934,
72432,,,14.810571,-36.634585,5.720,1.369,hip2,HIP72432,
95557,,,19.436398,-15.053250,5.721,0.007,hip2,HIP95557,
39957,,,8.159342,-56.085475,5.721,0.204,hip2,HIP39957,
46982,,,9.575734,-5.914807,5.721,1.159,hip2,HIP46982,
73369,,,14.993603,39.265232,5.721,0.336,hip2,HIP73369,
83692,,,17.105030,22.084247,5.721,1.299,hip2,HIP83692,
22699,,,4.879935,42.586626,5.722,0.115,hip2,HIP22699,
46221,,,9.423345,-5.117379,5.722,1.523,hip2,HIP46221,
43903,,,8.943746,64.604030,5.722,0.877,hip2,HIP43903,
113222,,,22.929026,36.351394,5.722,-0.051,hip2,HIP113222,
98633,,,20.032938,-13.637242,5.722,0.079,hip2,HIP98633,
40944,,,8.355896,-20.079012,5.724,0.771,hip2,HIP40944,
10723,,,2.300341,1.756900,5.724,0.588,hip2,HIP10723,
92872,,,18.924290,6.615505,5.724,1.041,hip2,HIP92872,
90260,,,18.417087,-30.756401,5.724,1.138,hip2,HIP90260,
21743,,,4.668568,-24.482411,5.724,0.926,hip2,HIP21743,
42146,,,8.591170,-7.982331,5.724,-0.004,hip2,HIP42146,
48613,,,9.914240,-50.243977,5.725,0.006,hip2,HIP48613,
85749,,,17.522596,2.724460,5.726,0.844,hip2,HIP85749,
69763,,,14.277424,-66.587881,5.726,-0.095,hip2,HIP69763,
56319,,,11.546705,-40.436336,5.727,1.578,hip2,HIP56319,
33077,,,6.888568,-19.032779,5.727,0.279,hip2,HIP33077,
61015,,,12.504851,-23.696420,5.727,1.670,hip2,HIP61015,
9622,,,2.061246,-4.103364,5.727,1.589,hip2,HIP9622,
91315,,,18.625975,62.526463,5.727,-0.045,hip2,HIP91315,
29205,,,6.159593,-14.584691,5.728,1.150,hip2,HIP29205,
12692,,,2.717445,55.106071,5.728,-0.110,hip2,HIP12692,
56675,,,11.621095,-75.896541,5.728,0.362,hip2,HIP56675,
78276,,,15.982693,36.643706,5.728,1.529,hip2,HIP78276,
36388,,,7.488521,-1.905307,5.728,1.493,hip2,HIP36388,
48310,,,9.848777,-62.745137,5.728,1.316,hip2,HIP48310,
73284,,,14.977579,-27.657293,5.728,0.262,hip2,HIP73284,
25329,,,5.417151,-10.328845,5.728,1.543,hip2,HIP25329,
101475,,,20.565232,46.693861,5.728,-0.140,hip2,HIP101475,
58110,,,11.917542,8.443905,5.729,0.937,hip2,HIP58110,
61658,,,12.639570,1.854705,5.729,1.592,hip2,HIP61658,
41377,,,8.441036,27.893862,5.729,1.421,hip2,HIP41377,
32698,,,6.821226,-2.272028,5.730,-0.098,hip2,HIP32698,
78279,,,15.982822,-65.037570,5.731,-0.066,hip2,HIP78279,
29716,,,6.259544,-0.511659,5.731,0.505,hip2,HIP29716,
64122,,,13.142358,-8.984229,5.731,1.178,hip2,HIP64122,
54487,,,11.146968,24.658450,5.731,0.081,hip2,HIP54487,
30436,,,6.398865,-25.577530,5.731,1.561,hip2,HIP30436,
47960,,,9.773234,1.785686,5.731,0.342,hip2,HIP47960,
53064,,,10.856599,59.320243,5.732,1.160,hip2,HIP53064,
88298,,,18.031772,-22.780291,5.732,-0.030,hip2,HIP88298,
106856,,,21.642187,5.771673,5.732,0.265,hip2,HIP106856,
729,,,0.150649,18.212025,5.732,1.043,hip2,HIP729,
29151,,,6.149418,2.499727,5.732,0.067,hip2,HIP29151,
95564,,,19.438648,-21.776682,5.732,1.228,hip2,HIP95564,
109831,,,22.245647,42.953964,5.733,0.014,hip2,HIP109831,
14930,,,3.209206,-57.321582,5.733,2.419,hip2,HIP14930,
89008,,,18.166385,36.466257,5.733,0.915,hip2,HIP89008,
16780,,,3.599348,-11.193978,5.733,0.915,hip2,HIP16780,
30011,,,6.316383,-20.925621,5.733,-0.155,hip2,HIP30011,
37223,,,7.645529,-36.496842,5.734,-0.148,hip2,HIP37223,
95656,,,19.457214,52.320503,5.734,-0.002,hip2,HIP95656,
31277,,,6.560048,14.155375,5.734,1.105,hip2,HIP31277,
9313,,,1.994126,-42.030289,5.734,1.052,hip2,HIP9313,
81702,,,16.689004,-48.762968,5.735,0.169,hip2,HIP81702,
26966,,,5.722683,-18.557443,5.735,-0.014,hip2,HIP26966,
5081,,,1.084820,14.946003,5.735,0.420,hip2,HIP5081,
43584,,,8.876285,32.474123,5.736,0.224,hip2,HIP43584,
66438,,,13.620056,-61.691572,5.736,0.493,hip2,HIP66438,
61296,,,12.559519,-12.830328,5.736,0.861,hip2,HIP61296,
24914,,,5.339615,62.653717,5.736,1.728,hip2,HIP24914,
18647,,,3.991703,-12.574332,5.736,1.479,hip2,HIP18647,
70791,,,14.477247,49.844964,5.736,0.864,hip2,HIP70791,
102635,,,20.797026,47.831913,5.736,1.466,hip2,HIP102635,
38152,,,7.818534,-56.410385,5.737,1.116,hip2,HIP38152,
30069,,,6.328043,-34.396595,5.737,-0.080,hip2,HIP30069,
93718,,,19.082729,31.744258,5.738,1.548,hip2,HIP93718,
10155,,,2.177095,19.500404,5.738,1.641,hip2,HIP10155,
106429,,,21.556537,-44.848695,5.738,1.044,hip2,HIP106429,
44923,,,9.151180,-18.328599,5.738,0.000,hip2,HIP44923,
77048,,,15.733145,32.515828,5.739,1.076,hip2,HIP77048,
21192,,,4.543762,-3.209500,5.739,-0.117,hip2,HIP21192,
95822,,,19.489479,14.596077,5.739,1.050,hip2,HIP95822,
117887,,,23.912958,0.109344,5.739,1.466,hip2,HIP117887,
98863,,,20.076716,32.218625,5.740,0.760,hip2,HIP98863,
16168,,,3.472411,33.807697,5.740,0.048,hip2,HIP16168,
22393,,,4.820232,31.437625,5.740,1.132,hip2,HIP22393,
37204,,,7.642454,35.048484,5.741,0.921,hip2,HIP37204,
104031,,,21.076290,5.502860,5.741,1.650,hip2,HIP104031,
37329,,,7.663301,-38.260676,5.741,-0.071,hip2,HIP37329,
54137,,,11.075361,-47.679183,5.742,0.256,hip2,HIP54137,
72833,,,14.887094,-73.190155,5.743,0.820,hip2,HIP72833,
66727,,,13.677916,19.955663,5.743,0.017,hip2,HIP66727,
35044,,,7.247552,-27.037924,5.743,1.220,hip2,HIP35044,
16511,,,3.543314,9.373558,5.744,-0.072,hip2,HIP16511,
27938,,,5.912107,-11.774261,5.744,1.523,hip2,HIP27938,
25041,,,5.362100,8.428564,5.745,-0.114,hip2,HIP25041,
89487,,,18.261295,-63.055308,5.745,0.944,hip2,HIP89487,
87569,,,17.889853,-34.895109,5.745,1.098,hip2,HIP87569,
34339,,,7.118635,-40.893296,5.745,-0.158,hip2,HIP34339,
94624,,,19.255580,15.083679,5.746,1.067,hip2,HIP94624,
101810,,,20.631863,18.268431,5.746,1.162,hip2,HIP101810,
42177,,,8.597789,-50.969677,5.746,-0.132,hip2,HIP42177,
85169,,,17.405221,-60.673769,5.746,-0.067,hip2,HIP85169,
29433,,,6.200372,19.790572,5.747,-0.071,hip2,HIP29433,
105703,,,21.409437,26.174545,5.747,0.323,hip2,HIP105703,
12640,,,2.706090,20.011577,5.747,-0.017,hip2,HIP12640,
109352,,,22.153799,33.172498,5.747,0.985,hip2,HIP109352,
21819,,,4.688815,28.615067,5.747,0.018,hip2,HIP21819,
14521,,,3.125528,-78.989423,5.747,0.298,hip2,HIP14521,
73100,,,14.939706,49.628999,5.747,0.533,hip2,HIP73100,
30591,,,6.428793,-48.176849,5.748,-0.061,hip2,HIP30591,
77336,,,15.788153,14.115272,5.748,0.094,hip2,HIP77336,
37441,,,7.686790,48.131852,5.748,1.011,hip2,HIP37441,
84690,,,17.313289,-44.129707,5.749,-0.049,hip2,HIP84690,
105411,,,21.351177,23.856258,5.749,1.057,hip2,HIP105411,
74380,,,15.199379,-48.743579,5.749,0.144,hip2,HIP74380,
4770,,,1.021729,-38.916649,5.749,1.185,hip2,HIP4770,
37023,,,7.608794,46.180368,5.750,1.560,hip2,HIP37023,
14893,,,3.203955,27.257013,5.750,-0.106,hip2,HIP14893,
107887,,,21.859510,19.826649,5.750,-0.100,hip2,HIP107887,
3849,,,0.823765,-13.561017,5.750,1.325,hip2,HIP3849,
27316,,,5.786986,14.488424,5.750,0.077,hip2,HIP27316,
28984,,,6.115977,-21.812290,5.750,1.584,hip2,HIP28984,
44001,,,8.959768,15.581234,5.750,0.209,hip2,HIP44001,
109332,,,22.149720,-18.519573,5.750,-0.154,hip2,HIP109332,
1191,,,0.248473,-9.569551,5.751,-0.084,hip2,HIP1191,
100437,,,20.368152,45.794898,5.751,1.077,hip2,HIP100437,
35615,,,7.349526,-14.360489,5.752,0.971,hip2,HIP35615,
62703,,,12.849418,-52.787395,5.752,0.127,hip2,HIP62703,
115755,,,23.452036,42.911969,5.752,-0.007,hip2,HIP115755,
12153,,,2.610486,12.447846,5.753,0.516,hip2,HIP12153,
23166,,,4.983733,-16.376337,5.753,0.447,hip2,HIP23166,
2383,,,0.507215,-48.214698,5.754,0.367,hip2,HIP2383,
80375,,,16.407035,55.205046,5.754,0.001,hip2,HIP80375,
40678,,,8.304830,-35.451705,5.754,1.246,hip2,HIP40678,
78661,,,16.058721,76.793889,5.755,0.051,hip2,HIP78661,
79005,,,16.126789,-12.745343,5.755,0.018,hip2,HIP79005,
108758,,,22.030716,52.882246,5.755,-0.106,hip2,HIP108758,
27629,,,5.849476,27.967833,5.755,0.978,hip2,HIP27629,
31992,,,6.684846,0.495335,5.756,-0.094,hip2,HIP31992,
43669,,,8.896853,-60.353931,5.756,-0.088,hip2,HIP43669,
83150,,,16.992773,-69.268132,5.756,-0.103,hip2,HIP83150,
58654,,,12.027648,36.042277,5.756,1.019,hip2,HIP58654,
22024,,,4.734811,-8.503574,5.757,-0.076,hip2,HIP22024,
10212,,,2.189212,8.570083,5.757,0.569,hip2,HIP10212,
75308,,,15.386278,-60.657109,5.757,0.489,hip2,HIP75308,
98470,,,20.005600,-33.702748,5.757,0.498,hip2,HIP98470,
41723,,,8.507950,-32.159287,5.758,1.509,hip2,HIP41723,
75730,,,15.470944,-16.716403,5.758,1.545,hip2,HIP75730,
85912,,,17.556345,19.256899,5.758,0.505,hip2,HIP85912,
107162,,,21.706372,41.077023,5.758,0.055,hip2,HIP107162,
44504,,,9.066779,54.283877,5.759,0.034,hip2,HIP44504,
102208,,,20.709750,82.531106,5.759,0.000,hip2,HIP102208,
42564,,,8.676460,-45.191115,5.759,1.664,hip2,HIP42564,
9621,,,2.060906,25.935449,5.759,0.537,hip2,HIP9621,
42438,,,8.653262,65.020693,5.759,0.618,hip2,HIP42438,
114948,,,23.282630,-62.001135,5.759,0.521,hip2,HIP114948,
36024,,,7.423687,-25.217765,5.759,-0.103,hip2,HIP36024,
59501,,,12.202583,20.542106,5.759,0.961,hip2,HIP59501,
32810,,,6.839819,-31.706094,5.760,0.094,hip2,HIP32810,
2497,,,0.528114,52.839558,5.760,1.163,hip2,HIP2497,
112864,,,22.856252,61.696639,5.760,0.775,hip2,HIP112864,
52487,,,10.730893,-64.249052,5.760,0.012,hip2,HIP52487,
50609,,,10.337979,-47.699100,5.761,1.667,hip2,HIP50609,
63972,,,13.109735,-41.588407,5.761,1.050,hip2,HIP63972,
65072,,,13.338610,40.150556,5.761,1.204,hip2,HIP65072,
57741,,,11.840912,-62.649383,5.761,0.233,hip2,HIP57741,
106393,,,21.549049,49.977600,5.761,-0.042,hip2,HIP106393,
114254,,,23.139193,-28.823568,5.761,0.882,hip2,HIP114254,
105696,,,21.406889,-41.006695,5.761,-0.036,hip2,HIP105696,
38994,,,7.980710,-60.824488,5.762,-0.082,hip2,HIP38994,
108691,,,22.018059,0.604744,5.762,1.279,hip2,HIP108691,
114365,,,23.162261,59.332689,5.762,0.315,hip2,HIP114365,
25492,,,5.452298,30.208614,5.762,0.175,hip2,HIP25492,
35202,,,7.275516,-38.318940,5.762,-0.133,hip2,HIP35202,
115620,,,23.422049,-56.848935,5.763,1.063,hip2,HIP115620,
103675,,,21.007694,19.329726,5.763,1.588,hip2,HIP103675,
90991,,,18.560834,-14.853591,5.764,0.043,hip2,HIP90991,
64607,,,13.242012,11.331785,5.764,1.514,hip2,HIP64607,
95823,,,19.489936,-43.444915,5.764,0.214,hip2,HIP95823,
72573,,,14.838785,82.512487,5.764,0.671,hip2,HIP72573,
77562,,,15.835309,-53.209675,5.764,-0.076,hip2,HIP77562,
98375,,,19.986273,23.101274,5.764,0.345,hip2,HIP98375,
109081,,,22.097486,-59.635942,5.764,1.468,hip2,HIP109081,
66656,,,13.663496,-40.051575,5.764,1.301,hip2,HIP66656,
86782,,Alruba,17.733101,53.801755,5.765,0.017,hip2,HIP86782,
31737,,,6.639728,28.984392,5.766,-0.001,hip2,HIP31737,
59923,,,12.291833,28.937103,5.766,0.160,hip2,HIP59923,
72250,,,14.774730,-47.441080,5.766,0.066,hip2,HIP72250,
106062,,,21.483266,22.179404,5.766,1.370,hip2,HIP106062,
8362,,,1.795573,63.853101,5.767,0.804,hip2,HIP8362,
22913,,,4.930599,15.040307,5.767,-0.085,hip2,HIP22913,
17579,,Asterope,3.765129,24.554621,5.768,-0.036,hip2,HIP17579,
68276,,,13.977480,21.696321,5.768,-0.002,hip2,HIP68276,
3277,,,0.696195,-56.501455,5.768,0.131,hip2,HIP3277,
38210,,,7.828054,-66.195973,5.768,-0.040,hip2,HIP38210,
7463,,,1.602341,-29.907434,5.769,0.335,hip2,HIP7463,
5550,,,1.186191,37.724138,5.769,-0.095,hip2,HIP5550,
39177,,,8.013143,17.308710,5.769,1.317,hip2,HIP39177,
45915,,,9.362028,56.699248,5.769,1.511,hip2,HIP45915,
72378,,,14.799323,-26.646134,5.770,-0.007,hip2,HIP72378,
91883,,,18.731004,31.926920,5.770,0.360,hip2,HIP91883,
46511,,,9.486848,-20.749144,5.771,1.587,hip2,HIP46511,
29629,,,6.243530,-4.568463,5.771,-0.155,hip2,HIP29629,
109240,,,22.130648,21.703092,5.771,-0.077,hip2,HIP109240,
85157,,,17.401837,22.960375,5.772,0.229,hip2,HIP85157,
10305,,,2.213145,-2.393460,5.772,0.546,hip2,HIP10305,
59831,,,12.268760,40.660258,5.772,1.586,hip2,HIP59831,
67384,,,13.810761,31.190115,5.772,1.032,hip2,HIP67384,
40077,,,8.186335,-48.462004,5.773,-0.146,hip2,HIP40077,
113031,,,22.891303,-11.616519,5.774,-0.082,hip2,HIP113031,
89000,,,18.165002,3.120297,5.774,0.490,hip2,HIP89000,
60795,,,12.459757,55.712752,5.774,1.582,hip2,HIP60795,
24109,,,5.178575,46.962435,5.774,0.452,hip2,HIP24109,
30099,,,6.334508,14.651169,5.774,1.578,hip2,HIP30099,
69598,,,14.245212,-41.837448,5.774,0.929,hip2,HIP69598,
38159,,,7.820241,-46.857741,5.775,-0.142,hip2,HIP38159,
72524,,,14.828156,48.720563,5.775,0.501,hip2,HIP72524,
79358,,,16.196684,36.425163,5.775,1.352,hip2,HIP79358,
38253,,,7.836271,-9.183442,5.776,1.446,hip2,HIP38253,
5361,,,1.142624,58.263480,5.776,-0.019,hip2,HIP5361,
99747,,,20.238613,-52.445642,5.776,1.497,hip2,HIP99747,
16489,,,3.538810,84.911363,5.777,0.894,hip2,HIP16489,
47570,,,9.700106,39.757968,5.777,0.951,hip2,HIP47570,
12803,,,2.742492,15.311900,5.777,-0.024,hip2,HIP12803,
49339,,,10.072505,-24.285596,5.777,0.303,hip2,HIP49339,
105761,,,21.420283,-9.748140,5.777,0.208,hip2,HIP105761,
18081,,,3.864921,34.359129,5.778,-0.036,hip2,HIP18081,
85185,,,17.408758,16.301077,5.778,0.074,hip2,HIP85185,
60463,,,12.395774,-38.911351,5.778,-0.064,hip2,HIP60463,
81641,,,16.677413,4.219815,5.778,-0.004,hip2,HIP81641,
38656,,,7.914831,-57.302883,5.779,1.298,hip2,HIP38656,
46657,,,9.512800,-31.889171,5.779,0.066,hip2,HIP46657,
38375,,,7.861959,-21.173742,5.780,0.956,hip2,HIP38375,
4587,,,0.978858,-11.379939,5.780,0.949,hip2,HIP4587,
194,,,0.041599,8.485578,5.781,0.315,hip2,HIP194,
105652,,,21.399650,24.274091,5.781,0.314,hip2,HIP105652,
8046,,,1.722149,60.551371,5.781,-0.010,hip2,HIP8046,
418,,,0.085037,61.313965,5.781,-0.067,hip2,HIP418,
14677,,,3.160202,29.077112,5.782,0.115,hip2,HIP14677,
25194,,,5.390001,-39.678436,5.782,1.626,hip2,HIP25194,
100097,,,20.306877,55.397171,5.782,0.118,hip2,HIP100097,
34473,,,7.145094,-70.497346,5.782,0.436,hip2,HIP34473,
75181,,,15.363770,-48.316959,5.782,0.639,hip2,HIP75181,
114210,,,23.129236,49.295455,5.782,0.449,hip2,HIP114210,
92294,,,18.810544,-65.077489,5.782,0.268,hip2,HIP92294,
42090,,,8.578862,36.419719,5.782,0.051,hip2,HIP42090,
77645,,,15.851891,-55.055525,5.783,0.017,hip2,HIP77645,
26882,,,5.707347,65.697702,5.783,1.249,hip2,HIP26882,
62576,,,12.821531,27.552326,5.783,0.051,hip2,HIP62576,
46813,,,9.539008,-19.400326,5.783,0.135,hip2,HIP46813,
78574,,,16.044231,47.240199,5.784,1.164,hip2,HIP78574,
87777,,,17.930781,22.464221,5.784,1.249,hip2,HIP87777,
35785,,,7.381128,55.281471,5.784,-0.078,hip2,HIP35785,
91405,,,18.641865,-23.504845,5.784,-0.018,hip2,HIP91405,
113307,,,22.946617,-47.969226,5.784,0.226,hip2,HIP113307,
41621,,,8.485437,-44.160431,5.784,-0.160,hip2,HIP41621,
110578,,,22.401908,-4.837001,5.784,-0.033,hip2,HIP110578,
23916,,,5.138941,-8.665274,5.785,-0.059,hip2,HIP23916,
116495,,,23.606485,2.102071,5.785,0.449,hip2,HIP116495,
15876,,,3.408244,33.536018,5.785,-0.001,hip2,HIP15876,
90762,,,18.517908,16.928606,5.785,0.053,hip2,HIP90762,
19011,,,4.072974,-12.792339,5.785,1.062,hip2,HIP19011,
38427,,,7.871912,-14.846179,5.785,0.368,hip2,HIP38427,
108699,,,22.019233,8.257171,5.785,1.440,hip2,HIP108699,
26394,,,5.619109,-80.471674,5.785,0.600,hip2,HIP26394,
104440,,,21.155977,-73.172270,5.785,0.590,hip2,HIP104440,
105164,,,21.303074,-4.519511,5.786,-0.130,hip2,HIP105164,
41816,,,8.525159,24.081216,5.786,0.327,hip2,HIP41816,
47199,,,9.619408,-32.178613,5.786,1.023,hip2,HIP47199,
27766,,,5.875878,-37.630991,5.786,1.046,hip2,HIP27766,
65466,,,13.418524,23.854438,5.786,0.090,hip2,HIP65466,
35487,,,7.324467,-16.394913,5.786,0.346,hip2,HIP35487,
30444,,,6.400283,-36.707897,5.787,1.027,hip2,HIP30444,
35181,,,7.270964,-46.774611,5.787,1.441,hip2,HIP35181,
92969,,,18.940484,65.258154,5.787,0.938,hip2,HIP92969,
48348,,,9.855489,-46.193954,5.787,1.166,hip2,HIP48348,
30463,,,6.403855,-60.281398,5.787,-0.001,hip2,HIP30463,
22936,,,4.935299,52.869717,5.788,0.105,hip2,HIP22936,
91139,,,18.591776,23.605528,5.788,1.015,hip2,HIP91139,
104978,,,21.262732,-53.263050,5.789,0.191,hip2,HIP104978,
20842,,,4.466867,21.620006,5.789,0.270,hip2,HIP20842,
1086,,,0.225260,41.035727,5.789,0.331,hip2,HIP1086,
26545,,,5.645424,-40.707358,5.789,-0.078,hip2,HIP26545,
73536,,,15.030254,-0.140259,5.790,1.509,hip2,HIP73536,
52478,,,10.728699,57.199328,5.790,-0.038,hip2,HIP52478,
107773,,,21.833370,-64.712444,5.790,1.018,hip2,HIP107773,
86552,,,17.687842,-46.921811,5.790,-0.004,hip2,HIP86552,
91973,,,18.746719,37.594565,5.790,0.285,hip2,HIP91973,
13942,,,2.993352,-25.274339,5.790,0.427,hip2,HIP13942,
43644,,,8.889603,61.962214,5.791,0.305,hip2,HIP43644,
37174,,,7.638392,-48.601448,5.791,0.683,hip2,HIP37174,
102949,,,20.857843,28.250519,5.791,0.616,hip2,HIP102949,
19554,,,4.188943,5.523035,5.792,0.360,hip2,HIP19554,
49865,,,10.182184,-8.418351,5.792,1.304,hip2,HIP49865,
88964,,,18.159407,3.993287,5.792,0.363,hip2,HIP88964,
90313,,,18.427445,8.032024,5.793,0.884,hip2,HIP90313,
40357,,,8.239966,-45.834548,5.793,-0.176,hip2,HIP40357,
57791,,,11.850620,-5.333334,5.793,1.058,hip2,HIP57791,
116582,,,23.625564,44.429035,5.793,-0.064,hip2,HIP116582,
78045,,,15.934988,-60.482305,5.793,0.087,hip2,HIP78045,
106559,,,21.580853,-20.084382,5.793,0.423,hip2,HIP106559,
61498,,,12.600298,-39.869447,5.793,0.003,hip2,HIP61498,
63916,,,13.097855,45.268490,5.794,1.135,hip2,HIP63916,
116355,,,23.577280,33.497276,5.794,1.042,hip2,HIP116355,
78970,,,16.121160,-36.755540,5.794,0.298,hip2,HIP78970,
34086,,,7.068125,-5.323971,5.794,1.290,hip2,HIP34086,
28814,,,6.082878,4.158677,5.795,1.041,hip2,HIP28814,
90687,,,18.503290,-18.728574,5.795,1.057,hip2,HIP90687,
92768,,,18.903681,27.909701,5.795,1.361,hip2,HIP92768,
53699,,,10.987151,-33.737454,5.795,0.374,hip2,HIP53699,
88122,,,17.998945,45.501461,5.795,1.562,hip2,HIP88122,
66763,,,13.683988,22.495831,5.795,1.008,hip2,HIP66763,
53762,,,10.999841,-43.807135,5.796,-0.064,hip2,HIP53762,
76519,,,15.627558,69.283217,5.796,1.371,hip2,HIP76519,
17932,,,3.834570,44.967921,5.796,0.779,hip2,HIP17932,
76376,,,15.599188,54.630568,5.796,0.051,hip2,HIP76376,
91322,,,18.626654,-0.309424,5.796,0.067,hip2,HIP91322,
115769,,,23.454148,-58.476279,5.796,0.983,hip2,HIP115769,
20400,,,4.367625,14.077250,5.797,0.315,hip2,HIP20400,
26169,,,5.579106,-73.741367,5.797,1.717,hip2,HIP26169,
85715,,,17.515381,31.158101,5.797,0.960,hip2,HIP85715,
106654,,,21.603029,-26.171457,5.797,0.234,hip2,HIP106654,
5493,,,1.171902,42.081577,5.797,0.603,hip2,HIP5493,
91118,,,18.586830,18.203392,5.797,0.006,hip2,HIP91118,
47959,,,9.773149,11.810001,5.797,1.489,hip2,HIP47959,
37590,,,7.713376,-26.351254,5.798,0.990,hip2,HIP37590,
34722,,,7.189744,26.856669,5.798,0.130,hip2,HIP34722,
50448,,,10.300597,65.108373,5.798,0.163,hip2,HIP50448,
74100,,,15.144226,-42.867870,5.798,-0.123,hip2,HIP74100,
93498,,,19.041025,-24.846395,5.799,1.232,hip2,HIP93498,
5833,,,1.246995,-0.974294,5.799,0.428,hip2,HIP5833,
4267,,,0.909783,19.188436,5.799,-0.016,hip2,HIP4267,
16368,,,3.514356,-66.489718,5.799,-0.055,hip2,HIP16368,
31446,,,6.587730,0.890222,5.799,0.004,hip2,HIP31446,
56078,,,11.494069,-24.464059,5.799,0.067,hip2,HIP56078,
66400,,,13.613475,-26.495236,5.799,0.220,hip2,HIP66400,
29225,,,6.162218,23.113470,5.800,0.192,hip2,HIP29225,
59468,,,12.197556,25.870355,5.800,1.401,hip2,HIP59468,
56510,,,11.584694,54.785375,5.800,1.032,hip2,HIP56510,
86254,,,17.625305,24.309969,5.800,0.114,hip2,HIP86254,
103810,,,21.035832,56.669611,5.800,-0.058,hip2,HIP103810,
101345,,,20.539865,-9.853641,5.800,0.689,hip2,HIP101345,
98332,,,19.978105,-69.163713,5.801,0.224,hip2,HIP98332,
103312,,,20.930502,47.417666,5.801,0.408,hip2,HIP103312,
36528,,,7.514639,68.465727,5.801,1.100,hip2,HIP36528,
54561,,,11.164828,-32.367457,5.802,0.027,hip2,HIP54561,
66417,,,13.616417,24.613303,5.802,1.593,hip2,HIP66417,
28992,,,6.117686,-34.312022,5.802,-0.137,hip2,HIP28992,
105854,,,21.439653,-37.829403,5.802,1.185,hip2,HIP105854,
41861,,,8.534715,-53.211961,5.803,0.582,hip2,HIP41861,
59309,,,12.167642,5.806963,5.804,0.352,hip2,HIP59309,
35120,,,7.260949,7.977737,5.805,1.537,hip2,HIP35120,
90804,,,18.523804,-10.795793,5.805,0.379,hip2,HIP90804,
115312,,,23.354309,-26.986742,5.806,0.817,hip2,HIP115312,
100574,,,20.395657,37.476448,5.806,-0.173,hip2,HIP100574,
44356,,,9.032782,-0.482842,5.806,1.163,hip2,HIP44356,
23088,,,4.969271,25.050521,5.806,0.018,hip2,HIP23088,
36732,,,7.555430,-19.412354,5.807,1.121,hip2,HIP36732,
56606,,,11.606217,-61.052437,5.807,-0.102,hip2,HIP56606,
93552,,,19.054913,-38.253182,5.807,0.328,hip2,HIP93552,
53316,,,10.904939,-13.758059,5.807,0.832,hip2,HIP53316,
21958,,,4.719254,-30.765395,5.808,1.391,hip2,HIP21958,
97376,,,19.791049,38.407617,5.808,-0.087,hip2,HIP97376,
29234,,,6.163307,-22.774490,5.808,0.454,hip2,HIP29234,
46225,,,9.424272,-61.950612,5.809,0.137,hip2,HIP46225,
73540,,,15.030751,-83.227776,5.810,0.962,hip2,HIP73540,
107144,,,21.702810,1.285273,5.810,1.446,hip2,HIP107144,
22545,,,4.852601,48.740758,5.811,1.013,hip2,HIP22545,
103389,,,20.946464,-26.296219,5.811,0.507,hip2,HIP103389,
1288,,,0.269107,-31.446328,5.811,1.350,hip2,HIP1288,
14439,,,3.106580,13.187403,5.811,1.087,hip2,HIP14439,
43797,,,8.919933,-54.965547,5.812,0.481,hip2,HIP43797,
62732,,,12.854995,-60.329786,5.812,0.344,hip2,HIP62732,
32968,,,6.866670,23.601742,5.812,1.467,hip2,HIP32968,
9990,,,2.144606,58.423605,5.812,0.595,hip2,HIP9990,
45314,,,9.235619,-44.145854,5.812,-0.113,hip2,HIP45314,
26396,,,5.619122,26.924528,5.812,-0.075,hip2,HIP26396,
24732,,,5.303681,73.268136,5.813,-0.023,hip2,HIP24732,
73771,,,15.079712,-83.038268,5.813,1.273,hip2,HIP73771,
20271,,,4.345231,-7.592491,5.813,-0.124,hip2,HIP20271,
90647,,,18.495823,77.547070,5.813,1.192,hip2,HIP90647,
5296,,,1.129478,-9.785592,5.813,0.446,hip2,HIP5296,
100859,,,20.450613,49.383225,5.813,0.339,hip2,HIP100859,
28899,,,6.101537,-29.758522,5.813,0.041,hip2,HIP28899,
42028,,,8.567121,-2.151605,5.813,0.007,hip2,HIP42028,
59229,,,12.148288,-44.325886,5.814,0.240,hip2,HIP59229,
80793,,,16.496362,-14.550899,5.814,0.823,hip2,HIP80793,
62325,,,12.772883,9.540789,5.814,0.989,hip2,HIP62325,
62500,,,12.807322,-27.597230,5.814,0.947,hip2,HIP62500,
12247,,,2.628272,-3.396068,5.815,1.021,hip2,HIP12247,
81472,,,16.640639,-43.398377,5.815,-0.053,hip2,HIP81472,
15411,,,3.311409,-18.559640,5.816,0.381,hip2,HIP15411,
79757,,,16.279103,29.150302,5.816,0.063,hip2,HIP79757,
75665,,,15.459195,-64.531457,5.816,1.646,hip2,HIP75665,
96496,,,19.617593,-18.231019,5.816,1.237,hip2,HIP96496,
100357,,,20.353199,63.980087,5.816,1.561,hip2,HIP100357,
109620,,,22.206235,63.291072,5.816,1.645,hip2,HIP109620,
522,,,0.105184,-49.075094,5.816,0.519,hip2,HIP522,
39184,,,8.013879,-54.151296,5.816,-0.134,hip2,HIP39184,
32753,,,6.830513,16.202913,5.817,-0.136,hip2,HIP32753,
49764,,,10.158389,-68.682833,5.817,0.015,hip2,HIP49764,
81734,,,16.695150,1.181102,5.817,0.336,hip2,HIP81734,
65790,,,13.486955,10.818396,5.817,1.052,hip2,HIP65790,
28855,,,6.090880,-35.513686,5.819,0.027,hip2,HIP28855,
99500,,,20.192984,62.078347,5.819,0.530,hip2,HIP99500,
42372,,,8.639517,53.401575,5.819,0.964,hip2,HIP42372,
10328,,,2.217568,15.279911,5.820,1.551,hip2,HIP10328,
108875,,,22.055284,11.386556,5.820,-0.050,hip2,HIP108875,
67861,,,13.899235,-47.128153,5.820,-0.053,hip2,HIP67861,
84950,,,17.362597,53.420422,5.820,1.463,hip2,HIP84950,
16340,,,3.510259,48.103655,5.821,-0.033,hip2,HIP16340,
35347,,,7.301183,-43.986772,5.821,-0.117,hip2,HIP35347,
67143,,,13.760260,-26.115985,5.821,0.023,hip2,HIP67143,
92136,,,18.778701,-10.125038,5.821,0.584,hip2,HIP92136,
72552,,,14.832885,28.615833,5.821,0.046,hip2,HIP72552,
49363,,,10.076763,53.891725,5.822,0.507,hip2,HIP49363,
109209,,,22.124588,19.475436,5.822,0.331,hip2,HIP109209,
18262,,,3.906438,-40.357029,5.822,0.599,hip2,HIP18262,
16285,,,3.498665,-42.634253,5.822,0.205,hip2,HIP16285,
32617,,,6.805302,-1.318839,5.822,0.292,hip2,HIP32617,
98844,,,20.073098,-0.709021,5.822,1.301,hip2,HIP98844,
33248,,,6.917427,-20.404851,5.822,0.048,hip2,HIP33248,
51933,,,10.608951,-12.228487,5.822,0.528,hip2,HIP51933,
113657,,,23.018749,-50.950029,5.822,1.411,hip2,HIP113657,
116591,,,23.627650,-13.060306,5.823,1.025,hip2,HIP116591,
93845,,,19.110656,24.250758,5.823,0.104,hip2,HIP93845,
85998,,,17.576859,9.586724,5.823,0.040,hip2,HIP85998,
51420,,,10.501794,38.925143,5.824,0.087,hip2,HIP51420,
113562,,,23.001602,-25.163987,5.824,1.253,hip2,HIP113562,
95793,,,19.483608,1.950529,5.824,0.088,hip2,HIP95793,
20049,,,4.299771,-80.214181,5.825,0.836,hip2,HIP20049,
7251,,,1.557141,58.327345,5.825,1.435,hip2,HIP7251,
21148,,,4.533845,53.910846,5.825,0.119,hip2,HIP21148,
117567,,,23.842573,-14.401438,5.825,1.488,hip2,HIP117567,
33024,,,6.880413,8.380449,5.825,0.270,hip2,HIP33024,
35643,,,7.354872,45.228170,5.825,0.342,hip2,HIP35643,
96258,,,19.572156,51.237077,5.825,0.475,hip2,HIP96258,
117491,,,23.824299,1.076196,5.825,0.167,hip2,HIP117491,
7568,,,1.624383,-84.769650,5.826,0.939,hip2,HIP7568,
61212,,,12.543357,-13.858974,5.827,0.376,hip2,HIP61212,
82775,,,16.916251,-41.150855,5.828,0.132,hip2,HIP82775,
10513,,,2.257933,-67.746335,5.828,1.306,hip2,HIP10513,
29388,,,6.193494,48.711125,5.828,0.100,hip2,HIP29388,
50078,,,10.224457,-51.755805,5.828,0.136,hip2,HIP50078,
33377,,,6.942239,46.273986,5.828,-0.079,hip2,HIP33377,
29678,,,6.252349,13.851072,5.829,-0.231,hip2,HIP29678,
92027,,,18.757877,5.500123,5.829,0.041,hip2,HIP92027,
55581,,,11.385601,-56.779368,5.829,-0.004,hip2,HIP55581,
87836,,,17.944950,-28.065349,5.830,0.207,hip2,HIP87836,
67664,,,13.863173,-69.401246,5.830,1.704,hip2,HIP67664,
74087,,,15.139939,26.301183,5.830,1.240,hip2,HIP74087,
42614,,,8.684812,-48.922689,5.830,-0.186,hip2,HIP42614,
61404,,,12.581795,-67.756888,5.830,1.514,hip2,HIP61404,
37995,,,7.786822,-22.519535,5.830,-0.180,hip2,HIP37995,
29860,,,6.287847,5.099696,5.830,0.610,hip2,HIP29860,
36812,,,7.571082,3.371736,5.830,-0.018,hip2,HIP36812,
60425,,,12.389333,-24.840621,5.830,1.153,hip2,HIP60425,
83196,,,17.002633,-24.988936,5.831,0.407,hip2,HIP83196,
2353,,,0.500654,-3.957297,5.832,1.545,hip2,HIP2353,
91974,,,18.747112,-25.010863,5.832,0.033,hip2,HIP91974,
34758,,,7.194892,-20.883116,5.832,-0.038,hip2,HIP34758,
114449,,,23.178506,17.594438,5.833,1.330,hip2,HIP114449,
53043,,,10.853079,56.582237,5.833,1.132,hip2,HIP53043,
26344,,,5.609785,54.428684,5.833,1.671,hip2,HIP26344,
106003,,,21.468933,32.225137,5.833,0.333,hip2,HIP106003,
65593,,,13.448923,-41.497565,5.833,1.477,hip2,HIP65593,
64692,,,13.258901,40.855172,5.834,0.198,hip2,HIP64692,
61571,,,12.616209,17.089578,5.834,1.436,hip2,HIP61571,
2903,,,0.613142,15.231760,5.835,-0.146,hip2,HIP2903,
57670,,,11.828278,34.931739,5.835,0.467,hip2,HIP57670,
16509,,,3.542977,-50.378848,5.835,1.101,hip2,HIP16509,
85699,,,17.513047,86.968024,5.835,0.239,hip2,HIP85699,
35152,,,7.265882,27.897426,5.836,1.605,hip2,HIP35152,
88817,,,18.130419,26.097268,5.836,0.127,hip2,HIP88817,
96516,,,19.621495,16.462769,5.836,1.007,hip2,HIP96516,
96141,,,19.548275,-53.185601,5.837,0.300,hip2,HIP96141,
92997,,,18.945855,57.814995,5.837,1.155,hip2,HIP92997,
71573,,,14.637557,54.023386,5.837,0.007,hip2,HIP71573,
28812,,,6.082830,5.419970,5.837,1.047,hip2,HIP28812,
113503,,,22.986610,11.728941,5.837,0.293,hip2,HIP113503,
82422,,,16.844156,29.806545,5.838,1.626,hip2,HIP82422,
12530,,,2.687186,-0.695348,5.838,0.510,hip2,HIP12530,
41191,,,8.405662,-80.914720,5.838,1.018,hip2,HIP41191,
37915,,,7.769600,-37.933700,5.838,-0.111,hip2,HIP37915,
102772,,,20.821557,-25.781195,5.838,-0.069,hip2,HIP102772,
655,,,0.134310,-33.529334,5.838,1.119,hip2,HIP655,
16591,,,3.559728,39.899590,5.839,0.139,hip2,HIP16591,
57029,,,11.692917,31.745983,5.839,0.440,hip2,HIP57029,
1372,,,0.285845,47.947415,5.839,-0.079,hip2,HIP1372,
17342,,,3.711871,59.969385,5.839,1.736,hip2,HIP17342,
94157,,,19.166015,-41.892229,5.839,-0.080,hip2,HIP94157,
98609,,,20.029085,24.800426,5.840,-0.134,hip2,HIP98609,
76568,,,15.637818,46.797995,5.840,0.353,hip2,HIP76568,
102092,,,20.689884,-31.598142,5.841,1.551,hip2,HIP102092,
72488,,,14.821877,-24.251470,5.841,1.275,hip2,HIP72488,
83254,,,17.016150,22.632152,5.841,1.332,hip2,HIP83254,
98085,,,19.933684,16.634816,5.841,0.903,hip2,HIP98085,
80309,,,16.396442,61.696379,5.843,0.956,hip2,HIP80309,
92747,,,18.900025,-21.359796,5.843,1.206,hip2,HIP92747,
90342,,,18.432992,29.828989,5.843,0.068,hip2,HIP90342,
16290,,,3.499702,-78.351785,5.843,0.932,hip2,HIP16290,
33715,,,7.004396,16.079005,5.843,1.641,hip2,HIP33715,
22086,,,4.751153,-21.283341,5.844,1.476,hip2,HIP22086,
84691,,,17.313471,28.822984,5.844,0.981,hip2,HIP84691,
85930,,,17.560942,16.317705,5.844,1.002,hip2,HIP85930,
113048,,,22.894489,44.749201,5.844,0.282,hip2,HIP113048,
62894,,,12.889417,-60.328486,5.844,0.295,hip2,HIP62894,
85760,,,17.524298,-80.859028,5.845,1.617,hip2,HIP85760,
20591,,,4.410396,33.959889,5.845,0.400,hip2,HIP20591,
7916,,,1.695777,-11.323668,5.846,0.443,hip2,HIP7916,
100754,,,20.427923,21.409663,5.846,0.921,hip2,HIP100754,
33827,,,7.022610,70.808334,5.846,1.337,hip2,HIP33827,
80351,,,16.403008,6.948172,5.847,0.018,hip2,HIP80351,
90637,,,18.493253,23.866206,5.847,-0.096,hip2,HIP90637,
74896,,,15.306809,20.572810,5.847,0.972,hip2,HIP74896,
101882,,,20.645551,13.315126,5.847,1.509,hip2,HIP101882,
95690,,,19.463367,-54.325297,5.847,1.406,hip2,HIP95690,
105497,,,21.366774,49.388699,5.847,1.100,hip2,HIP105497,
82172,,,16.788818,42.238980,5.848,1.504,hip2,HIP82172,
36143,,,7.445131,-34.140708,5.848,-0.153,hip2,HIP36143,
101899,,,20.649871,30.334425,5.848,1.088,hip2,HIP101899,
50786,,,10.369626,41.229867,5.848,0.531,hip2,HIP50786,
52043,,,10.634073,-57.256311,5.848,-0.128,hip2,HIP52043,
23680,,,5.089921,1.177636,5.848,3.332,hip2,HIP23680,
71280,,,14.577684,49.368232,5.849,1.560,hip2,HIP71280,
1074,,,0.222097,-84.994021,5.849,1.710,hip2,HIP1074,
97473,,,19.811680,11.815920,5.849,0.546,hip2,HIP97473,
87812,,,17.938445,0.670356,5.849,0.058,hip2,HIP87812,
97774,,,19.868659,47.931818,5.849,-0.174,hip2,HIP97774,
19571,,,4.193382,-20.356278,5.850,0.165,hip2,HIP19571,
106897,,,21.650309,20.265453,5.850,0.314,hip2,HIP106897,
15619,,,3.351881,3.675682,5.850,0.964,hip2,HIP15619,
18217,,,3.895331,57.975370,5.850,0.182,hip2,HIP18217,
117628,,,23.855904,9.313510,5.850,1.661,hip2,HIP117628,
43148,,,8.788569,-46.155428,5.851,0.554,hip2,HIP43148,
52980,,,10.838350,-8.897727,5.851,0.156,hip2,HIP52980,
379,,,0.078288,67.166388,5.851,1.051,hip2,HIP379,
63414,,,12.994318,-3.811942,5.851,0.203,hip2,HIP63414,
90662,,,18.498866,-47.220513,5.851,1.258,hip2,HIP90662,
95732,,,19.472444,2.930067,5.851,-0.003,hip2,HIP95732,
31771,,,6.644321,39.391116,5.852,1.367,hip2,HIP31771,
77909,,,15.910983,-25.243679,5.852,-0.065,hip2,HIP77909,
26487,,,5.633642,7.541456,5.852,-0.061,hip2,HIP26487,
28302,,,5.981456,12.808257,5.853,0.874,hip2,HIP28302,
9021,,,1.935897,37.251804,5.853,1.060,hip2,HIP9021,
8387,,,1.803029,16.955631,5.853,-0.039,hip2,HIP8387,
87460,,,17.870461,-34.799184,5.853,-0.111,hip2,HIP87460,
78168,,,15.961242,-20.983025,5.853,0.012,hip2,HIP78168,
47187,,,9.616735,-25.296847,5.853,1.116,hip2,HIP47187,
37752,,,7.742833,-37.942956,5.854,-0.115,hip2,HIP37752,
3717,,,0.795334,-18.061422,5.855,1.300,hip2,HIP3717,
89968,,,18.356386,-18.859983,5.855,0.670,hip2,HIP89968,
87158,,,17.806876,20.565427,5.856,0.938,hip2,HIP87158,
104148,,,21.100312,-30.124954,5.856,1.047,hip2,HIP104148,
21604,,,4.637733,20.684742,5.856,-0.019,hip2,HIP21604,
8778,,,1.881135,-16.929124,5.856,0.260,hip2,HIP8778,
115537,,,23.403677,-51.891085,5.857,1.611,hip2,HIP115537,
20020,,,4.294518,-63.255492,5.857,-0.061,hip2,HIP20020,
71502,,,14.622440,-46.129608,5.857,0.012,hip2,HIP71502,
32463,,,6.775672,8.587169,5.857,-0.173,hip2,HIP32463,
38474,,,7.879964,-5.428187,5.857,0.412,hip2,HIP38474,
35941,,,7.409290,27.637819,5.858,0.368,hip2,HIP35941,
88136,,,18.002519,80.003790,5.858,0.516,hip2,HIP88136,
71353,,,14.592083,-41.517380,5.858,-0.085,hip2,HIP71353,
65420,,,13.409205,-5.163922,5.858,0.415,hip2,HIP65420,
71111,,,14.541925,55.398046,5.858,1.529,hip2,HIP71111,
1630,,,0.340109,30.935615,5.859,-0.098,hip2,HIP1630,
36396,,,7.489475,-10.326657,5.859,1.616,hip2,HIP36396,
92937,,,18.935042,18.105799,5.859,1.092,hip2,HIP92937,
43589,,,8.877394,-48.359098,5.859,-0.148,hip2,HIP43589,
21588,,,4.635938,16.033388,5.860,0.312,hip2,HIP21588,
37369,,,7.670756,38.344567,5.860,1.654,hip2,HIP37369,
99841,,,20.256609,33.729370,5.860,0.926,hip2,HIP99841,
56445,,,11.572793,3.060415,5.861,0.480,hip2,HIP56445,
34798,,,7.203394,-25.942610,5.861,-0.170,hip2,HIP34798,
67787,,,13.886931,17.932855,5.861,0.845,hip2,HIP67787,
9222,,,1.975972,49.204252,5.861,1.005,hip2,HIP9222,
41299,,,8.426542,2.102249,5.862,1.528,hip2,HIP41299,
37508,,,7.697741,13.480514,5.863,1.669,hip2,HIP37508,
32814,,,6.840417,13.413195,5.863,1.329,hip2,HIP32814,
20297,,,4.349453,-81.580227,5.863,0.359,hip2,HIP20297,
22573,,,4.857833,-34.906232,5.863,0.105,hip2,HIP22573,
29451,,,6.205592,32.693389,5.864,1.646,hip2,HIP29451,
84769,,,17.326958,80.136399,5.864,1.499,hip2,HIP84769,
85889,,,17.552052,-41.173058,5.864,0.041,hip2,HIP85889,
100069,,,20.301942,40.732098,5.864,0.073,hip2,HIP100069,
93104,,,18.967195,38.266183,5.864,-0.090,hip2,HIP93104,
76878,,,15.698544,18.463899,5.864,0.207,hip2,HIP76878,
71568,,,14.636853,43.642053,5.864,1.481,hip2,HIP71568,
111974,,,22.681255,14.548860,5.864,0.723,hip2,HIP111974,
52922,,,10.823460,-59.323778,5.865,0.008,hip2,HIP52922,
7921,,,1.696653,-60.789241,5.865,1.264,hip2,HIP7921,
66320,,,13.592024,-5.396392,5.865,0.950,hip2,HIP66320,
32851,,,6.847172,-0.540427,5.865,0.396,hip2,HIP32851,
77990,,,15.925673,-60.177474,5.865,0.355,hip2,HIP77990,
90842,,,18.532284,-43.507364,5.865,1.322,hip2,HIP90842,
19511,,,4.179927,-8.819821,5.866,1.057,hip2,HIP19511,
22860,,,4.918561,-16.740648,5.866,0.953,hip2,HIP22860,
43026,,,8.767348,-2.048768,5.866,1.097,hip2,HIP43026,
60969,,,12.498387,-56.524969,5.867,1.572,hip2,HIP60969,
23883,,,5.132065,21.704836,5.867,0.168,hip2,HIP23883,
31037,,,6.512859,-27.769589,5.867,-0.156,hip2,HIP31037,
76207,,,15.567149,-40.066349,5.867,1.695,hip2,HIP76207,
72012,,,14.729012,40.459203,5.867,1.398,hip2,HIP72012,
78868,,,16.098856,-72.401072,5.867,1.169,hip2,HIP78868,
2876,,,0.607595,60.326217,5.868,0.294,hip2,HIP2876,
87558,,,17.887294,6.101254,5.868,0.425,hip2,HIP87558,
27965,,,5.915746,19.749624,5.868,-0.145,hip2,HIP27965,
25583,,,5.467111,17.239242,5.868,1.634,hip2,HIP25583,
110668,,,22.419553,-70.431471,5.868,0.396,hip2,HIP110668,
67942,,,13.913649,-67.652064,5.868,1.490,hip2,HIP67942,
86620,,,17.699455,72.157576,5.868,0.530,hip2,HIP86620,
110785,,,22.443672,4.393638,5.868,0.519,hip2,HIP110785,
86731,,,17.722677,24.327646,5.868,0.683,hip2,HIP86731,
79497,,,16.223000,-55.540846,5.869,0.365,hip2,HIP79497,
95485,,,19.422656,-13.897264,5.869,1.372,hip2,HIP95485,
88,,,0.017944,-48.809859,5.869,0.911,hip2,HIP88,
12072,,,2.594095,37.312291,5.869,1.389,hip2,HIP12072,
32226,,,6.727402,3.932535,5.869,-0.046,hip2,HIP32226,
58720,,,12.043821,-69.192271,5.869,-0.080,hip2,HIP58720,
91373,,,18.635131,39.668306,5.869,1.444,hip2,HIP91373,
45585,,,9.291009,-74.734676,5.870,-0.024,hip2,HIP45585,
54811,,,11.220747,-44.372221,5.870,1.661,hip2,HIP54811,
117088,,,23.736674,-64.404535,5.870,1.393,hip2,HIP117088,
16112,,,3.459268,-35.681339,5.870,1.284,hip2,HIP16112,
31564,,,6.606349,-18.659944,5.870,0.848,hip2,HIP31564,
35005,,,7.242403,12.115866,5.870,1.007,hip2,HIP35005,
95572,,,19.440035,13.023658,5.870,0.456,hip2,HIP95572,
22881,,,4.921845,-16.417855,5.870,0.874,hip2,HIP22881,
31870,,,6.661852,-30.470024,5.871,1.134,hip2,HIP31870,
97928,,,19.902298,-8.574165,5.871,1.664,hip2,HIP97928,
115280,,,23.348102,38.182475,5.871,0.468,hip2,HIP115280,
23668,,,5.087830,-26.152240,5.871,1.166,hip2,HIP23668,
72487,,Merga,14.821854,46.116393,5.872,0.482,hip2,HIP72487,
17585,,,3.766893,67.201881,5.872,0.347,hip2,HIP17585,
65247,,,13.371192,-52.182951,5.872,0.072,hip2,HIP65247,
92398,,,18.829420,32.812833,5.873,-0.154,hip2,HIP92398,
66454,,,13.623194,-46.427840,5.873,-0.110,hip2,HIP66454,
103673,,,21.005990,-51.265634,5.873,0.480,hip2,HIP103673,
98512,,,20.013423,-45.112932,5.873,0.295,hip2,HIP98512,
171,,,0.036013,27.084489,5.873,0.690,hip2,HIP171,
37710,,,7.736040,-36.062713,5.874,0.320,hip2,HIP37710,
39221,,,8.022430,59.047319,5.874,0.421,hip2,HIP39221,
56601,,,11.604984,27.781303,5.874,0.248,hip2,HIP56601,
79098,,,16.145480,-23.685353,5.874,0.020,hip2,HIP79098,
21323,,,4.577220,28.961203,5.875,-0.048,hip2,HIP21323,
74386,,,15.201187,18.976004,5.875,1.414,hip2,HIP74386,
40023,,,8.174230,25.508180,5.875,0.825,hip2,HIP40023,
69929,,,14.310638,-18.715881,5.875,0.013,hip2,HIP69929,
81710,,,16.689758,-68.296094,5.875,-0.078,hip2,HIP81710,
38160,,,7.820263,-60.284029,5.875,0.428,hip2,HIP38160,
68390,,,14.000068,-25.010180,5.875,0.480,hip2,HIP68390,
32740,,,6.828150,32.606879,5.876,1.298,hip2,HIP32740,
56620,,,11.609701,-33.569975,5.876,1.020,hip2,HIP56620,
109471,,,22.177072,11.624672,5.876,1.617,hip2,HIP109471,
74296,,,15.185776,-84.787822,5.876,-0.031,hip2,HIP74296,
66798,,,13.691616,64.822440,5.876,0.073,hip2,HIP66798,
21972,,,4.722666,49.973826,5.877,0.013,hip2,HIP21972,
31940,,,6.674677,77.995797,5.877,1.488,hip2,HIP31940,
75260,,,15.377343,63.341664,5.877,1.315,hip2,HIP75260,
22325,,,4.809036,-16.329581,5.877,0.537,hip2,HIP22325,
29294,,,6.176302,-27.154204,5.877,1.072,hip2,HIP29294,
73184,,,14.957598,-21.411281,5.877,1.024,hip2,HIP73184,
40990,,,8.365184,-17.586300,5.877,1.050,hip2,HIP40990,
33277,,,6.921859,25.375636,5.877,0.573,hip2,HIP33277,
3765,,,0.806259,5.283389,5.878,0.890,hip2,HIP3765,
98767,,,20.060263,29.898079,5.878,0.749,hip2,HIP98767,
77541,,,15.832645,-48.912382,5.878,0.068,hip2,HIP77541,
99825,,,20.254605,-27.032536,5.878,0.878,hip2,HIP99825,
31173,,,6.540890,32.454940,5.878,0.188,hip2,HIP31173,
33372,,,6.940512,9.956600,5.878,-0.085,hip2,HIP33372,
82650,,,16.895121,-43.050891,5.879,1.643,hip2,HIP82650,
80898,,,16.520399,22.195439,5.879,1.605,hip2,HIP80898,
85379,,,17.445623,48.260072,5.879,0.121,hip2,HIP85379,
31665,,,6.627333,56.857507,5.880,0.006,hip2,HIP31665,
72438,,,14.812378,-66.593536,5.880,-0.106,hip2,HIP72438,
101084,,,20.490863,56.068179,5.881,-0.052,hip2,HIP101084,
92133,,,18.778633,52.987970,5.881,-0.096,hip2,HIP92133,
93580,,,19.058955,1.818935,5.881,0.182,hip2,HIP93580,
99531,,,20.200194,26.478831,5.881,-0.107,hip2,HIP99531,
64822,,,13.287201,-43.979441,5.881,0.187,hip2,HIP64822,
73166,,,14.953245,16.388140,5.881,0.951,hip2,HIP73166,
26535,,,5.643881,-6.573958,5.882,-0.216,hip2,HIP26535,
108102,,,21.902873,-4.275957,5.882,1.185,hip2,HIP108102,
45158,,,9.199659,-19.747741,5.882,0.977,hip2,HIP45158,
59746,,,12.252370,70.200077,5.883,1.179,hip2,HIP59746,
111362,,,22.561269,56.624637,5.883,0.966,hip2,HIP111362,
11090,,,2.380656,41.396535,5.883,0.289,hip2,HIP11090,
62561,,,12.818555,83.417791,5.883,0.015,hip2,HIP62561,
75352,,,15.397850,-12.369413,5.883,1.039,hip2,HIP75352,
67836,,,13.895308,-53.373280,5.883,0.009,hip2,HIP67836,
64445,,,13.209153,11.556170,5.883,1.499,hip2,HIP64445,
79666,,,16.257966,18.808293,5.883,1.126,hip2,HIP79666,
78877,,,16.101773,-23.606244,5.883,-0.071,hip2,HIP78877,
108226,,,21.925275,65.320812,5.883,-0.037,hip2,HIP108226,
17534,,,3.754411,-47.359454,5.884,0.961,hip2,HIP17534,
60584,,,12.417562,56.777858,5.884,1.622,hip2,HIP60584,
17891,,,3.826839,63.297104,5.884,0.189,hip2,HIP17891,
35998,,,7.419010,-13.751976,5.884,0.432,hip2,HIP35998,
66681,,,13.669667,-64.576554,5.884,0.401,hip2,HIP66681,
16518,,,3.544450,35.461720,5.885,-0.084,hip2,HIP16518,
1493,,,0.310616,31.517234,5.885,-0.014,hip2,HIP1493,
73566,,,15.035105,-28.060528,5.886,0.164,hip2,HIP73566,
7276,,,1.561870,-7.025143,5.886,0.639,hip2,HIP7276,
7321,,,1.571277,37.237197,5.886,-0.067,hip2,HIP7321,
47594,,,9.704148,69.237706,5.886,1.131,hip2,HIP47594,
19983,,,4.285576,57.860477,5.887,1.108,hip2,HIP19983,
46457,,,9.474776,8.188373,5.887,1.045,hip2,HIP46457,
38783,,,7.938515,-60.526462,5.887,1.554,hip2,HIP38783,
40772,,,8.321440,62.507139,5.887,0.891,hip2,HIP40772,
85888,,,17.552031,41.243599,5.888,1.089,hip2,HIP85888,
19525,,,4.183062,33.586814,5.888,1.412,hip2,HIP19525,
111643,,,22.616339,-40.590865,5.888,0.060,hip2,HIP111643,
88636,,,18.097111,32.230722,5.888,1.179,hip2,HIP88636,
10540,,,2.262760,25.783099,5.888,0.439,hip2,HIP10540,
42001,,,8.560680,-38.848833,5.888,-0.114,hip2,HIP42001,
65595,,,13.449228,78.643796,5.888,0.769,hip2,HIP65595,
47013,,,9.581497,72.205864,5.889,0.530,hip2,HIP47013,
13834,,,2.968076,20.668810,5.889,0.415,hip2,HIP13834,
14502,,,3.121949,64.057602,5.889,-0.020,hip2,HIP14502,
105811,,,21.429728,36.667408,5.889,0.033,hip2,HIP105811,
85470,,,17.466004,-52.297029,5.889,1.169,hip2,HIP85470,
47943,,,9.769456,6.708615,5.889,1.639,hip2,HIP47943,
118114,,,23.959164,-82.169743,5.889,1.055,hip2,HIP118114,
34215,,,7.094167,9.185837,5.890,1.513,hip2,HIP34215,
43923,,,8.947238,45.631755,5.890,1.125,hip2,HIP43923,
105413,,,21.351334,7.354546,5.890,1.663,hip2,HIP105413,
52841,,,10.803925,-31.687854,5.891,0.028,hip2,HIP52841,
36345,,,7.480878,-31.848412,5.891,-0.156,hip2,HIP36345,
56473,,,11.578471,16.796916,5.891,-0.156,hip2,HIP56473,
111660,,,22.620240,75.371792,5.891,1.594,hip2,HIP111660,
113184,,,22.919707,-4.987878,5.892,0.881,hip2,HIP113184,
110787,,,22.445124,78.785943,5.892,0.171,hip2,HIP110787,
13121,,,2.812741,25.188073,5.892,-0.033,hip2,HIP13121,
48527,,,9.897253,-51.146714,5.893,-0.152,hip2,HIP48527,
74184,,,15.158311,-67.084127,5.893,0.675,hip2,HIP74184,
12002,,,2.578497,-7.859289,5.894,1.393,hip2,HIP12002,
56080,,,11.494962,15.413385,5.894,1.371,hip2,HIP56080,
27533,,,5.831530,-22.971924,5.894,0.055,hip2,HIP27533,
53377,,,10.916172,34.034907,5.894,1.032,hip2,HIP53377,
104105,,,21.091447,78.126322,5.894,-0.065,hip2,HIP104105,
20804,,,4.457992,11.212332,5.895,0.049,hip2,HIP20804,
35054,,,7.249208,-41.426417,5.895,-0.146,hip2,HIP35054,
43012,,,8.765343,-79.504570,5.895,1.595,hip2,HIP43012,
52338,,,10.696751,68.443560,5.895,1.315,hip2,HIP52338,
55797,,,11.432551,55.850340,5.895,0.988,hip2,HIP55797,
36721,,,7.552716,-24.710780,5.896,0.156,hip2,HIP36721,
104185,,,21.108400,31.184669,5.896,0.554,hip2,HIP104185,
34817,,,7.207175,-36.544399,5.896,-0.145,hip2,HIP34817,
64332,,,13.185817,-42.232828,5.896,0.521,hip2,HIP64332,
114745,,,23.243616,74.231255,5.897,-0.010,hip2,HIP114745,
88670,,,18.102056,-8.323915,5.897,0.184,hip2,HIP88670,
45962,,,9.373332,-46.047502,5.897,0.903,hip2,HIP45962,
60329,,,12.370009,-68.307199,5.897,1.038,hip2,HIP60329,
55763,,,11.425869,-37.747548,5.898,1.503,hip2,HIP55763,
48287,,,9.844992,-46.934002,5.898,1.085,hip2,HIP48287,
88038,,,17.982133,-36.858408,5.898,0.915,hip2,HIP88038,
47189,,,9.617386,16.437959,5.898,1.223,hip2,HIP47189,
1354,,,0.282514,61.533194,5.899,0.898,hip2,HIP1354,
73087,,,14.937011,14.446266,5.899,-0.031,hip2,HIP73087,
30666,,,6.444331,-1.507265,5.900,0.070,hip2,HIP30666,
86313,,,17.635976,-10.926247,5.900,1.228,hip2,HIP86313,
22336,,,4.810056,-5.673439,5.900,0.631,hip2,HIP22336,
12871,,,2.757626,-63.704532,5.900,0.932,hip2,HIP12871,
70663,,,14.453417,-46.134065,5.901,0.311,hip2,HIP70663,
34888,,,7.218665,-11.251360,5.902,1.508,hip2,HIP34888,
46620,,,9.506515,-58.361904,5.902,1.676,hip2,HIP46620,
54840,,,11.227614,-53.231903,5.902,1.309,hip2,HIP54840,
20825,,,4.462790,-62.521214,5.903,1.005,hip2,HIP20825,
1657,,,0.345983,32.911228,5.903,1.595,hip2,HIP1657,
30827,,,6.476136,30.493070,5.903,0.779,hip2,HIP30827,
108165,,,21.914766,56.611232,5.903,0.655,hip2,HIP108165,
63143,,,12.938234,54.099483,5.904,0.204,hip2,HIP63143,
12444,,,2.670140,-9.452684,5.904,0.524,hip2,HIP12444,
40155,,,8.199992,-46.644370,5.904,0.626,hip2,HIP40155,
43798,,,8.920116,-18.241207,5.904,1.327,hip2,HIP43798,
90664,,,18.499077,-57.523083,5.904,0.987,hip2,HIP90664,
7751,,,1.663123,-56.196442,5.905,0.880,hip2,HIP7751,
75974,,,15.515532,64.208505,5.905,0.976,hip2,HIP75974,
61379,,,12.578460,-44.672516,5.905,0.683,hip2,HIP61379,
23474,,,5.045818,-22.795088,5.905,1.188,hip2,HIP23474,
12122,,,2.602577,-30.044964,5.905,1.016,hip2,HIP12122,
61558,,,12.613159,-5.831851,5.906,0.072,hip2,HIP61558,
8433,,,1.811577,32.689487,5.906,0.572,hip2,HIP8433,
41081,,,8.381994,-52.123777,5.906,0.018,hip2,HIP41081,
88684,,,18.104198,-4.751178,5.906,0.968,hip2,HIP88684,
34387,,,7.130412,7.471295,5.907,1.176,hip2,HIP34387,
117314,,,23.787761,-11.910899,5.907,1.068,hip2,HIP117314,
35626,,,7.351206,-25.891676,5.907,1.604,hip2,HIP35626,
110023,,,22.285140,-5.387211,5.907,0.878,hip2,HIP110023,
41250,,,8.415893,-42.769850,5.907,-0.159,hip2,HIP41250,
16142,,,3.466930,-11.286487,5.908,1.102,hip2,HIP16142,
45270,,,9.226243,-47.338440,5.908,-0.051,hip2,HIP45270,
84500,,,17.275477,1.210584,5.908,0.023,hip2,HIP84500,
29771,,,6.268805,-16.618009,5.908,-0.167,hip2,HIP29771,
92312,,,18.814827,19.328771,5.908,0.022,hip2,HIP92312,
109023,,,22.086477,26.673618,5.908,1.249,hip2,HIP109023,
43603,,,8.880006,-38.724131,5.908,1.508,hip2,HIP43603,
12186,,,2.616284,-34.577345,5.909,0.653,hip2,HIP12186,
24426,,,5.241344,-35.977031,5.909,1.008,hip2,HIP24426,
26865,,,5.703877,-22.373737,5.909,0.080,hip2,HIP26865,
66563,,,13.645035,-29.560680,5.909,0.431,hip2,HIP66563,
55849,,,11.446474,-53.159956,5.909,0.517,hip2,HIP55849,
108975,,,22.076877,-26.822336,5.910,-0.167,hip2,HIP108975,
46460,,,9.475166,-66.701989,5.910,0.012,hip2,HIP46460,
98478,,,20.006418,-66.948887,5.911,1.033,hip2,HIP98478,
64515,,,13.223162,-50.699785,5.911,-0.011,hip2,HIP64515,
50493,,,10.310600,-56.110675,5.911,0.481,hip2,HIP50493,
117125,,,23.744634,-78.791445,5.911,1.108,hip2,HIP117125,
9132,,,1.962149,27.804524,5.911,1.576,hip2,HIP9132,
22407,,,4.821961,32.588268,5.912,0.250,hip2,HIP22407,
81300,,,16.605884,-2.323836,5.912,0.827,hip2,HIP81300,
103359,,,20.940400,50.728650,5.912,0.337,hip2,HIP103359,
44307,,,9.023369,32.252295,5.913,0.088,hip2,HIP44307,
99026,,,20.103789,53.165067,5.913,0.445,hip2,HIP99026,
91461,,,18.653964,-47.909803,5.913,0.233,hip2,HIP91461,
35749,,,7.373721,-5.982808,5.914,0.352,hip2,HIP35749,
35984,,,7.415855,51.887344,5.914,1.610,hip2,HIP35984,
40881,,Piautos,8.342264,24.022357,5.915,-0.039,hip2,HIP40881,
48982,,,9.993410,29.645325,5.915,1.059,hip2,HIP48982,
92931,,,18.933520,-23.173718,5.916,-0.021,hip2,HIP92931,
49812,,,10.168766,-8.408163,5.916,0.026,hip2,HIP49812,
78649,,,16.055377,36.631820,5.917,0.586,hip2,HIP78649,
10718,,,2.299950,57.899808,5.917,1.175,hip2,HIP10718,
32809,,,6.839381,-17.084558,5.918,1.435,hip2,HIP32809,
50384,,,10.287445,23.106456,5.918,0.500,hip2,HIP50384,
56035,,,11.484640,61.777786,5.918,0.382,hip2,HIP56035,
94311,,,19.196114,31.283464,5.918,-0.062,hip2,HIP94311,
21452,,,4.606731,64.261620,5.918,-0.009,hip2,HIP21452,
104364,,,21.142418,-63.928271,5.918,1.180,hip2,HIP104364,
74239,,,15.171848,-26.332601,5.918,1.045,hip2,HIP74239,
82902,,,16.941334,-52.283643,5.919,-0.069,hip2,HIP82902,
114407,,,23.169366,-40.591436,5.919,1.565,hip2,HIP114407,
44075,,,8.978829,-16.133246,5.919,0.521,hip2,HIP44075,
97816,,,19.877140,-54.971036,5.919,0.915,hip2,HIP97816,
14060,,,3.019435,-7.662836,5.920,1.043,hip2,HIP14060,
65536,,,13.435562,72.391498,5.920,1.652,hip2,HIP65536,
98819,,,20.068463,17.071161,5.920,0.600,hip2,HIP98819,
36251,,,7.464351,-11.556862,5.920,0.583,hip2,HIP36251,
59608,,,12.223887,10.262360,5.921,0.262,hip2,HIP59608,
114167,,,23.120780,-50.686625,5.921,0.486,hip2,HIP114167,
20268,,,4.344793,6.130907,5.921,0.914,hip2,HIP20268,
26019,,,5.552032,-35.139308,5.921,1.085,hip2,HIP26019,
11348,,,2.433438,-15.341115,5.922,0.116,hip2,HIP11348,
44936,,,9.153195,-12.357708,5.922,0.937,hip2,HIP44936,
117756,,,23.880692,-8.996699,5.922,1.171,hip2,HIP117756,
50885,,,10.390697,-4.074045,5.923,-0.048,hip2,HIP50885,
69829,,,14.291234,15.263361,5.923,1.678,hip2,HIP69829,
105928,,,21.454121,-21.196128,5.923,1.440,hip2,HIP105928,
65144,,,13.349379,-46.880058,5.923,1.106,hip2,HIP65144,
118281,,,23.991482,33.724133,5.923,0.539,hip2,HIP118281,
92117,,,18.774606,-0.961639,5.923,0.131,hip2,HIP92117,
110103,,,22.303499,62.804364,5.923,1.256,hip2,HIP110103,
80054,,,16.340342,-55.139671,5.923,0.970,hip2,HIP80054,
17798,,,3.809923,-20.902936,5.924,1.602,hip2,HIP17798,
65241,,,13.369369,5.154851,5.924,0.109,hip2,HIP65241,
6502,,,1.391936,-30.945506,5.924,1.612,hip2,HIP6502,
86847,,,17.745002,-42.729300,5.924,0.163,hip2,HIP86847,
18212,,,3.894075,48.650568,5.925,1.040,hip2,HIP18212,
84105,,,17.194076,-48.873388,5.925,1.786,hip2,HIP84105,
85409,,,17.453461,-50.630365,5.925,0.063,hip2,HIP85409,
3583,,,0.762621,-47.552176,5.925,0.635,hip2,HIP3583,
111196,,,22.527174,-85.967402,5.925,1.020,hip2,HIP111196,
12239,,,2.626669,65.745358,5.926,1.561,hip2,HIP12239,
2006,,,0.423394,1.939724,5.926,0.855,hip2,HIP2006,
10871,,,2.331735,-55.944842,5.926,1.570,hip2,HIP10871,
48339,,,9.853343,-59.425673,5.926,1.354,hip2,HIP48339,
82350,,,16.826298,13.261200,5.926,0.015,hip2,HIP82350,
83478,,,17.060921,13.605429,5.927,0.010,hip2,HIP83478,
19454,,,4.166729,86.626351,5.927,0.393,hip2,HIP19454,
112417,,,22.769474,44.545977,5.927,0.358,hip2,HIP112417,
30836,,,6.477058,-17.466033,5.927,1.118,hip2,HIP30836,
91854,,,18.727033,-64.551311,5.927,0.967,hip2,HIP91854,
110602,,,22.407508,-13.529404,5.928,0.970,hip2,HIP110602,
15192,,,3.263326,57.140625,5.928,0.644,hip2,HIP15192,
35341,,,7.300618,40.883363,5.928,0.181,hip2,HIP35341,
77370,,,15.793865,55.376615,5.928,0.249,hip2,HIP77370,
64466,,,13.213546,-66.226766,5.928,0.048,hip2,HIP64466,
8993,,,1.930842,23.577343,5.928,1.185,hip2,HIP8993,
38167,,,7.820737,-35.243308,5.929,-0.051,hip2,HIP38167,
29852,,,6.285992,-37.253443,5.929,0.139,hip2,HIP29852,
85068,,,17.385309,-56.525556,5.929,0.994,hip2,HIP85068,
115191,,,23.331217,42.078034,5.929,1.512,hip2,HIP115191,
85139,,,17.399337,8.852587,5.929,1.251,hip2,HIP85139,
104680,,,21.203797,-40.268829,5.929,0.450,hip2,HIP104680,
81523,,,16.651454,-37.217263,5.929,-0.035,hip2,HIP81523,
101427,,,20.554892,-80.964826,5.929,1.122,hip2,HIP101427,
7078,,,1.520422,70.264789,5.930,0.489,hip2,HIP7078,
62641,,,12.836335,37.516884,5.930,0.170,hip2,HIP62641,
25488,,,5.451477,-40.943773,5.931,0.239,hip2,HIP25488,
26219,,,5.587626,-33.080009,5.932,1.120,hip2,HIP26219,
89099,,,18.184871,-41.359020,5.932,0.295,hip2,HIP89099,
83367,,,17.038517,25.505378,5.932,1.018,hip2,HIP83367,
33729,,,7.006600,-8.406825,5.933,-0.075,hip2,HIP33729,
46897,,,9.557249,-22.864018,5.933,0.023,hip2,HIP46897,
96234,,,19.569023,-40.034633,5.933,0.105,hip2,HIP96234,
5494,,,1.172069,25.458040,5.933,1.466,hip2,HIP5494,
39014,,,7.983837,-45.215863,5.934,-0.143,hip2,HIP39014,
25397,,,5.433284,-19.695353,5.934,0.441,hip2,HIP25397,
97122,,,19.738445,69.337119,5.934,0.072,hip2,HIP97122,
66247,,,13.577911,-13.214306,5.934,0.020,hip2,HIP66247,
97985,,,19.913401,36.995655,5.934,0.773,hip2,HIP97985,
101909,,,20.651380,15.838236,5.935,-0.145,hip2,HIP101909,
74006,,,15.123870,-49.088635,5.935,0.920,hip2,HIP74006,
43121,,,8.782238,12.110076,5.935,0.120,hip2,HIP43121,
103226,,,20.913292,-17.922853,5.935,1.122,hip2,HIP103226,
29616,,,6.241274,17.906379,5.935,0.252,hip2,HIP29616,
111259,,,22.540660,39.779755,5.935,0.166,hip2,HIP111259,
35611,,,7.348589,-26.963851,5.936,-0.172,hip2,HIP35611,
114382,,,23.166011,-42.861169,5.936,0.475,hip2,HIP114382,
32402,,,6.764923,-52.409714,5.936,1.551,hip2,HIP32402,
40932,,,8.353362,-57.973230,5.936,-0.092,hip2,HIP40932,
79320,,,16.188269,-41.119498,5.936,0.273,hip2,HIP79320,
117265,,,23.776868,66.782251,5.936,-0.049,hip2,HIP117265,
89609,,,18.286564,-17.373852,5.937,1.569,hip2,HIP89609,
50027,,,10.213443,4.614690,5.937,1.178,hip2,HIP50027,
20465,,,4.384906,-24.892119,5.937,1.507,hip2,HIP20465,
116918,,,23.699085,7.250646,5.937,0.101,hip2,HIP116918,
103460,,,20.961282,-16.031544,5.938,0.180,hip2,HIP103460,
27280,,,5.781154,9.522500,5.939,0.888,hip2,HIP27280,
12288,,,2.638499,-30.193883,5.939,0.476,hip2,HIP12288,
112778,,,22.839380,41.953403,5.939,0.062,hip2,HIP112778,
99663,,,20.224325,60.640433,5.939,1.476,hip2,HIP99663,
40344,,,8.237025,-35.490072,5.940,1.024,hip2,HIP40344,
52452,,,10.722474,4.747750,5.940,1.168,hip2,HIP52452,
62512,,,12.810927,60.319897,5.940,0.467,hip2,HIP62512,
77086,,,15.739636,-41.819018,5.940,-0.007,hip2,HIP77086,
93763,,,19.094772,-15.660393,5.940,-0.015,hip2,HIP93763,
41674,,,8.496015,-46.331728,5.941,-0.127,hip2,HIP41674,
36848,,,7.576340,-27.012449,5.941,1.045,hip2,HIP36848,
114775,,,23.249593,-41.105125,5.941,1.160,hip2,HIP114775,
87393,,,17.859853,-60.164018,5.941,1.008,hip2,HIP87393,
102487,,,20.769437,-21.513991,5.941,0.066,hip2,HIP102487,
91532,,,18.666778,-7.790708,5.941,1.536,hip2,HIP91532,
92822,,,18.913103,48.859724,5.942,0.452,hip2,HIP92822,
63688,,,13.051489,-71.475723,5.942,0.002,hip2,HIP63688,
66984,,,13.727804,-42.067510,5.943,-0.075,hip2,HIP66984,
76877,,,15.698529,-76.081864,5.943,-0.034,hip2,HIP76877,
80991,,,16.540460,60.823347,5.943,0.039,hip2,HIP80991,
33937,,,7.042582,16.674465,5.943,1.659,hip2,HIP33937,
55716,,,11.416385,11.430310,5.943,1.376,hip2,HIP55716,
87074,,,17.793554,-14.725781,5.943,0.009,hip2,HIP87074,
34819,,,7.207330,24.128703,5.944,0.397,hip2,HIP34819,
51556,,,10.530934,32.379538,5.944,0.114,hip2,HIP51556,
94434,,,19.220464,-25.906764,5.944,1.387,hip2,HIP94434,
5778,,,1.235458,16.133542,5.944,-0.082,hip2,HIP5778,
100276,,,20.339277,17.793002,5.944,1.500,hip2,HIP100276,
18723,,,4.011284,-30.490710,5.945,0.036,hip2,HIP18723,
50860,,,10.385094,33.908155,5.945,0.147,hip2,HIP50860,
27549,,,5.834077,9.871222,5.946,0.876,hip2,HIP27549,
38712,,,7.925399,8.863057,5.946,0.369,hip2,HIP38712,
83176,,,16.999362,-25.092161,5.946,1.607,hip2,HIP83176,
20417,,,4.372981,20.821419,5.946,1.660,hip2,HIP20417,
22840,,,4.914086,0.467178,5.946,-0.116,hip2,HIP22840,
92488,,,18.849585,-9.774101,5.946,0.594,hip2,HIP92488,
97229,,,19.761088,7.613158,5.946,0.180,hip2,HIP97229,
85382,,,17.446157,34.695697,5.946,-0.017,hip2,HIP85382,
87813,,,17.938623,-15.812361,5.946,0.024,hip2,HIP87813,
99572,,,20.207154,-12.617022,5.946,0.476,hip2,HIP99572,
35025,,,7.244985,24.885202,5.947,1.554,hip2,HIP35025,
50685,,,10.350952,68.747734,5.947,0.241,hip2,HIP50685,
45743,,,9.325864,-15.834534,5.948,1.285,hip2,HIP45743,
72934,,,14.906363,-11.898330,5.948,0.982,hip2,HIP72934,
27973,,,5.916395,31.701933,5.949,0.144,hip2,HIP27973,
62402,,,12.788590,62.781139,5.949,0.215,hip2,HIP62402,
54537,,,11.160710,43.207752,5.949,1.564,hip2,HIP54537,
67194,,,13.770454,41.088849,5.950,0.211,hip2,HIP67194,
47559,,,9.696650,-55.213770,5.950,-0.119,hip2,HIP47559,
102358,,,20.739456,56.488408,5.950,1.643,hip2,HIP102358,
73937,,,15.109226,-30.918413,5.950,-0.076,hip2,HIP73937,
37478,,,7.693099,3.624827,5.951,-0.032,hip2,HIP37478,
57606,,,11.810770,14.284197,5.951,0.303,hip2,HIP57606,
88818,,,18.130434,26.101220,5.951,0.158,hip2,HIP88818,
78142,,,15.955926,-36.185313,5.951,1.095,hip2,HIP78142,
2377,,,0.505532,59.977564,5.951,-0.003,hip2,HIP2377,
116250,,,23.555429,-77.385332,5.952,0.681,hip2,HIP116250,
36236,,,7.461927,-22.859197,5.952,-0.088,hip2,HIP36236,
21253,,,4.559472,-62.823631,5.952,1.028,hip2,HIP21253,
58952,,Tonatiuh,12.087427,76.905958,5.952,1.029,hip2,HIP58952,
12114,,,2.601065,6.883364,5.952,0.918,hip2,HIP12114,
77939,,,15.916770,-19.382881,5.952,-0.013,hip2,HIP77939,
33914,,,7.038192,15.336069,5.952,1.140,hip2,HIP33914,
52340,,,10.697660,-79.783302,5.953,-0.071,hip2,HIP52340,
50480,,,10.307852,-41.668498,5.953,-0.063,hip2,HIP50480,
110992,,,22.486170,26.763209,5.953,1.252,hip2,HIP110992,
95582,,,19.441302,19.891610,5.954,1.558,hip2,HIP95582,
60030,,,12.311194,-0.787145,5.954,0.168,hip2,HIP60030,
107232,,,21.717889,-14.399759,5.954,0.255,hip2,HIP107232,
92367,,,18.824245,-45.810239,5.954,0.891,hip2,HIP92367,
58858,,,12.071271,21.459163,5.955,0.248,hip2,HIP58858,
17618,,,3.774284,-29.338166,5.955,0.110,hip2,HIP17618,
64179,,,13.153451,10.022468,5.956,1.025,hip2,HIP64179,
102026,,,20.675711,-16.124359,5.956,0.997,hip2,HIP102026,
106592,,,21.588230,-3.983293,5.956,1.110,hip2,HIP106592,
26427,,,5.624266,-5.938386,5.956,-0.210,hip2,HIP26427,
73507,,,15.024197,60.204424,5.956,0.107,hip2,HIP73507,
88469,,,18.064568,-24.360726,5.956,0.031,hip2,HIP88469,
343,,,0.072156,-16.528890,5.956,1.084,hip2,HIP343,
20380,,,4.364395,56.506300,5.957,0.112,hip2,HIP20380,
39251,,,8.027091,-37.283732,5.957,0.147,hip2,HIP39251,
14764,,,3.177438,11.872692,5.957,-0.061,hip2,HIP14764,
89440,,,18.253603,-20.387969,5.957,-0.023,hip2,HIP89440,
7118,,,1.528681,-30.282925,5.957,1.073,hip2,HIP7118,
69174,,,14.159740,-51.504646,5.957,-0.053,hip2,HIP69174,
5021,,,1.072097,61.580244,5.957,0.569,hip2,HIP5021,
59920,,,12.291545,53.191441,5.957,1.330,hip2,HIP59920,
42265,,,8.618274,9.655596,5.958,0.083,hip2,HIP42265,
28271,,,5.973455,1.837128,5.958,0.223,hip2,HIP28271,
64927,,,13.307697,34.098293,5.958,1.366,hip2,HIP64927,
80672,,,16.470683,-37.179816,5.958,1.104,hip2,HIP80672,
25291,,,5.410702,31.143163,5.959,0.034,hip2,HIP25291,
14109,,,3.031708,26.462342,5.959,0.141,hip2,HIP14109,
54863,,,11.233835,8.060955,5.959,1.128,hip2,HIP54863,
88101,,,17.993546,-4.820912,5.960,1.561,hip2,HIP88101,
93862,,,19.115443,-48.299114,5.960,-0.017,hip2,HIP93862,
72210,,,14.768542,-23.152862,5.960,0.980,hip2,HIP72210,
18735,,,4.013524,18.194069,5.960,0.319,hip2,HIP18735,
19376,,,4.150434,13.398298,5.960,0.052,hip2,HIP19376,
76532,,,15.630016,-23.141515,5.960,1.074,hip2,HIP76532,
89234,,,18.209491,-73.671779,5.960,0.464,hip2,HIP89234,
34999,,,7.241182,-10.316249,5.961,-0.173,hip2,HIP34999,
53723,,,10.991932,-16.353680,5.961,1.600,hip2,HIP53723,
16846,,,3.613141,0.588155,5.961,0.885,hip2,HIP16846,
113902,,,23.066564,-41.479032,5.961,1.069,hip2,HIP113902,
110009,,,22.281278,-9.040037,5.962,1.158,hip2,HIP110009,
108612,,,22.002200,6.717436,5.963,-0.112,hip2,HIP108612,
44256,,,9.012708,-60.963847,5.963,1.211,hip2,HIP44256,
53530,,,10.952189,-50.765049,5.963,0.173,hip2,HIP53530,
94630,,,19.256899,30.526445,5.963,1.665,hip2,HIP94630,
25708,,,5.489917,-3.446371,5.964,1.149,hip2,HIP25708,
62786,,,12.865819,-39.680385,5.964,-0.098,hip2,HIP62786,
47498,,,9.683917,-57.259441,5.964,1.083,hip2,HIP47498,
58103,,,11.916673,-63.279179,5.964,0.210,hip2,HIP58103,
43392,,,8.839173,-42.089800,5.964,-0.114,hip2,HIP43392,
61916,,,12.689735,-46.145727,5.964,1.475,hip2,HIP61916,
70384,,,14.400245,8.244004,5.964,0.066,hip2,HIP70384,
23068,,,4.963513,23.948585,5.965,1.109,hip2,HIP23068,
38848,,,7.949852,15.790383,5.965,1.285,hip2,HIP38848,
97081,,,19.729189,41.773084,5.965,1.598,hip2,HIP97081,
68092,,,13.941081,1.050548,5.966,0.217,hip2,HIP68092,
101123,,,20.498303,-18.582987,5.966,0.062,hip2,HIP101123,
82716,,,16.907484,-42.478876,5.967,0.626,hip2,HIP82716,
5926,,,1.269973,71.743846,5.967,2.042,hip2,HIP5926,
116380,,,23.583064,71.642049,5.967,1.681,hip2,HIP116380,
60595,,,12.419945,-11.610513,5.968,0.043,hip2,HIP60595,
62931,,,12.896923,-60.376240,5.968,0.200,hip2,HIP62931,
25471,,,5.446890,34.391828,5.968,0.138,hip2,HIP25471,
11102,,,2.381848,-51.092289,5.968,0.213,hip2,HIP11102,
71184,,,14.559020,-54.998616,5.969,0.482,hip2,HIP71184,
78442,,,16.014211,4.427180,5.969,1.003,hip2,HIP78442,
69995,,,14.323310,-37.002807,5.969,0.082,hip2,HIP69995,
13835,,,2.968247,-23.606138,5.969,1.334,hip2,HIP13835,
11670,,,2.508976,25.235214,5.969,0.412,hip2,HIP11670,
52139,,,10.652165,37.910111,5.969,0.595,hip2,HIP52139,
53272,,,10.895036,-70.720338,5.970,-0.020,hip2,HIP53272,
14844,,,3.195237,81.470712,5.970,0.149,hip2,HIP14844,
36399,,,7.490447,-7.551474,5.970,0.487,hip2,HIP36399,
28854,,,6.090839,-10.242659,5.970,0.374,hip2,HIP28854,
28110,,,5.941121,9.509419,5.970,-0.038,hip2,HIP28110,
99889,,,20.266835,45.579659,5.970,0.447,hip2,HIP99889,
31072,,,6.520305,-35.258861,5.970,0.813,hip2,HIP31072,
14187,,,3.048845,-46.975042,5.971,1.304,hip2,HIP14187,
35712,,,7.367633,0.177125,5.971,-0.069,hip2,HIP35712,
96840,,,19.684869,13.815708,5.971,-0.078,hip2,HIP96840,
330,,,0.070462,62.287665,5.971,0.274,hip2,HIP330,
77738,,,15.871273,55.826582,5.971,0.972,hip2,HIP77738,
104171,,,21.106498,71.432079,5.971,0.386,hip2,HIP104171,
8544,,,1.835717,22.275356,5.972,0.743,hip2,HIP8544,
25790,,,5.507270,15.360542,5.972,0.103,hip2,HIP25790,
45675,,,9.311767,-51.560660,5.972,0.474,hip2,HIP45675,
115806,,,23.461214,25.167369,5.972,-0.066,hip2,HIP115806,
62058,,,12.719226,-56.176196,5.972,-0.074,hip2,HIP62058,
40183,,,8.208555,-46.264308,5.973,-0.113,hip2,HIP40183,
96977,,,19.712390,32.426744,5.973,0.118,hip2,HIP96977,
69965,,,14.316979,-25.816317,5.973,0.518,hip2,HIP69965,
4572,,,0.975277,66.351825,5.973,-0.008,hip2,HIP4572,
105891,,,21.445821,52.898525,5.973,-0.109,hip2,HIP105891,
40866,,,8.339148,20.747832,5.973,1.137,hip2,HIP40866,
52577,,,10.751117,67.411382,5.974,2.382,hip2,HIP52577,
103371,,,20.942994,44.924727,5.974,0.020,hip2,HIP103371,
57841,,,11.861560,-30.834096,5.974,0.554,hip2,HIP57841,
67782,,,13.886212,28.648062,5.975,0.202,hip2,HIP67782,
48519,,,9.895257,5.958569,5.975,1.662,hip2,HIP48519,
33929,,,7.040423,17.755455,5.976,1.518,hip2,HIP33929,
87616,,,17.898548,-34.752710,5.976,-0.060,hip2,HIP87616,
66925,,,13.715588,-56.767960,5.976,-0.096,hip2,HIP66925,
75944,,,15.511219,-16.609458,5.976,1.056,hip2,HIP75944,
12148,,,2.609751,7.730078,5.977,1.040,hip2,HIP12148,
116323,,,23.569154,-1.247535,5.977,0.299,hip2,HIP116323,
67605,,,13.852558,34.664530,5.977,1.635,hip2,HIP67605,
98143,,,19.945595,36.250599,5.977,-0.140,hip2,HIP98143,
74096,,,15.143212,25.108637,5.978,1.233,hip2,HIP74096,
95222,,,19.372642,-0.252278,5.978,1.093,hip2,HIP95222,
41074,,,8.380539,-26.348235,5.979,0.379,hip2,HIP41074,
88012,,,17.977514,-28.759076,5.979,-0.077,hip2,HIP88012,
44283,,,9.019024,-68.683918,5.979,1.634,hip2,HIP44283,
24831,,,5.323246,-27.368864,5.980,-0.022,hip2,HIP24831,
81741,,,16.695971,-33.145621,5.980,0.653,hip2,HIP81741,
45418,,,9.254905,-58.388380,5.980,-0.101,hip2,HIP45418,
45127,,,9.194708,-39.258871,5.980,-0.108,hip2,HIP45127,
636,,,0.129682,-22.508475,5.981,0.141,hip2,HIP636,
38370,,,7.861212,-42.888222,5.981,-0.181,hip2,HIP38370,
93179,,,18.979701,13.906773,5.981,0.250,hip2,HIP93179,
20873,,,4.473149,14.741026,5.981,0.325,hip2,HIP20873,
40875,,,8.340555,57.743245,5.981,0.421,hip2,HIP40875,
41080,,,8.381695,-7.543136,5.982,1.635,hip2,HIP41080,
39380,,,8.051158,-32.463571,5.982,1.225,hip2,HIP39380,
94336,,,19.201449,49.854239,5.982,0.666,hip2,HIP94336,
112590,,,22.803074,37.416842,5.982,1.024,hip2,HIP112590,
107129,,,21.700300,35.510195,5.982,2.500,hip2,HIP107129,
45590,,,9.291990,46.817199,5.982,0.063,hip2,HIP45590,
27249,,,5.775103,56.115718,5.982,0.164,hip2,HIP27249,
113084,,,22.901920,40.376837,5.983,1.136,hip2,HIP113084,
28823,,,6.084283,42.981985,5.984,0.358,hip2,HIP28823,
68079,,,13.938859,-46.592729,5.984,1.140,hip2,HIP68079,
43894,,,8.941827,40.201567,5.984,0.378,hip2,HIP43894,
91438,,,18.648180,-21.051502,5.984,0.673,hip2,HIP91438,
37140,,,7.631633,48.773912,5.984,0.221,hip2,HIP37140,
111600,,,22.609853,-31.663693,5.984,1.074,hip2,HIP111600,
25187,,,5.388475,-8.415588,5.984,-0.037,hip2,HIP25187,
28287,,,5.977099,-44.034586,5.984,1.061,hip2,HIP28287,
91525,,,18.664669,52.196024,5.984,-0.067,hip2,HIP91525,
46734,,,9.525609,-31.871831,5.985,0.258,hip2,HIP46734,
98383,,,19.989004,45.772582,5.986,0.185,hip2,HIP98383,
27265,,,5.779304,15.822504,5.986,-0.061,hip2,HIP27265,
45559,,,9.285481,-14.574058,5.986,1.049,hip2,HIP45559,
47544,,,9.693085,31.277841,5.986,1.579,hip2,HIP47544,
45661,,,9.307207,35.364125,5.986,0.177,hip2,HIP45661,
90844,,,18.532497,-1.002966,5.986,0.170,hip2,HIP90844,
59728,,,12.249884,-20.844233,5.986,1.052,hip2,HIP59728,
97598,,,19.837237,-47.557360,5.987,1.678,hip2,HIP97598,
107516,,,21.775509,-2.212806,5.987,1.470,hip2,HIP107516,
76569,,,15.637845,-21.016153,5.988,1.077,hip2,HIP76569,
72959,,,14.910534,-33.300561,5.988,1.429,hip2,HIP72959,
85207,,,17.411678,-21.441413,5.988,0.939,hip2,HIP85207,
87875,,,17.951195,0.066688,5.988,0.110,hip2,HIP87875,
30703,,,6.451149,-58.002106,5.988,1.279,hip2,HIP30703,
13055,,,2.796565,81.448666,5.989,1.300,hip2,HIP13055,
95785,,,19.482522,24.768681,5.989,1.023,hip2,HIP95785,
75256,,,15.377013,62.047169,5.989,-0.033,hip2,HIP75256,
13108,,,2.808906,18.283870,5.990,1.216,hip2,HIP13108,
85442,,,17.460433,-29.724490,5.990,0.010,hip2,HIP85442,
8593,,,1.848466,-50.206127,5.991,0.154,hip2,HIP8593,
101067,,,20.488997,36.454733,5.991,0.407,hip2,HIP101067,
85751,,,17.523134,-56.920954,5.991,-0.045,hip2,HIP85751,
76594,,,15.642833,50.423352,5.991,0.847,hip2,HIP76594,
73350,,,14.989754,4.567773,5.992,1.615,hip2,HIP73350,
95408,,,19.408381,-27.865906,5.992,-0.117,hip2,HIP95408,
7359,,,1.580291,18.460672,5.992,1.536,hip2,HIP7359,
45461,,,9.264653,72.946462,5.992,0.179,hip2,HIP45461,
118092,,,23.955494,-62.956612,5.992,0.101,hip2,HIP118092,
96620,,,19.644763,54.973395,5.993,0.482,hip2,HIP96620,
108505,,,21.981530,62.697952,5.993,1.640,hip2,HIP108505,
29575,,,6.231735,-3.741423,5.993,0.910,hip2,HIP29575,
53778,,,11.003250,-14.083299,5.993,1.501,hip2,HIP53778,
106340,,,21.537382,-33.944613,5.994,0.051,hip2,HIP106340,
48748,,,9.943186,-33.418550,5.994,1.202,hip2,HIP48748,
81289,,,16.603114,46.613325,5.994,1.044,hip2,HIP81289,
71002,,,14.521218,-67.717054,5.994,1.006,hip2,HIP71002,
58181,,,11.932891,56.598563,5.994,1.101,hip2,HIP58181,
38732,,,7.929610,-43.845058,5.995,-0.111,hip2,HIP38732,
70657,,,14.451976,-65.821612,5.995,1.502,hip2,HIP70657,
72567,,,14.837700,23.911765,5.995,0.576,hip2,HIP72567,
39236,,,8.025079,16.455323,5.995,-0.024,hip2,HIP39236,
91347,,,18.631785,-21.397565,5.995,0.189,hip2,HIP91347,
19129,,,4.100881,68.679965,5.996,1.543,hip2,HIP19129,
107423,,,21.758001,-71.008821,5.996,-0.099,hip2,HIP107423,
30545,,,6.421224,-0.945353,5.996,0.564,hip2,HIP30545,
71759,,,14.678433,13.534362,5.996,0.238,hip2,HIP71759,
4346,,,0.928446,-7.347040,5.996,1.520,hip2,HIP4346,
16664,,,3.574062,24.464476,5.996,0.123,hip2,HIP16664,
27713,,,5.868814,-9.041979,5.996,0.100,hip2,HIP27713,
12821,,,2.747131,67.824709,5.997,0.136,hip2,HIP12821,
3299,,,0.700954,66.147613,5.997,1.042,hip2,HIP3299,
67292,,,13.790996,-50.249321,5.997,0.279,hip2,HIP67292,
116714,,,23.652822,75.292849,5.997,0.124,hip2,HIP116714,
23148,,,4.980830,-82.470523,5.997,0.932,hip2,HIP23148,
98416,,,19.996525,-9.957286,5.997,0.598,hip2,HIP98416,
15334,,,3.296038,39.283414,5.997,0.056,hip2,HIP15334,
71115,,,14.542395,22.259961,5.997,0.391,hip2,HIP71115,
93574,,,19.058245,-68.755533,5.997,0.553,hip2,HIP93574,
31852,,,6.659201,28.263158,5.997,-0.087,hip2,HIP31852,
15305,,,3.290723,-47.751738,5.998,1.228,hip2,HIP15305,
29379,,,6.192307,24.420379,5.998,1.110,hip2,HIP29379,
18606,,,3.981228,-5.469524,5.998,1.001,hip2,HIP18606,
93855,,,19.114477,-16.229236,5.998,-0.025,hip2,HIP93855,
77052,,,15.733846,2.515525,5.998,0.684,hip2,HIP77052,
101843,,,20.638501,-81.288970,5.998,1.692,hip2,HIP101843,
20075,,,4.304465,-20.715306,5.999,1.597,hip2,HIP20075,
10035,,,2.152592,-43.516471,5.999,1.197,hip2,HIP10035,
24162,,,5.188647,-2.490786,5.999,0.462,hip2,HIP24162,
59517,,,12.206107,-62.950773,5.999,0.252,hip2,HIP59517,
69493,,,14.227964,-0.845124,6.000,0.489,hip2,HIP69493,
95038,,,19.337779,57.645118,6.000,1.626,hip2,HIP95038,
